backend,chunk_shape,codec,comparison_group,dataset,higher_bytes_s,higher_shards,lower_bytes_s,lower_shards,paired_ratio,raw_chunk_bytes,round,run_ids,source_file,source_records
cpu,"[4,64,128]",blosc-lz4,microscopy-shards-20260914|bbbc022-mito|cpu|fast-compression|fs|sample,bbbc022-mito,1689178161.2337444,15,1681511610.762105,4,1.00455932056762,65536,1,"[""execution-0038"",""execution-0037""]",/mnt/main0/home/nclack/tmp/2026-09-07-chucky-microscopy-pr/worktree/build-microscopy-shards-20260914/run-3684715/study.json,"[""/records/37"",""/records/36""]"
cpu,"[4,64,128]",blosc-lz4,microscopy-shards-20260914|bbbc022-mito|cpu|fast-compression|fs|sample,bbbc022-mito,1699521406.429804,15,1686280459.1584296,4,1.007852161957675,65536,2,"[""execution-0055"",""execution-0056""]",/mnt/main0/home/nclack/tmp/2026-09-07-chucky-microscopy-pr/worktree/build-microscopy-shards-20260914/run-3684715/study.json,"[""/records/54"",""/records/55""]"
cpu,"[4,64,128]",blosc-lz4,microscopy-shards-20260914|bbbc022-mito|cpu|fast-compression|fs|sample,bbbc022-mito,1698127345.1980214,15,1677509605.1308937,4,1.0122906837636372,65536,3,"[""execution-0083"",""execution-0084""]",/mnt/main0/home/nclack/tmp/2026-09-07-chucky-microscopy-pr/worktree/build-microscopy-shards-20260914/run-3684715/study.json,"[""/records/82"",""/records/83""]"
cpu,"[4,64,128]",blosc-lz4,microscopy-shards-20260914|bbbc022-mito|cpu|fast-compression|fs|sample,bbbc022-mito,1679519928.5601158,15,1680464052.6601748,4,0.9994381765569074,65536,4,"[""execution-0102"",""execution-0101""]",/mnt/main0/home/nclack/tmp/2026-09-07-chucky-microscopy-pr/worktree/build-microscopy-shards-20260914/run-3684715/study.json,"[""/records/101"",""/records/100""]"
cpu,"[4,64,128]",blosc-lz4,microscopy-shards-20260914|bbbc022-mito|cpu|fast-compression|fs|sample,bbbc022-mito,1678863117.2356615,15,1678384856.340522,4,1.0002849530567037,65536,5,"[""execution-0156"",""execution-0155""]",/mnt/main0/home/nclack/tmp/2026-09-07-chucky-microscopy-pr/worktree/build-microscopy-shards-20260914/run-3684715/study.json,"[""/records/155"",""/records/154""]"
cpu,"[4,64,128]",blosc-lz4,microscopy-shards-20260914|bbbc022-mito|cpu|fast-compression|fs|sample,bbbc022-mito,1683916835.1380765,15,1694580843.9523146,4,0.9937069931763385,65536,6,"[""execution-0191"",""execution-0192""]",/mnt/main0/home/nclack/tmp/2026-09-07-chucky-microscopy-pr/worktree/build-microscopy-shards-20260914/run-3684715/study.json,"[""/records/190"",""/records/191""]"
cpu,"[4,64,128]",blosc-lz4,microscopy-shards-20260914|bbbc022-mito|cpu|fast-compression|fs|sample,bbbc022-mito,1700478296.1532207,15,1684062715.1221478,4,1.009747606715396,65536,7,"[""execution-0215"",""execution-0216""]",/mnt/main0/home/nclack/tmp/2026-09-07-chucky-microscopy-pr/worktree/build-microscopy-shards-20260914/run-3684715/study.json,"[""/records/214"",""/records/215""]"
cpu,"[4,64,128]",blosc-lz4,microscopy-shards-20260914|bbbc022-mito|cpu|fast-compression|fs|sample,bbbc022-mito,1682000017.7448444,15,1687128646.3850052,4,0.9969601437026454,65536,8,"[""execution-0228"",""execution-0227""]",/mnt/main0/home/nclack/tmp/2026-09-07-chucky-microscopy-pr/worktree/build-microscopy-shards-20260914/run-3684715/study.json,"[""/records/227"",""/records/226""]"
cpu,"[4,128,256]",blosc-zstd,microscopy-shards-20260914|bbbc022-mito|cpu|smaller-output|fs|sample,bbbc022-mito,568185750.4368294,15,553820945.5332574,4,1.0259376338497646,262144,1,"[""execution-0025"",""execution-0026""]",/mnt/main0/home/nclack/tmp/2026-09-07-chucky-microscopy-pr/worktree/build-microscopy-shards-20260914/run-3684715/study.json,"[""/records/24"",""/records/25""]"
cpu,"[4,128,256]",blosc-zstd,microscopy-shards-20260914|bbbc022-mito|cpu|smaller-output|fs|sample,bbbc022-mito,576058410.253344,15,556499417.3491,4,1.0351464750806278,262144,2,"[""execution-0041"",""execution-0042""]",/mnt/main0/home/nclack/tmp/2026-09-07-chucky-microscopy-pr/worktree/build-microscopy-shards-20260914/run-3684715/study.json,"[""/records/40"",""/records/41""]"
cpu,"[4,128,256]",blosc-zstd,microscopy-shards-20260914|bbbc022-mito|cpu|smaller-output|fs|sample,bbbc022-mito,569791544.2297429,15,555244277.2631212,4,1.0261997602898802,262144,3,"[""execution-0075"",""execution-0076""]",/mnt/main0/home/nclack/tmp/2026-09-07-chucky-microscopy-pr/worktree/build-microscopy-shards-20260914/run-3684715/study.json,"[""/records/74"",""/records/75""]"
cpu,"[4,128,256]",blosc-zstd,microscopy-shards-20260914|bbbc022-mito|cpu|smaller-output|fs|sample,bbbc022-mito,577699059.6066687,15,555474639.8361678,4,1.0400097829435666,262144,4,"[""execution-0089"",""execution-0090""]",/mnt/main0/home/nclack/tmp/2026-09-07-chucky-microscopy-pr/worktree/build-microscopy-shards-20260914/run-3684715/study.json,"[""/records/88"",""/records/89""]"
cpu,"[4,128,256]",blosc-zstd,microscopy-shards-20260914|bbbc022-mito|cpu|smaller-output|fs|sample,bbbc022-mito,569683569.4716425,15,558567061.4206036,4,1.019901832418772,262144,5,"[""execution-0159"",""execution-0160""]",/mnt/main0/home/nclack/tmp/2026-09-07-chucky-microscopy-pr/worktree/build-microscopy-shards-20260914/run-3684715/study.json,"[""/records/158"",""/records/159""]"
cpu,"[4,128,256]",blosc-zstd,microscopy-shards-20260914|bbbc022-mito|cpu|smaller-output|fs|sample,bbbc022-mito,566738943.6674846,15,558575822.3994718,4,1.0146141686422205,262144,6,"[""execution-0183"",""execution-0184""]",/mnt/main0/home/nclack/tmp/2026-09-07-chucky-microscopy-pr/worktree/build-microscopy-shards-20260914/run-3684715/study.json,"[""/records/182"",""/records/183""]"
cpu,"[4,128,256]",blosc-zstd,microscopy-shards-20260914|bbbc022-mito|cpu|smaller-output|fs|sample,bbbc022-mito,571869086.2906244,15,560766644.403031,4,1.019798684530198,262144,7,"[""execution-0202"",""execution-0201""]",/mnt/main0/home/nclack/tmp/2026-09-07-chucky-microscopy-pr/worktree/build-microscopy-shards-20260914/run-3684715/study.json,"[""/records/201"",""/records/200""]"
cpu,"[4,128,256]",blosc-zstd,microscopy-shards-20260914|bbbc022-mito|cpu|smaller-output|fs|sample,bbbc022-mito,571558406.0132202,15,553766625.2742523,4,1.0321286620156218,262144,8,"[""execution-0221"",""execution-0222""]",/mnt/main0/home/nclack/tmp/2026-09-07-chucky-microscopy-pr/worktree/build-microscopy-shards-20260914/run-3684715/study.json,"[""/records/220"",""/records/221""]"
cpu,"[4,128,256]",none,microscopy-shards-20260914|bbbc022-mito|cpu|uncompressed|fs|sample,bbbc022-mito,2032182225.1824355,15,1726039760.7418628,4,1.1773669827333473,262144,1,"[""execution-0024"",""execution-0023""]",/mnt/main0/home/nclack/tmp/2026-09-07-chucky-microscopy-pr/worktree/build-microscopy-shards-20260914/run-3684715/study.json,"[""/records/23"",""/records/22""]"
cpu,"[4,128,256]",none,microscopy-shards-20260914|bbbc022-mito|cpu|uncompressed|fs|sample,bbbc022-mito,2043614808.812207,15,1752368861.7357771,4,1.166201279557057,262144,2,"[""execution-0045"",""execution-0046""]",/mnt/main0/home/nclack/tmp/2026-09-07-chucky-microscopy-pr/worktree/build-microscopy-shards-20260914/run-3684715/study.json,"[""/records/44"",""/records/45""]"
cpu,"[4,128,256]",none,microscopy-shards-20260914|bbbc022-mito|cpu|uncompressed|fs|sample,bbbc022-mito,2060850236.721658,15,1824316155.6263208,4,1.129656299082727,262144,3,"[""execution-0081"",""execution-0082""]",/mnt/main0/home/nclack/tmp/2026-09-07-chucky-microscopy-pr/worktree/build-microscopy-shards-20260914/run-3684715/study.json,"[""/records/80"",""/records/81""]"
cpu,"[4,128,256]",none,microscopy-shards-20260914|bbbc022-mito|cpu|uncompressed|fs|sample,bbbc022-mito,2031351807.5074246,15,1613199582.887532,4,1.2592067522553068,262144,4,"[""execution-0100"",""execution-0099""]",/mnt/main0/home/nclack/tmp/2026-09-07-chucky-microscopy-pr/worktree/build-microscopy-shards-20260914/run-3684715/study.json,"[""/records/99"",""/records/98""]"
cpu,"[4,128,256]",none,microscopy-shards-20260914|bbbc022-mito|cpu|uncompressed|fs|sample,bbbc022-mito,2056201711.589432,15,1872804923.8669734,4,1.0979262631068805,262144,5,"[""execution-0148"",""execution-0147""]",/mnt/main0/home/nclack/tmp/2026-09-07-chucky-microscopy-pr/worktree/build-microscopy-shards-20260914/run-3684715/study.json,"[""/records/147"",""/records/146""]"
cpu,"[4,128,256]",none,microscopy-shards-20260914|bbbc022-mito|cpu|uncompressed|fs|sample,bbbc022-mito,2067896960.9702854,15,1820301215.4227607,4,1.1360191068652454,262144,6,"[""execution-0170"",""execution-0169""]",/mnt/main0/home/nclack/tmp/2026-09-07-chucky-microscopy-pr/worktree/build-microscopy-shards-20260914/run-3684715/study.json,"[""/records/169"",""/records/168""]"
cpu,"[4,128,256]",none,microscopy-shards-20260914|bbbc022-mito|cpu|uncompressed|fs|sample,bbbc022-mito,2043432033.2233214,15,1891470849.332866,4,1.0803402198580292,262144,7,"[""execution-0203"",""execution-0204""]",/mnt/main0/home/nclack/tmp/2026-09-07-chucky-microscopy-pr/worktree/build-microscopy-shards-20260914/run-3684715/study.json,"[""/records/202"",""/records/203""]"
cpu,"[4,128,256]",none,microscopy-shards-20260914|bbbc022-mito|cpu|uncompressed|fs|sample,bbbc022-mito,2046776533.3310995,15,1895050459.2456882,4,1.080064397939992,262144,8,"[""execution-0220"",""execution-0219""]",/mnt/main0/home/nclack/tmp/2026-09-07-chucky-microscopy-pr/worktree/build-microscopy-shards-20260914/run-3684715/study.json,"[""/records/219"",""/records/218""]"
gpu,"[4,64,128]",blosc-lz4,microscopy-shards-20260914|bbbc022-mito|gpu|fast-compression|fs|sample,bbbc022-mito,5535059544.408531,15,3662737947.8977065,4,1.511180877022741,65536,1,"[""execution-0017"",""execution-0018""]",/mnt/main0/home/nclack/tmp/2026-09-07-chucky-microscopy-pr/worktree/build-microscopy-shards-20260914/run-3684715/study.json,"[""/records/16"",""/records/17""]"
gpu,"[4,64,128]",blosc-lz4,microscopy-shards-20260914|bbbc022-mito|gpu|fast-compression|fs|sample,bbbc022-mito,6593162484.641557,15,3620819374.1852336,4,1.820903448442569,65536,2,"[""execution-0051"",""execution-0052""]",/mnt/main0/home/nclack/tmp/2026-09-07-chucky-microscopy-pr/worktree/build-microscopy-shards-20260914/run-3684715/study.json,"[""/records/50"",""/records/51""]"
gpu,"[4,64,128]",blosc-lz4,microscopy-shards-20260914|bbbc022-mito|gpu|fast-compression|fs|sample,bbbc022-mito,5519112946.715783,15,4435784493.084006,4,1.2442247713613757,65536,3,"[""execution-0072"",""execution-0071""]",/mnt/main0/home/nclack/tmp/2026-09-07-chucky-microscopy-pr/worktree/build-microscopy-shards-20260914/run-3684715/study.json,"[""/records/71"",""/records/70""]"
gpu,"[4,64,128]",blosc-lz4,microscopy-shards-20260914|bbbc022-mito|gpu|fast-compression|fs|sample,bbbc022-mito,5392500617.09318,15,3537340749.3479834,4,1.5244504273689625,65536,4,"[""execution-0110"",""execution-0109""]",/mnt/main0/home/nclack/tmp/2026-09-07-chucky-microscopy-pr/worktree/build-microscopy-shards-20260914/run-3684715/study.json,"[""/records/109"",""/records/108""]"
gpu,"[4,64,128]",blosc-lz4,microscopy-shards-20260914|bbbc022-mito|gpu|fast-compression|fs|sample,bbbc022-mito,6447358653.582482,15,3415478547.750859,4,1.8876882297586555,65536,5,"[""execution-0153"",""execution-0154""]",/mnt/main0/home/nclack/tmp/2026-09-07-chucky-microscopy-pr/worktree/build-microscopy-shards-20260914/run-3684715/study.json,"[""/records/152"",""/records/153""]"
gpu,"[4,64,128]",blosc-lz4,microscopy-shards-20260914|bbbc022-mito|gpu|fast-compression|fs|sample,bbbc022-mito,4743672124.121895,15,3554469813.3327947,4,1.334565314446731,65536,6,"[""execution-0185"",""execution-0186""]",/mnt/main0/home/nclack/tmp/2026-09-07-chucky-microscopy-pr/worktree/build-microscopy-shards-20260914/run-3684715/study.json,"[""/records/184"",""/records/185""]"
gpu,"[4,64,128]",blosc-lz4,microscopy-shards-20260914|bbbc022-mito|gpu|fast-compression|fs|sample,bbbc022-mito,5660159233.398107,15,3398880281.961843,4,1.6653011473917072,65536,7,"[""execution-0206"",""execution-0205""]",/mnt/main0/home/nclack/tmp/2026-09-07-chucky-microscopy-pr/worktree/build-microscopy-shards-20260914/run-3684715/study.json,"[""/records/205"",""/records/204""]"
gpu,"[4,64,128]",blosc-lz4,microscopy-shards-20260914|bbbc022-mito|gpu|fast-compression|fs|sample,bbbc022-mito,6379253645.476485,15,4581601819.132849,4,1.3923631728179895,65536,8,"[""execution-0237"",""execution-0238""]",/mnt/main0/home/nclack/tmp/2026-09-07-chucky-microscopy-pr/worktree/build-microscopy-shards-20260914/run-3684715/study.json,"[""/records/236"",""/records/237""]"
gpu,"[4,128,256]",blosc-zstd,microscopy-shards-20260914|bbbc022-mito|gpu|smaller-output|fs|sample,bbbc022-mito,2917322161.7906227,15,2945010424.4239063,4,0.9905982463071586,262144,1,"[""execution-0035"",""execution-0036""]",/mnt/main0/home/nclack/tmp/2026-09-07-chucky-microscopy-pr/worktree/build-microscopy-shards-20260914/run-3684715/study.json,"[""/records/34"",""/records/35""]"
gpu,"[4,128,256]",blosc-zstd,microscopy-shards-20260914|bbbc022-mito|gpu|smaller-output|fs|sample,bbbc022-mito,2936571932.9374766,15,2924016872.5564003,4,1.0042937715233153,262144,2,"[""execution-0053"",""execution-0054""]",/mnt/main0/home/nclack/tmp/2026-09-07-chucky-microscopy-pr/worktree/build-microscopy-shards-20260914/run-3684715/study.json,"[""/records/52"",""/records/53""]"
gpu,"[4,128,256]",blosc-zstd,microscopy-shards-20260914|bbbc022-mito|gpu|smaller-output|fs|sample,bbbc022-mito,2957072417.879319,15,2838772916.118039,4,1.0416727597651778,262144,3,"[""execution-0085"",""execution-0086""]",/mnt/main0/home/nclack/tmp/2026-09-07-chucky-microscopy-pr/worktree/build-microscopy-shards-20260914/run-3684715/study.json,"[""/records/84"",""/records/85""]"
gpu,"[4,128,256]",blosc-zstd,microscopy-shards-20260914|bbbc022-mito|gpu|smaller-output|fs|sample,bbbc022-mito,2933083353.460834,15,2867229706.444485,4,1.0229676913811034,262144,4,"[""execution-0104"",""execution-0103""]",/mnt/main0/home/nclack/tmp/2026-09-07-chucky-microscopy-pr/worktree/build-microscopy-shards-20260914/run-3684715/study.json,"[""/records/103"",""/records/102""]"
gpu,"[4,128,256]",blosc-zstd,microscopy-shards-20260914|bbbc022-mito|gpu|smaller-output|fs|sample,bbbc022-mito,2955552751.0607886,15,2911568229.4344816,4,1.01510681466491,262144,5,"[""execution-0168"",""execution-0167""]",/mnt/main0/home/nclack/tmp/2026-09-07-chucky-microscopy-pr/worktree/build-microscopy-shards-20260914/run-3684715/study.json,"[""/records/167"",""/records/166""]"
gpu,"[4,128,256]",blosc-zstd,microscopy-shards-20260914|bbbc022-mito|gpu|smaller-output|fs|sample,bbbc022-mito,2954690281.6111217,15,2758084022.660829,4,1.0712836365154021,262144,6,"[""execution-0190"",""execution-0189""]",/mnt/main0/home/nclack/tmp/2026-09-07-chucky-microscopy-pr/worktree/build-microscopy-shards-20260914/run-3684715/study.json,"[""/records/189"",""/records/188""]"
gpu,"[4,128,256]",blosc-zstd,microscopy-shards-20260914|bbbc022-mito|gpu|smaller-output|fs|sample,bbbc022-mito,2919111022.1443763,15,2786936971.33661,4,1.0474262791613749,262144,7,"[""execution-0197"",""execution-0198""]",/mnt/main0/home/nclack/tmp/2026-09-07-chucky-microscopy-pr/worktree/build-microscopy-shards-20260914/run-3684715/study.json,"[""/records/196"",""/records/197""]"
gpu,"[4,128,256]",blosc-zstd,microscopy-shards-20260914|bbbc022-mito|gpu|smaller-output|fs|sample,bbbc022-mito,2960891137.979303,15,2924532599.656939,4,1.0124322561241508,262144,8,"[""execution-0223"",""execution-0224""]",/mnt/main0/home/nclack/tmp/2026-09-07-chucky-microscopy-pr/worktree/build-microscopy-shards-20260914/run-3684715/study.json,"[""/records/222"",""/records/223""]"
gpu,"[4,128,256]",none,microscopy-shards-20260914|bbbc022-mito|gpu|uncompressed|fs|sample,bbbc022-mito,3374066385.6777954,15,1865421878.4268878,4,1.8087417246993742,262144,1,"[""execution-0032"",""execution-0031""]",/mnt/main0/home/nclack/tmp/2026-09-07-chucky-microscopy-pr/worktree/build-microscopy-shards-20260914/run-3684715/study.json,"[""/records/31"",""/records/30""]"
gpu,"[4,128,256]",none,microscopy-shards-20260914|bbbc022-mito|gpu|uncompressed|fs|sample,bbbc022-mito,4150426614.5634036,15,1928254673.5376205,4,2.1524265811574232,262144,2,"[""execution-0044"",""execution-0043""]",/mnt/main0/home/nclack/tmp/2026-09-07-chucky-microscopy-pr/worktree/build-microscopy-shards-20260914/run-3684715/study.json,"[""/records/43"",""/records/42""]"
gpu,"[4,128,256]",none,microscopy-shards-20260914|bbbc022-mito|gpu|uncompressed|fs|sample,bbbc022-mito,3561790285.6440034,15,1979783460.728083,4,1.7990807359983316,262144,3,"[""execution-0066"",""execution-0065""]",/mnt/main0/home/nclack/tmp/2026-09-07-chucky-microscopy-pr/worktree/build-microscopy-shards-20260914/run-3684715/study.json,"[""/records/65"",""/records/64""]"
gpu,"[4,128,256]",none,microscopy-shards-20260914|bbbc022-mito|gpu|uncompressed|fs|sample,bbbc022-mito,4175304513.058721,15,1724095175.3635485,4,2.4217366725002885,262144,4,"[""execution-0108"",""execution-0107""]",/mnt/main0/home/nclack/tmp/2026-09-07-chucky-microscopy-pr/worktree/build-microscopy-shards-20260914/run-3684715/study.json,"[""/records/107"",""/records/106""]"
gpu,"[4,128,256]",none,microscopy-shards-20260914|bbbc022-mito|gpu|uncompressed|fs|sample,bbbc022-mito,3163155500.8884797,15,1693889531.9941988,4,1.8673918464827686,262144,5,"[""execution-0162"",""execution-0161""]",/mnt/main0/home/nclack/tmp/2026-09-07-chucky-microscopy-pr/worktree/build-microscopy-shards-20260914/run-3684715/study.json,"[""/records/161"",""/records/160""]"
gpu,"[4,128,256]",none,microscopy-shards-20260914|bbbc022-mito|gpu|uncompressed|fs|sample,bbbc022-mito,3116792642.438744,15,1661897642.2300887,4,1.8754420027074243,262144,6,"[""execution-0177"",""execution-0178""]",/mnt/main0/home/nclack/tmp/2026-09-07-chucky-microscopy-pr/worktree/build-microscopy-shards-20260914/run-3684715/study.json,"[""/records/176"",""/records/177""]"
gpu,"[4,128,256]",none,microscopy-shards-20260914|bbbc022-mito|gpu|uncompressed|fs|sample,bbbc022-mito,4200795885.2299013,15,2078260269.68392,4,2.0213040428611935,262144,7,"[""execution-0214"",""execution-0213""]",/mnt/main0/home/nclack/tmp/2026-09-07-chucky-microscopy-pr/worktree/build-microscopy-shards-20260914/run-3684715/study.json,"[""/records/213"",""/records/212""]"
gpu,"[4,128,256]",none,microscopy-shards-20260914|bbbc022-mito|gpu|uncompressed|fs|sample,bbbc022-mito,4404085920.110518,15,2207802439.0317364,4,1.9947826138112221,262144,8,"[""execution-0239"",""execution-0240""]",/mnt/main0/home/nclack/tmp/2026-09-07-chucky-microscopy-pr/worktree/build-microscopy-shards-20260914/run-3684715/study.json,"[""/records/238"",""/records/239""]"
cpu,"[1,128,128]",blosc-lz4,microscopy-shards-20260914|cosem-cos7-em|cpu|fast-compression|fs|sample,cosem-cos7-em,1374553299.859241,16,1369433789.2082877,4,1.003738414146998,16384,1,"[""execution-0033"",""execution-0034""]",/mnt/main0/home/nclack/tmp/2026-09-07-chucky-microscopy-pr/worktree/build-microscopy-shards-20260914/run-3684715/study.json,"[""/records/32"",""/records/33""]"
cpu,"[1,128,128]",blosc-lz4,microscopy-shards-20260914|cosem-cos7-em|cpu|fast-compression|fs|sample,cosem-cos7-em,1402371446.6112027,16,1365236371.4629815,4,1.0272004730641826,16384,2,"[""execution-0060"",""execution-0059""]",/mnt/main0/home/nclack/tmp/2026-09-07-chucky-microscopy-pr/worktree/build-microscopy-shards-20260914/run-3684715/study.json,"[""/records/59"",""/records/58""]"
cpu,"[1,128,128]",blosc-lz4,microscopy-shards-20260914|cosem-cos7-em|cpu|fast-compression|fs|sample,cosem-cos7-em,1387508974.0654821,16,1362408535.347785,4,1.0184235771183638,16384,3,"[""execution-0078"",""execution-0077""]",/mnt/main0/home/nclack/tmp/2026-09-07-chucky-microscopy-pr/worktree/build-microscopy-shards-20260914/run-3684715/study.json,"[""/records/77"",""/records/76""]"
cpu,"[1,128,128]",blosc-lz4,microscopy-shards-20260914|cosem-cos7-em|cpu|fast-compression|fs|sample,cosem-cos7-em,1351881551.8083608,16,1364826896.3958228,4,0.9905150282269147,16384,4,"[""execution-0111"",""execution-0112""]",/mnt/main0/home/nclack/tmp/2026-09-07-chucky-microscopy-pr/worktree/build-microscopy-shards-20260914/run-3684715/study.json,"[""/records/110"",""/records/111""]"
cpu,"[1,128,128]",blosc-lz4,microscopy-shards-20260914|cosem-cos7-em|cpu|fast-compression|fs|sample,cosem-cos7-em,1369873127.232318,16,1366169357.733705,4,1.0027110617564698,16384,5,"[""execution-0149"",""execution-0150""]",/mnt/main0/home/nclack/tmp/2026-09-07-chucky-microscopy-pr/worktree/build-microscopy-shards-20260914/run-3684715/study.json,"[""/records/148"",""/records/149""]"
cpu,"[1,128,128]",blosc-lz4,microscopy-shards-20260914|cosem-cos7-em|cpu|fast-compression|fs|sample,cosem-cos7-em,1374953802.8705063,16,1370899524.41511,4,1.0029573855583078,16384,6,"[""execution-0175"",""execution-0176""]",/mnt/main0/home/nclack/tmp/2026-09-07-chucky-microscopy-pr/worktree/build-microscopy-shards-20260914/run-3684715/study.json,"[""/records/174"",""/records/175""]"
cpu,"[1,128,128]",blosc-lz4,microscopy-shards-20260914|cosem-cos7-em|cpu|fast-compression|fs|sample,cosem-cos7-em,1376645620.2806742,16,1370005943.8266122,4,1.0048464581369017,16384,7,"[""execution-0200"",""execution-0199""]",/mnt/main0/home/nclack/tmp/2026-09-07-chucky-microscopy-pr/worktree/build-microscopy-shards-20260914/run-3684715/study.json,"[""/records/199"",""/records/198""]"
cpu,"[1,128,128]",blosc-lz4,microscopy-shards-20260914|cosem-cos7-em|cpu|fast-compression|fs|sample,cosem-cos7-em,1350400202.6205254,16,1381151024.3009195,4,0.9777353662710717,16384,8,"[""execution-0236"",""execution-0235""]",/mnt/main0/home/nclack/tmp/2026-09-07-chucky-microscopy-pr/worktree/build-microscopy-shards-20260914/run-3684715/study.json,"[""/records/235"",""/records/234""]"
cpu,"[4,256,256]",zstd,microscopy-shards-20260914|cosem-cos7-em|cpu|smaller-output|fs|sample,cosem-cos7-em,1166303419.0862687,16,1172340418.7084947,4,0.9948504721615956,262144,1,"[""execution-0022"",""execution-0021""]",/mnt/main0/home/nclack/tmp/2026-09-07-chucky-microscopy-pr/worktree/build-microscopy-shards-20260914/run-3684715/study.json,"[""/records/21"",""/records/20""]"
cpu,"[4,256,256]",zstd,microscopy-shards-20260914|cosem-cos7-em|cpu|smaller-output|fs|sample,cosem-cos7-em,1203085153.4430938,16,1171265239.66382,4,1.0271671289317925,262144,2,"[""execution-0048"",""execution-0047""]",/mnt/main0/home/nclack/tmp/2026-09-07-chucky-microscopy-pr/worktree/build-microscopy-shards-20260914/run-3684715/study.json,"[""/records/47"",""/records/46""]"
cpu,"[4,256,256]",zstd,microscopy-shards-20260914|cosem-cos7-em|cpu|smaller-output|fs|sample,cosem-cos7-em,1197815116.578479,16,1162893771.8757327,4,1.0300296944977345,262144,3,"[""execution-0073"",""execution-0074""]",/mnt/main0/home/nclack/tmp/2026-09-07-chucky-microscopy-pr/worktree/build-microscopy-shards-20260914/run-3684715/study.json,"[""/records/72"",""/records/73""]"
cpu,"[4,256,256]",zstd,microscopy-shards-20260914|cosem-cos7-em|cpu|smaller-output|fs|sample,cosem-cos7-em,1190185219.2233446,16,1189875133.0439074,4,1.000260603966606,262144,4,"[""execution-0094"",""execution-0093""]",/mnt/main0/home/nclack/tmp/2026-09-07-chucky-microscopy-pr/worktree/build-microscopy-shards-20260914/run-3684715/study.json,"[""/records/93"",""/records/92""]"
cpu,"[4,256,256]",zstd,microscopy-shards-20260914|cosem-cos7-em|cpu|smaller-output|fs|sample,cosem-cos7-em,1156749699.516928,16,1178758848.431789,4,0.9813285398076614,262144,5,"[""execution-0164"",""execution-0163""]",/mnt/main0/home/nclack/tmp/2026-09-07-chucky-microscopy-pr/worktree/build-microscopy-shards-20260914/run-3684715/study.json,"[""/records/163"",""/records/162""]"
cpu,"[4,256,256]",zstd,microscopy-shards-20260914|cosem-cos7-em|cpu|smaller-output|fs|sample,cosem-cos7-em,1206453225.120543,16,1146058432.884337,4,1.0526978297993128,262144,6,"[""execution-0180"",""execution-0179""]",/mnt/main0/home/nclack/tmp/2026-09-07-chucky-microscopy-pr/worktree/build-microscopy-shards-20260914/run-3684715/study.json,"[""/records/179"",""/records/178""]"
cpu,"[4,256,256]",zstd,microscopy-shards-20260914|cosem-cos7-em|cpu|smaller-output|fs|sample,cosem-cos7-em,1207358056.0763571,16,1168368862.5031946,4,1.0333706202077564,262144,7,"[""execution-0212"",""execution-0211""]",/mnt/main0/home/nclack/tmp/2026-09-07-chucky-microscopy-pr/worktree/build-microscopy-shards-20260914/run-3684715/study.json,"[""/records/211"",""/records/210""]"
cpu,"[4,256,256]",zstd,microscopy-shards-20260914|cosem-cos7-em|cpu|smaller-output|fs|sample,cosem-cos7-em,1190352645.983854,16,1172853531.024888,4,1.014920119602381,262144,8,"[""execution-0234"",""execution-0233""]",/mnt/main0/home/nclack/tmp/2026-09-07-chucky-microscopy-pr/worktree/build-microscopy-shards-20260914/run-3684715/study.json,"[""/records/233"",""/records/232""]"
cpu,"[4,256,256]",none,microscopy-shards-20260914|cosem-cos7-em|cpu|uncompressed|fs|sample,cosem-cos7-em,1767626319.028057,16,1730079566.3376024,4,1.0217023271189414,262144,1,"[""execution-0020"",""execution-0019""]",/mnt/main0/home/nclack/tmp/2026-09-07-chucky-microscopy-pr/worktree/build-microscopy-shards-20260914/run-3684715/study.json,"[""/records/19"",""/records/18""]"
cpu,"[4,256,256]",none,microscopy-shards-20260914|cosem-cos7-em|cpu|uncompressed|fs|sample,cosem-cos7-em,1790330429.5471413,16,1735753816.4736018,4,1.0314426000712582,262144,2,"[""execution-0050"",""execution-0049""]",/mnt/main0/home/nclack/tmp/2026-09-07-chucky-microscopy-pr/worktree/build-microscopy-shards-20260914/run-3684715/study.json,"[""/records/49"",""/records/48""]"
cpu,"[4,256,256]",none,microscopy-shards-20260914|cosem-cos7-em|cpu|uncompressed|fs|sample,cosem-cos7-em,1774876565.5024626,16,1770665246.997339,4,1.0023783820867693,262144,3,"[""execution-0070"",""execution-0069""]",/mnt/main0/home/nclack/tmp/2026-09-07-chucky-microscopy-pr/worktree/build-microscopy-shards-20260914/run-3684715/study.json,"[""/records/69"",""/records/68""]"
cpu,"[4,256,256]",none,microscopy-shards-20260914|cosem-cos7-em|cpu|uncompressed|fs|sample,cosem-cos7-em,1788493379.4741852,16,1766984323.846473,4,1.0121727484151586,262144,4,"[""execution-0106"",""execution-0105""]",/mnt/main0/home/nclack/tmp/2026-09-07-chucky-microscopy-pr/worktree/build-microscopy-shards-20260914/run-3684715/study.json,"[""/records/105"",""/records/104""]"
cpu,"[4,256,256]",none,microscopy-shards-20260914|cosem-cos7-em|cpu|uncompressed|fs|sample,cosem-cos7-em,1822729801.6503034,16,1764853959.6200628,4,1.0327935587614854,262144,5,"[""execution-0166"",""execution-0165""]",/mnt/main0/home/nclack/tmp/2026-09-07-chucky-microscopy-pr/worktree/build-microscopy-shards-20260914/run-3684715/study.json,"[""/records/165"",""/records/164""]"
cpu,"[4,256,256]",none,microscopy-shards-20260914|cosem-cos7-em|cpu|uncompressed|fs|sample,cosem-cos7-em,1733143461.0698047,16,1687793382.620498,4,1.0268694491377228,262144,6,"[""execution-0182"",""execution-0181""]",/mnt/main0/home/nclack/tmp/2026-09-07-chucky-microscopy-pr/worktree/build-microscopy-shards-20260914/run-3684715/study.json,"[""/records/181"",""/records/180""]"
cpu,"[4,256,256]",none,microscopy-shards-20260914|cosem-cos7-em|cpu|uncompressed|fs|sample,cosem-cos7-em,1882729822.8244975,16,1749670651.695299,4,1.0760481242571418,262144,7,"[""execution-0193"",""execution-0194""]",/mnt/main0/home/nclack/tmp/2026-09-07-chucky-microscopy-pr/worktree/build-microscopy-shards-20260914/run-3684715/study.json,"[""/records/192"",""/records/193""]"
cpu,"[4,256,256]",none,microscopy-shards-20260914|cosem-cos7-em|cpu|uncompressed|fs|sample,cosem-cos7-em,1797179896.2358205,16,1775155596.354552,4,1.0124069686772796,262144,8,"[""execution-0232"",""execution-0231""]",/mnt/main0/home/nclack/tmp/2026-09-07-chucky-microscopy-pr/worktree/build-microscopy-shards-20260914/run-3684715/study.json,"[""/records/231"",""/records/230""]"
gpu,"[1,128,128]",blosc-lz4,microscopy-shards-20260914|cosem-cos7-em|gpu|fast-compression|fs|sample,cosem-cos7-em,5260332355.304004,16,3484220077.193117,4,1.5097589241669602,16384,1,"[""execution-0029"",""execution-0030""]",/mnt/main0/home/nclack/tmp/2026-09-07-chucky-microscopy-pr/worktree/build-microscopy-shards-20260914/run-3684715/study.json,"[""/records/28"",""/records/29""]"
gpu,"[1,128,128]",blosc-lz4,microscopy-shards-20260914|cosem-cos7-em|gpu|fast-compression|fs|sample,cosem-cos7-em,6040954762.396519,16,3600447481.5279474,4,1.6778344340223166,16384,2,"[""execution-0063"",""execution-0064""]",/mnt/main0/home/nclack/tmp/2026-09-07-chucky-microscopy-pr/worktree/build-microscopy-shards-20260914/run-3684715/study.json,"[""/records/62"",""/records/63""]"
gpu,"[1,128,128]",blosc-lz4,microscopy-shards-20260914|cosem-cos7-em|gpu|fast-compression|fs|sample,cosem-cos7-em,5017760649.591192,16,2637607815.227271,4,1.9023907271668565,16384,3,"[""execution-0079"",""execution-0080""]",/mnt/main0/home/nclack/tmp/2026-09-07-chucky-microscopy-pr/worktree/build-microscopy-shards-20260914/run-3684715/study.json,"[""/records/78"",""/records/79""]"
gpu,"[1,128,128]",blosc-lz4,microscopy-shards-20260914|cosem-cos7-em|gpu|fast-compression|fs|sample,cosem-cos7-em,4364510160.593768,16,2886343319.5264916,4,1.5121244001249898,16384,4,"[""execution-0092"",""execution-0091""]",/mnt/main0/home/nclack/tmp/2026-09-07-chucky-microscopy-pr/worktree/build-microscopy-shards-20260914/run-3684715/study.json,"[""/records/91"",""/records/90""]"
gpu,"[1,128,128]",blosc-lz4,microscopy-shards-20260914|cosem-cos7-em|gpu|fast-compression|fs|sample,cosem-cos7-em,5128735166.445914,16,3211173796.3571124,4,1.5971527832794856,16384,5,"[""execution-0158"",""execution-0157""]",/mnt/main0/home/nclack/tmp/2026-09-07-chucky-microscopy-pr/worktree/build-microscopy-shards-20260914/run-3684715/study.json,"[""/records/157"",""/records/156""]"
gpu,"[1,128,128]",blosc-lz4,microscopy-shards-20260914|cosem-cos7-em|gpu|fast-compression|fs|sample,cosem-cos7-em,4619715473.602749,16,3301958188.4799066,4,1.399083577048408,16384,6,"[""execution-0188"",""execution-0187""]",/mnt/main0/home/nclack/tmp/2026-09-07-chucky-microscopy-pr/worktree/build-microscopy-shards-20260914/run-3684715/study.json,"[""/records/187"",""/records/186""]"
gpu,"[1,128,128]",blosc-lz4,microscopy-shards-20260914|cosem-cos7-em|gpu|fast-compression|fs|sample,cosem-cos7-em,4661865253.568988,16,3259596255.7685046,4,1.4301971433789964,16384,7,"[""execution-0208"",""execution-0207""]",/mnt/main0/home/nclack/tmp/2026-09-07-chucky-microscopy-pr/worktree/build-microscopy-shards-20260914/run-3684715/study.json,"[""/records/207"",""/records/206""]"
gpu,"[1,128,128]",blosc-lz4,microscopy-shards-20260914|cosem-cos7-em|gpu|fast-compression|fs|sample,cosem-cos7-em,5620109455.335146,16,3673088945.8596764,4,1.5300771471026207,16384,8,"[""execution-0218"",""execution-0217""]",/mnt/main0/home/nclack/tmp/2026-09-07-chucky-microscopy-pr/worktree/build-microscopy-shards-20260914/run-3684715/study.json,"[""/records/217"",""/records/216""]"
gpu,"[4,256,256]",zstd,microscopy-shards-20260914|cosem-cos7-em|gpu|smaller-output|fs|sample,cosem-cos7-em,4433060485.2139015,16,3572371806.7093563,4,1.2409291991634424,262144,1,"[""execution-0027"",""execution-0028""]",/mnt/main0/home/nclack/tmp/2026-09-07-chucky-microscopy-pr/worktree/build-microscopy-shards-20260914/run-3684715/study.json,"[""/records/26"",""/records/27""]"
gpu,"[4,256,256]",zstd,microscopy-shards-20260914|cosem-cos7-em|gpu|smaller-output|fs|sample,cosem-cos7-em,4616378416.852699,16,3227172024.943912,4,1.430471750861478,262144,2,"[""execution-0061"",""execution-0062""]",/mnt/main0/home/nclack/tmp/2026-09-07-chucky-microscopy-pr/worktree/build-microscopy-shards-20260914/run-3684715/study.json,"[""/records/60"",""/records/61""]"
gpu,"[4,256,256]",zstd,microscopy-shards-20260914|cosem-cos7-em|gpu|smaller-output|fs|sample,cosem-cos7-em,4204871306.8111587,16,3156537926.0814176,4,1.3321149326506465,262144,3,"[""execution-0088"",""execution-0087""]",/mnt/main0/home/nclack/tmp/2026-09-07-chucky-microscopy-pr/worktree/build-microscopy-shards-20260914/run-3684715/study.json,"[""/records/87"",""/records/86""]"
gpu,"[4,256,256]",zstd,microscopy-shards-20260914|cosem-cos7-em|gpu|smaller-output|fs|sample,cosem-cos7-em,4016858214.970653,16,3510386838.7459035,4,1.1442779384410204,262144,4,"[""execution-0096"",""execution-0095""]",/mnt/main0/home/nclack/tmp/2026-09-07-chucky-microscopy-pr/worktree/build-microscopy-shards-20260914/run-3684715/study.json,"[""/records/95"",""/records/94""]"
gpu,"[4,256,256]",zstd,microscopy-shards-20260914|cosem-cos7-em|gpu|smaller-output|fs|sample,cosem-cos7-em,4660882409.320077,16,4097453720.869041,4,1.1375070292024034,262144,5,"[""execution-0152"",""execution-0151""]",/mnt/main0/home/nclack/tmp/2026-09-07-chucky-microscopy-pr/worktree/build-microscopy-shards-20260914/run-3684715/study.json,"[""/records/151"",""/records/150""]"
gpu,"[4,256,256]",zstd,microscopy-shards-20260914|cosem-cos7-em|gpu|smaller-output|fs|sample,cosem-cos7-em,4549237872.862274,16,3917134083.920014,4,1.1613689435695016,262144,6,"[""execution-0174"",""execution-0173""]",/mnt/main0/home/nclack/tmp/2026-09-07-chucky-microscopy-pr/worktree/build-microscopy-shards-20260914/run-3684715/study.json,"[""/records/173"",""/records/172""]"
gpu,"[4,256,256]",zstd,microscopy-shards-20260914|cosem-cos7-em|gpu|smaller-output|fs|sample,cosem-cos7-em,4507412104.706548,16,3621549234.374463,4,1.2446088160071904,262144,7,"[""execution-0209"",""execution-0210""]",/mnt/main0/home/nclack/tmp/2026-09-07-chucky-microscopy-pr/worktree/build-microscopy-shards-20260914/run-3684715/study.json,"[""/records/208"",""/records/209""]"
gpu,"[4,256,256]",zstd,microscopy-shards-20260914|cosem-cos7-em|gpu|smaller-output|fs|sample,cosem-cos7-em,4598824581.522957,16,3178072909.810218,4,1.447048167877804,262144,8,"[""execution-0230"",""execution-0229""]",/mnt/main0/home/nclack/tmp/2026-09-07-chucky-microscopy-pr/worktree/build-microscopy-shards-20260914/run-3684715/study.json,"[""/records/229"",""/records/228""]"
gpu,"[4,256,256]",none,microscopy-shards-20260914|cosem-cos7-em|gpu|uncompressed|fs|sample,cosem-cos7-em,4399884562.880143,16,2528360365.785719,4,1.7402125988131543,262144,1,"[""execution-0040"",""execution-0039""]",/mnt/main0/home/nclack/tmp/2026-09-07-chucky-microscopy-pr/worktree/build-microscopy-shards-20260914/run-3684715/study.json,"[""/records/39"",""/records/38""]"
gpu,"[4,256,256]",none,microscopy-shards-20260914|cosem-cos7-em|gpu|uncompressed|fs|sample,cosem-cos7-em,5173788136.150477,16,3342529570.902364,4,1.5478660775927673,262144,2,"[""execution-0057"",""execution-0058""]",/mnt/main0/home/nclack/tmp/2026-09-07-chucky-microscopy-pr/worktree/build-microscopy-shards-20260914/run-3684715/study.json,"[""/records/56"",""/records/57""]"
gpu,"[4,256,256]",none,microscopy-shards-20260914|cosem-cos7-em|gpu|uncompressed|fs|sample,cosem-cos7-em,5106416971.288754,16,2713498082.5735636,4,1.8818575933710167,262144,3,"[""execution-0067"",""execution-0068""]",/mnt/main0/home/nclack/tmp/2026-09-07-chucky-microscopy-pr/worktree/build-microscopy-shards-20260914/run-3684715/study.json,"[""/records/66"",""/records/67""]"
gpu,"[4,256,256]",none,microscopy-shards-20260914|cosem-cos7-em|gpu|uncompressed|fs|sample,cosem-cos7-em,3695255556.8017178,16,2125289780.223054,4,1.7387066889362695,262144,4,"[""execution-0098"",""execution-0097""]",/mnt/main0/home/nclack/tmp/2026-09-07-chucky-microscopy-pr/worktree/build-microscopy-shards-20260914/run-3684715/study.json,"[""/records/97"",""/records/96""]"
gpu,"[4,256,256]",none,microscopy-shards-20260914|cosem-cos7-em|gpu|uncompressed|fs|sample,cosem-cos7-em,5747863212.109331,16,3699440083.8076663,4,1.553711664980749,262144,5,"[""execution-0146"",""execution-0145""]",/mnt/main0/home/nclack/tmp/2026-09-07-chucky-microscopy-pr/worktree/build-microscopy-shards-20260914/run-3684715/study.json,"[""/records/145"",""/records/144""]"
gpu,"[4,256,256]",none,microscopy-shards-20260914|cosem-cos7-em|gpu|uncompressed|fs|sample,cosem-cos7-em,4912461691.795156,16,3140374438.9962115,4,1.5642917069995557,262144,6,"[""execution-0172"",""execution-0171""]",/mnt/main0/home/nclack/tmp/2026-09-07-chucky-microscopy-pr/worktree/build-microscopy-shards-20260914/run-3684715/study.json,"[""/records/171"",""/records/170""]"
gpu,"[4,256,256]",none,microscopy-shards-20260914|cosem-cos7-em|gpu|uncompressed|fs|sample,cosem-cos7-em,4905735565.86261,16,2608855161.0454235,4,1.8804169886904636,262144,7,"[""execution-0195"",""execution-0196""]",/mnt/main0/home/nclack/tmp/2026-09-07-chucky-microscopy-pr/worktree/build-microscopy-shards-20260914/run-3684715/study.json,"[""/records/194"",""/records/195""]"
gpu,"[4,256,256]",none,microscopy-shards-20260914|cosem-cos7-em|gpu|uncompressed|fs|sample,cosem-cos7-em,5898651708.423529,16,2878644152.7203407,4,2.0491076338314542,262144,8,"[""execution-0225"",""execution-0226""]",/mnt/main0/home/nclack/tmp/2026-09-07-chucky-microscopy-pr/worktree/build-microscopy-shards-20260914/run-3684715/study.json,"[""/records/224"",""/records/225""]"
