achieved_request_depth,active_files_mean,active_files_peak,array_shape,available_files,backend,blosc_block_bytes,cache_policy,chunk_shape,codec,codec_level,comparison_group,concurrent_shards_target,config_id,content,dataset,date,destination,device_memory_bytes,device_memory_scope,distinct_files_touched,dtype,elapsed_s,exclusion_reason,failures,family,files_per_array,final_stored_bytes,fsync_requested,fsync_s,geometry_scope,host_memory_scope,host_peak_bytes,logical_input_bytes,machine,memory_budget_bytes,mount_evidence_source,mount_options,notes,order,p50_us,p99_us,parameter_definition,parameter_name,parameter_value,per_file_request_limit,phase,preallocation,raw_chunk_bytes,raw_shard_bytes,recorded_nconnect,repetition,request_bytes,request_depth,revision,role,run_id,setup_s,shard_byte_definition,shard_shape,shuffle,sink_write_bytes,source_file,source_read_decode_timed,source_record,status,storage_type,submitted_bytes,throughput_bytes_s,throughput_numerator,throughput_unit,throughput_value,timing_policy,tool,valid_for_summary,warmup_input_bytes,warmup_s,warmup_status,workers,workload,writer_layer_shards
1.0,,,,64,threads,,direct,,,,filesystem_controls|cpu-turin-gp-l-243-179|nfs|50331648|direct|0|1|64,,nfs-w1,synthetic,generated filesystem write buffers,2026-08-24,,,,,,17.9312,,0,filesystem_controls,,,false,0.0005,,,,,cpu-turin-gp-l-243-179,,/mnt/main0/home/nclack/tmp/2026-08-24-nfs/probe-cpu.log,,"Probe script calls this nconnect=16; per-job mount options were not saved, so recorded_nconnect is null. File and worker counts change in some controls.",25,51039.4,101900.4,in-flight request cap across available files; not a measured active-file count,configured_request_depth,1,1,probe-cpu.log,none,,,,,50331648,1,,sample,nfs-w1,0.1127,,,,,/mnt/main0/home/nclack/tmp/2026-08-24-nfs/probe-cpu.log,,line:25,pass,nfs,16106127360,898200000.0,reported written bytes,GB/s,0.8982,retained io-depth wall_s; setup_s and fsync_s are separately reported,chucky dev/io-depth,true,,,,1,filesystem_write_control,
1.992,,,,64,threads,,direct,,,,filesystem_controls|cpu-turin-gp-l-243-179|nfs|50331648|direct|0|1|64,,nfs-w2,synthetic,generated filesystem write buffers,2026-08-24,,,,,,9.6063,,0,filesystem_controls,,,false,0.0005,,,,,cpu-turin-gp-l-243-179,,/mnt/main0/home/nclack/tmp/2026-08-24-nfs/probe-cpu.log,,"Probe script calls this nconnect=16; per-job mount options were not saved, so recorded_nconnect is null. File and worker counts change in some controls.",27,53289.1,116258.6,in-flight request cap across available files; not a measured active-file count,configured_request_depth,2,1,probe-cpu.log,none,,,,,50331648,2,,sample,nfs-w2-r1,0.1492,,,,,/mnt/main0/home/nclack/tmp/2026-08-24-nfs/probe-cpu.log,,line:27,pass,nfs,16106127360,1676600000.0,reported written bytes,GB/s,1.6766,retained io-depth wall_s; setup_s and fsync_s are separately reported,chucky dev/io-depth,true,,,,2,filesystem_write_control,
3.97,,,,64,threads,,direct,,,,filesystem_controls|cpu-turin-gp-l-243-179|nfs|50331648|direct|0|1|64,,nfs-w4,synthetic,generated filesystem write buffers,2026-08-24,,,,,,5.8517,,0,filesystem_controls,,,false,0.0006,,,,,cpu-turin-gp-l-243-179,,/mnt/main0/home/nclack/tmp/2026-08-24-nfs/probe-cpu.log,,"Probe script calls this nconnect=16; per-job mount options were not saved, so recorded_nconnect is null. File and worker counts change in some controls.",29,61706.6,240070.5,in-flight request cap across available files; not a measured active-file count,configured_request_depth,4,1,probe-cpu.log,none,,,,,50331648,4,,sample,nfs-w4-r1,0.3021,,,,,/mnt/main0/home/nclack/tmp/2026-08-24-nfs/probe-cpu.log,,line:29,pass,nfs,16106127360,2752400000.0,reported written bytes,GB/s,2.7524,retained io-depth wall_s; setup_s and fsync_s are separately reported,chucky dev/io-depth,true,,,,4,filesystem_write_control,
7.766,,,,64,threads,,direct,,,,filesystem_controls|cpu-turin-gp-l-243-179|nfs|50331648|direct|0|1|64,,nfs-w8,synthetic,generated filesystem write buffers,2026-08-24,,,,,,3.2038,,0,filesystem_controls,,,false,0.0005,,,,,cpu-turin-gp-l-243-179,,/mnt/main0/home/nclack/tmp/2026-08-24-nfs/probe-cpu.log,,"Probe script calls this nconnect=16; per-job mount options were not saved, so recorded_nconnect is null. File and worker counts change in some controls.",31,62187.2,221246.1,in-flight request cap across available files; not a measured active-file count,configured_request_depth,8,1,probe-cpu.log,none,,,,,50331648,8,,sample,nfs-w8-r1,0.1088,,,,,/mnt/main0/home/nclack/tmp/2026-08-24-nfs/probe-cpu.log,,line:31,pass,nfs,16106127360,5027100000.0,reported written bytes,GB/s,5.0271,retained io-depth wall_s; setup_s and fsync_s are separately reported,chucky dev/io-depth,true,,,,8,filesystem_write_control,
11.353,,,,64,threads,,direct,,,,filesystem_controls|cpu-turin-gp-l-243-179|nfs|50331648|direct|0|1|64,,nfs-w12,synthetic,generated filesystem write buffers,2026-08-24,,,,,,2.1512,,0,filesystem_controls,,,false,0.0005,,,,,cpu-turin-gp-l-243-179,,/mnt/main0/home/nclack/tmp/2026-08-24-nfs/probe-cpu.log,,"Probe script calls this nconnect=16; per-job mount options were not saved, so recorded_nconnect is null. File and worker counts change in some controls.",33,64228.5,205140.8,in-flight request cap across available files; not a measured active-file count,configured_request_depth,12,1,probe-cpu.log,none,,,,,50331648,12,,sample,nfs-w12-r1,0.1072,,,,,/mnt/main0/home/nclack/tmp/2026-08-24-nfs/probe-cpu.log,,line:33,pass,nfs,16106127360,7487200000.0,reported written bytes,GB/s,7.4872,retained io-depth wall_s; setup_s and fsync_s are separately reported,chucky dev/io-depth,true,,,,12,filesystem_write_control,
13.769,,,,64,threads,,direct,,,,filesystem_controls|cpu-turin-gp-l-243-179|nfs|50331648|direct|0|1|64,,nfs-w16,synthetic,generated filesystem write buffers,2026-08-24,,,,,,2.351,,0,filesystem_controls,,,false,0.0005,,,,,cpu-turin-gp-l-243-179,,/mnt/main0/home/nclack/tmp/2026-08-24-nfs/probe-cpu.log,,"Probe script calls this nconnect=16; per-job mount options were not saved, so recorded_nconnect is null. File and worker counts change in some controls.",35,76112.5,415835.1,in-flight request cap across available files; not a measured active-file count,configured_request_depth,16,1,probe-cpu.log,none,,,,,50331648,16,,sample,nfs-w16-r1,0.28,,,,,/mnt/main0/home/nclack/tmp/2026-08-24-nfs/probe-cpu.log,,line:35,pass,nfs,16106127360,6850800000.0,reported written bytes,GB/s,6.8508,retained io-depth wall_s; setup_s and fsync_s are separately reported,chucky dev/io-depth,true,,,,16,filesystem_write_control,
17.432,,,,64,threads,,direct,,,,filesystem_controls|cpu-turin-gp-l-243-179|nfs|50331648|direct|0|1|64,,nfs-w24,synthetic,generated filesystem write buffers,2026-08-24,,,,,,2.2948,,0,filesystem_controls,,,false,0.0006,,,,,cpu-turin-gp-l-243-179,,/mnt/main0/home/nclack/tmp/2026-08-24-nfs/probe-cpu.log,,"Probe script calls this nconnect=16; per-job mount options were not saved, so recorded_nconnect is null. File and worker counts change in some controls.",37,82151.1,476088.4,in-flight request cap across available files; not a measured active-file count,configured_request_depth,24,1,probe-cpu.log,none,,,,,50331648,24,,sample,nfs-w24-r1,0.8458,,,,,/mnt/main0/home/nclack/tmp/2026-08-24-nfs/probe-cpu.log,,line:37,pass,nfs,16106127360,7018500000.0,reported written bytes,GB/s,7.0185,retained io-depth wall_s; setup_s and fsync_s are separately reported,chucky dev/io-depth,true,,,,24,filesystem_write_control,
22.245,,,,64,threads,,direct,,,,filesystem_controls|cpu-turin-gp-l-243-179|nfs|50331648|direct|0|1|64,,nfs-w32,synthetic,generated filesystem write buffers,2026-08-24,,,,,,2.7181,,0,filesystem_controls,,,false,0.0005,,,,,cpu-turin-gp-l-243-179,,/mnt/main0/home/nclack/tmp/2026-08-24-nfs/probe-cpu.log,,"Probe script calls this nconnect=16; per-job mount options were not saved, so recorded_nconnect is null. File and worker counts change in some controls.",39,143192.6,675892.8,in-flight request cap across available files; not a measured active-file count,configured_request_depth,32,1,probe-cpu.log,none,,,,,50331648,32,,sample,nfs-w32-r1,0.2378,,,,,/mnt/main0/home/nclack/tmp/2026-08-24-nfs/probe-cpu.log,,line:39,pass,nfs,16106127360,5925500000.0,reported written bytes,GB/s,5.9255,retained io-depth wall_s; setup_s and fsync_s are separately reported,chucky dev/io-depth,true,,,,32,filesystem_write_control,
35.332,,,,64,threads,,direct,,,,filesystem_controls|cpu-turin-gp-l-243-179|nfs|50331648|direct|0|1|64,,nfs-w48,synthetic,generated filesystem write buffers,2026-08-24,,,,,,1.9404,,0,filesystem_controls,,,false,0.0005,,,,,cpu-turin-gp-l-243-179,,/mnt/main0/home/nclack/tmp/2026-08-24-nfs/probe-cpu.log,,"Probe script calls this nconnect=16; per-job mount options were not saved, so recorded_nconnect is null. File and worker counts change in some controls.",41,207343.6,409300.7,in-flight request cap across available files; not a measured active-file count,configured_request_depth,48,1,probe-cpu.log,none,,,,,50331648,48,,sample,nfs-w48-r1,0.3243,,,,,/mnt/main0/home/nclack/tmp/2026-08-24-nfs/probe-cpu.log,,line:41,pass,nfs,16106127360,8300599999.999999,reported written bytes,GB/s,8.3006,retained io-depth wall_s; setup_s and fsync_s are separately reported,chucky dev/io-depth,true,,,,48,filesystem_write_control,
34.387,,,,64,threads,,direct,,,,filesystem_controls|cpu-turin-gp-l-243-179|nfs|50331648|direct|0|1|64,,nfs-w64,synthetic,generated filesystem write buffers,2026-08-24,,,,,,2.273,,0,filesystem_controls,,,false,0.0006,,,,,cpu-turin-gp-l-243-179,,/mnt/main0/home/nclack/tmp/2026-08-24-nfs/probe-cpu.log,,"Probe script calls this nconnect=16; per-job mount options were not saved, so recorded_nconnect is null. File and worker counts change in some controls.",43,221871.3,529381.2,in-flight request cap across available files; not a measured active-file count,configured_request_depth,64,1,probe-cpu.log,none,,,,,50331648,64,,sample,nfs-w64-r1,0.6771,,,,,/mnt/main0/home/nclack/tmp/2026-08-24-nfs/probe-cpu.log,,line:43,pass,nfs,16106127360,7085800000.0,reported written bytes,GB/s,7.0858,retained io-depth wall_s; setup_s and fsync_s are separately reported,chucky dev/io-depth,true,,,,64,filesystem_write_control,
1.99,,,,64,threads,,direct,,,,filesystem_controls|cpu-turin-gp-l-243-179|nfs|50331648|direct|0|1|64,,nfs-w2,synthetic,generated filesystem write buffers,2026-08-24,,,,,,10.9031,,0,filesystem_controls,,,false,0.0005,,,,,cpu-turin-gp-l-243-179,,/mnt/main0/home/nclack/tmp/2026-08-24-nfs/probe-cpu.log,,"Probe script calls this nconnect=16; per-job mount options were not saved, so recorded_nconnect is null. File and worker counts change in some controls.",45,53665.6,229697.6,in-flight request cap across available files; not a measured active-file count,configured_request_depth,2,1,probe-cpu.log,none,,,,,50331648,2,,sample,nfs-w2-r2,0.5404,,,,,/mnt/main0/home/nclack/tmp/2026-08-24-nfs/probe-cpu.log,,line:45,pass,nfs,16106127360,1477200000.0,reported written bytes,GB/s,1.4772,retained io-depth wall_s; setup_s and fsync_s are separately reported,chucky dev/io-depth,true,,,,2,filesystem_write_control,
3.94,,,,64,threads,,direct,,,,filesystem_controls|cpu-turin-gp-l-243-179|nfs|50331648|direct|0|1|64,,nfs-w4,synthetic,generated filesystem write buffers,2026-08-24,,,,,,5.436,,0,filesystem_controls,,,false,0.0006,,,,,cpu-turin-gp-l-243-179,,/mnt/main0/home/nclack/tmp/2026-08-24-nfs/probe-cpu.log,,"Probe script calls this nconnect=16; per-job mount options were not saved, so recorded_nconnect is null. File and worker counts change in some controls.",47,59648.1,168223.5,in-flight request cap across available files; not a measured active-file count,configured_request_depth,4,1,probe-cpu.log,none,,,,,50331648,4,,sample,nfs-w4-r2,0.4613,,,,,/mnt/main0/home/nclack/tmp/2026-08-24-nfs/probe-cpu.log,,line:47,pass,nfs,16106127360,2962800000.0,reported written bytes,GB/s,2.9628,retained io-depth wall_s; setup_s and fsync_s are separately reported,chucky dev/io-depth,true,,,,4,filesystem_write_control,
7.82,,,,64,threads,,direct,,,,filesystem_controls|cpu-turin-gp-l-243-179|nfs|50331648|direct|0|1|64,,nfs-w8,synthetic,generated filesystem write buffers,2026-08-24,,,,,,3.3845,,0,filesystem_controls,,,false,0.0005,,,,,cpu-turin-gp-l-243-179,,/mnt/main0/home/nclack/tmp/2026-08-24-nfs/probe-cpu.log,,"Probe script calls this nconnect=16; per-job mount options were not saved, so recorded_nconnect is null. File and worker counts change in some controls.",49,75310.9,235782.5,in-flight request cap across available files; not a measured active-file count,configured_request_depth,8,1,probe-cpu.log,none,,,,,50331648,8,,sample,nfs-w8-r2,0.2808,,,,,/mnt/main0/home/nclack/tmp/2026-08-24-nfs/probe-cpu.log,,line:49,pass,nfs,16106127360,4758800000.0,reported written bytes,GB/s,4.7588,retained io-depth wall_s; setup_s and fsync_s are separately reported,chucky dev/io-depth,true,,,,8,filesystem_write_control,
11.638,,,,64,threads,,direct,,,,filesystem_controls|cpu-turin-gp-l-243-179|nfs|50331648|direct|0|1|64,,nfs-w12,synthetic,generated filesystem write buffers,2026-08-24,,,,,,2.7389,,0,filesystem_controls,,,false,0.0005,,,,,cpu-turin-gp-l-243-179,,/mnt/main0/home/nclack/tmp/2026-08-24-nfs/probe-cpu.log,,"Probe script calls this nconnect=16; per-job mount options were not saved, so recorded_nconnect is null. File and worker counts change in some controls.",51,88297.1,234820.5,in-flight request cap across available files; not a measured active-file count,configured_request_depth,12,1,probe-cpu.log,none,,,,,50331648,12,,sample,nfs-w12-r2,0.2857,,,,,/mnt/main0/home/nclack/tmp/2026-08-24-nfs/probe-cpu.log,,line:51,pass,nfs,16106127360,5880400000.0,reported written bytes,GB/s,5.8804,retained io-depth wall_s; setup_s and fsync_s are separately reported,chucky dev/io-depth,true,,,,12,filesystem_write_control,
13.399,,,,64,threads,,direct,,,,filesystem_controls|cpu-turin-gp-l-243-179|nfs|50331648|direct|0|1|64,,nfs-w16,synthetic,generated filesystem write buffers,2026-08-24,,,,,,3.2969,,0,filesystem_controls,,,false,0.0005,,,,,cpu-turin-gp-l-243-179,,/mnt/main0/home/nclack/tmp/2026-08-24-nfs/probe-cpu.log,,"Probe script calls this nconnect=16; per-job mount options were not saved, so recorded_nconnect is null. File and worker counts change in some controls.",53,80172.7,688949.8,in-flight request cap across available files; not a measured active-file count,configured_request_depth,16,1,probe-cpu.log,none,,,,,50331648,16,,sample,nfs-w16-r2,0.3056,,,,,/mnt/main0/home/nclack/tmp/2026-08-24-nfs/probe-cpu.log,,line:53,pass,nfs,16106127360,4885200000.0,reported written bytes,GB/s,4.8852,retained io-depth wall_s; setup_s and fsync_s are separately reported,chucky dev/io-depth,true,,,,16,filesystem_write_control,
21.054,,,,64,threads,,direct,,,,filesystem_controls|cpu-turin-gp-l-243-179|nfs|50331648|direct|0|1|64,,nfs-w24,synthetic,generated filesystem write buffers,2026-08-24,,,,,,2.1441,,0,filesystem_controls,,,false,0.0005,,,,,cpu-turin-gp-l-243-179,,/mnt/main0/home/nclack/tmp/2026-08-24-nfs/probe-cpu.log,,"Probe script calls this nconnect=16; per-job mount options were not saved, so recorded_nconnect is null. File and worker counts change in some controls.",55,102801.4,378094.6,in-flight request cap across available files; not a measured active-file count,configured_request_depth,24,1,probe-cpu.log,none,,,,,50331648,24,,sample,nfs-w24-r2,0.3863,,,,,/mnt/main0/home/nclack/tmp/2026-08-24-nfs/probe-cpu.log,,line:55,pass,nfs,16106127360,7511700000.0,reported written bytes,GB/s,7.5117,retained io-depth wall_s; setup_s and fsync_s are separately reported,chucky dev/io-depth,true,,,,24,filesystem_write_control,
22.452,,,,64,threads,,direct,,,,filesystem_controls|cpu-turin-gp-l-243-179|nfs|50331648|direct|0|1|64,,nfs-w32,synthetic,generated filesystem write buffers,2026-08-24,,,,,,3.1739,,0,filesystem_controls,,,false,0.0005,,,,,cpu-turin-gp-l-243-179,,/mnt/main0/home/nclack/tmp/2026-08-24-nfs/probe-cpu.log,,"Probe script calls this nconnect=16; per-job mount options were not saved, so recorded_nconnect is null. File and worker counts change in some controls.",57,168696.1,599957.8,in-flight request cap across available files; not a measured active-file count,configured_request_depth,32,1,probe-cpu.log,none,,,,,50331648,32,,sample,nfs-w32-r2,0.1802,,,,,/mnt/main0/home/nclack/tmp/2026-08-24-nfs/probe-cpu.log,,line:57,pass,nfs,16106127360,5074500000.0,reported written bytes,GB/s,5.0745,retained io-depth wall_s; setup_s and fsync_s are separately reported,chucky dev/io-depth,true,,,,32,filesystem_write_control,
30.314,,,,64,threads,,direct,,,,filesystem_controls|cpu-turin-gp-l-243-179|nfs|50331648|direct|0|1|64,,nfs-w48,synthetic,generated filesystem write buffers,2026-08-24,,,,,,2.2174,,0,filesystem_controls,,,false,0.0005,,,,,cpu-turin-gp-l-243-179,,/mnt/main0/home/nclack/tmp/2026-08-24-nfs/probe-cpu.log,,"Probe script calls this nconnect=16; per-job mount options were not saved, so recorded_nconnect is null. File and worker counts change in some controls.",59,192564.5,502770.1,in-flight request cap across available files; not a measured active-file count,configured_request_depth,48,1,probe-cpu.log,none,,,,,50331648,48,,sample,nfs-w48-r2,0.3198,,,,,/mnt/main0/home/nclack/tmp/2026-08-24-nfs/probe-cpu.log,,line:59,pass,nfs,16106127360,7263600000.0,reported written bytes,GB/s,7.2636,retained io-depth wall_s; setup_s and fsync_s are separately reported,chucky dev/io-depth,true,,,,48,filesystem_write_control,
39.923,,,,64,threads,,direct,,,,filesystem_controls|cpu-turin-gp-l-243-179|nfs|50331648|direct|0|1|64,,nfs-w64,synthetic,generated filesystem write buffers,2026-08-24,,,,,,2.0316,,0,filesystem_controls,,,false,0.0005,,,,,cpu-turin-gp-l-243-179,,/mnt/main0/home/nclack/tmp/2026-08-24-nfs/probe-cpu.log,,"Probe script calls this nconnect=16; per-job mount options were not saved, so recorded_nconnect is null. File and worker counts change in some controls.",61,247669.1,491029.7,in-flight request cap across available files; not a measured active-file count,configured_request_depth,64,1,probe-cpu.log,none,,,,,50331648,64,,sample,nfs-w64-r2,0.251,,,,,/mnt/main0/home/nclack/tmp/2026-08-24-nfs/probe-cpu.log,,line:61,pass,nfs,16106127360,7927900000.0,reported written bytes,GB/s,7.9279,retained io-depth wall_s; setup_s and fsync_s are separately reported,chucky dev/io-depth,true,,,,64,filesystem_write_control,
5.121,,,,8,threads,,direct,,,,filesystem_controls|cpu-turin-gp-l-243-179|nfs|50331648|direct|0|1|8,,nfs-8files-cap1,synthetic,generated filesystem write buffers,2026-08-24,,,,,,5.4678,,0,filesystem_controls,,,false,0.0001,,,,,cpu-turin-gp-l-243-179,,/mnt/main0/home/nclack/tmp/2026-08-24-nfs/probe-cpu.log,,"Probe script calls this nconnect=16; per-job mount options were not saved, so recorded_nconnect is null. File and worker counts change in some controls.",65,77317.1,174550.9,in-flight request cap across available files; not a measured active-file count,configured_request_depth,32,1,probe-cpu.log,none,,,,,50331648,32,,sample,nfs-8files-cap1,0.0333,,,,,/mnt/main0/home/nclack/tmp/2026-08-24-nfs/probe-cpu.log,,line:65,pass,nfs,16911433728,3092900000.0,reported written bytes,GB/s,3.0929,retained io-depth wall_s; setup_s and fsync_s are separately reported,chucky dev/io-depth,true,,,,32,filesystem_write_control,
7.709,,,,8,threads,,direct,,,,filesystem_controls|cpu-turin-gp-l-243-179|nfs|50331648|direct|0|2|8,,nfs-8files-cap2,synthetic,generated filesystem write buffers,2026-08-24,,,,,,8.6515,,0,filesystem_controls,,,false,0.0001,,,,,cpu-turin-gp-l-243-179,,/mnt/main0/home/nclack/tmp/2026-08-24-nfs/probe-cpu.log,,"Probe script calls this nconnect=16; per-job mount options were not saved, so recorded_nconnect is null. File and worker counts change in some controls.",67,152347.9,519357.9,in-flight request cap across available files; not a measured active-file count,configured_request_depth,32,2,probe-cpu.log,none,,,,,50331648,32,,sample,nfs-8files-cap2,0.0347,,,,,/mnt/main0/home/nclack/tmp/2026-08-24-nfs/probe-cpu.log,,line:67,pass,nfs,16911433728,1954700000.0,reported written bytes,GB/s,1.9547,retained io-depth wall_s; setup_s and fsync_s are separately reported,chucky dev/io-depth,true,,,,32,filesystem_write_control,
23.684,,,,8,threads,,direct,,,,filesystem_controls|cpu-turin-gp-l-243-179|nfs|50331648|direct|0|4|8,,nfs-8files-cap4,synthetic,generated filesystem write buffers,2026-08-24,,,,,,3.8991,,0,filesystem_controls,,,false,0.0001,,,,,cpu-turin-gp-l-243-179,,/mnt/main0/home/nclack/tmp/2026-08-24-nfs/probe-cpu.log,,"Probe script calls this nconnect=16; per-job mount options were not saved, so recorded_nconnect is null. File and worker counts change in some controls.",69,263475.8,483076.5,in-flight request cap across available files; not a measured active-file count,configured_request_depth,32,4,probe-cpu.log,none,,,,,50331648,32,,sample,nfs-8files-cap4,0.0426,,,,,/mnt/main0/home/nclack/tmp/2026-08-24-nfs/probe-cpu.log,,line:69,pass,nfs,16911433728,4337300000.0,reported written bytes,GB/s,4.3373,retained io-depth wall_s; setup_s and fsync_s are separately reported,chucky dev/io-depth,true,,,,32,filesystem_write_control,
25.861,,,,8,threads,,direct,,,,filesystem_controls|cpu-turin-gp-l-243-179|nfs|50331648|direct|0|8|8,,nfs-8files-cap8,synthetic,generated filesystem write buffers,2026-08-24,,,,,,10.0057,,0,filesystem_controls,,,false,0.0001,,,,,cpu-turin-gp-l-243-179,,/mnt/main0/home/nclack/tmp/2026-08-24-nfs/probe-cpu.log,,"Probe script calls this nconnect=16; per-job mount options were not saved, so recorded_nconnect is null. File and worker counts change in some controls.",71,436971.4,2635373.5,in-flight request cap across available files; not a measured active-file count,configured_request_depth,32,8,probe-cpu.log,none,,,,,50331648,32,,sample,nfs-8files-cap8,0.0467,,,,,/mnt/main0/home/nclack/tmp/2026-08-24-nfs/probe-cpu.log,,line:71,pass,nfs,16911433728,1690200000.0,reported written bytes,GB/s,1.6902,retained io-depth wall_s; setup_s and fsync_s are separately reported,chucky dev/io-depth,true,,,,32,filesystem_write_control,
25.809,,,,8,threads,,direct,,,,filesystem_controls|cpu-turin-gp-l-243-179|nfs|50331648|direct|0|16|8,,nfs-8files-cap16,synthetic,generated filesystem write buffers,2026-08-24,,,,,,8.4326,,0,filesystem_controls,,,false,0.0001,,,,,cpu-turin-gp-l-243-179,,/mnt/main0/home/nclack/tmp/2026-08-24-nfs/probe-cpu.log,,"Probe script calls this nconnect=16; per-job mount options were not saved, so recorded_nconnect is null. File and worker counts change in some controls.",73,238597.2,2936769.2,in-flight request cap across available files; not a measured active-file count,configured_request_depth,32,16,probe-cpu.log,none,,,,,50331648,32,,sample,nfs-8files-cap16,0.0382,,,,,/mnt/main0/home/nclack/tmp/2026-08-24-nfs/probe-cpu.log,,line:73,pass,nfs,16911433728,2005500000.0,reported written bytes,GB/s,2.0055,retained io-depth wall_s; setup_s and fsync_s are separately reported,chucky dev/io-depth,true,,,,32,filesystem_write_control,
1.0,,,,1,threads,,direct,,,,filesystem_controls|cpu-turin-gp-l-243-179|nfs|50331648|direct|0|1|1,,nfs-1file-cap1,synthetic,generated filesystem write buffers,2026-08-24,,,,,,35.4741,,0,filesystem_controls,,,false,0.0,,,,,cpu-turin-gp-l-243-179,,/mnt/main0/home/nclack/tmp/2026-08-24-nfs/probe-cpu.log,,"Probe script calls this nconnect=16; per-job mount options were not saved, so recorded_nconnect is null. File and worker counts change in some controls.",77,102615.8,174727.7,in-flight request cap across available files; not a measured active-file count,configured_request_depth,32,1,probe-cpu.log,none,,,,,50331648,32,,sample,nfs-1file-cap1,0.0114,,,,,/mnt/main0/home/nclack/tmp/2026-08-24-nfs/probe-cpu.log,,line:77,pass,nfs,17163091968,483800000.0,reported written bytes,GB/s,0.4838,retained io-depth wall_s; setup_s and fsync_s are separately reported,chucky dev/io-depth,true,,,,32,filesystem_write_control,
1.997,,,,1,threads,,direct,,,,filesystem_controls|cpu-turin-gp-l-243-179|nfs|50331648|direct|0|2|1,,nfs-1file-cap2,synthetic,generated filesystem write buffers,2026-08-24,,,,,,17.7103,,0,filesystem_controls,,,false,0.0,,,,,cpu-turin-gp-l-243-179,,/mnt/main0/home/nclack/tmp/2026-08-24-nfs/probe-cpu.log,,"Probe script calls this nconnect=16; per-job mount options were not saved, so recorded_nconnect is null. File and worker counts change in some controls.",79,99783.3,199589.8,in-flight request cap across available files; not a measured active-file count,configured_request_depth,32,2,probe-cpu.log,none,,,,,50331648,32,,sample,nfs-1file-cap2,0.0142,,,,,/mnt/main0/home/nclack/tmp/2026-08-24-nfs/probe-cpu.log,,line:79,pass,nfs,17163091968,969100000.0,reported written bytes,GB/s,0.9691,retained io-depth wall_s; setup_s and fsync_s are separately reported,chucky dev/io-depth,true,,,,32,filesystem_write_control,
3.981,,,,1,threads,,direct,,,,filesystem_controls|cpu-turin-gp-l-243-179|nfs|50331648|direct|0|4|1,,nfs-1file-cap4,synthetic,generated filesystem write buffers,2026-08-24,,,,,,38.0507,,0,filesystem_controls,,,false,0.0,,,,,cpu-turin-gp-l-243-179,,/mnt/main0/home/nclack/tmp/2026-08-24-nfs/probe-cpu.log,,"Probe script calls this nconnect=16; per-job mount options were not saved, so recorded_nconnect is null. File and worker counts change in some controls.",81,443997.1,629549.6,in-flight request cap across available files; not a measured active-file count,configured_request_depth,32,4,probe-cpu.log,none,,,,,50331648,32,,sample,nfs-1file-cap4,0.0098,,,,,/mnt/main0/home/nclack/tmp/2026-08-24-nfs/probe-cpu.log,,line:81,pass,nfs,17163091968,451100000.0,reported written bytes,GB/s,0.4511,retained io-depth wall_s; setup_s and fsync_s are separately reported,chucky dev/io-depth,true,,,,32,filesystem_write_control,
7.91,,,,1,threads,,direct,,,,filesystem_controls|cpu-turin-gp-l-243-179|nfs|50331648|direct|0|8|1,,nfs-1file-cap8,synthetic,generated filesystem write buffers,2026-08-24,,,,,,30.1528,,0,filesystem_controls,,,false,0.0001,,,,,cpu-turin-gp-l-243-179,,/mnt/main0/home/nclack/tmp/2026-08-24-nfs/probe-cpu.log,,"Probe script calls this nconnect=16; per-job mount options were not saved, so recorded_nconnect is null. File and worker counts change in some controls.",83,713765.1,1002324.8,in-flight request cap across available files; not a measured active-file count,configured_request_depth,32,8,probe-cpu.log,none,,,,,50331648,32,,sample,nfs-1file-cap8,0.0207,,,,,/mnt/main0/home/nclack/tmp/2026-08-24-nfs/probe-cpu.log,,line:83,pass,nfs,17163091968,569200000.0,reported written bytes,GB/s,0.5692,retained io-depth wall_s; setup_s and fsync_s are separately reported,chucky dev/io-depth,true,,,,32,filesystem_write_control,
15.637,,,,1,threads,,direct,,,,filesystem_controls|cpu-turin-gp-l-243-179|nfs|50331648|direct|0|16|1,,nfs-1file-cap16,synthetic,generated filesystem write buffers,2026-08-24,,,,,,35.6254,,0,filesystem_controls,,,false,0.0001,,,,,cpu-turin-gp-l-243-179,,/mnt/main0/home/nclack/tmp/2026-08-24-nfs/probe-cpu.log,,"Probe script calls this nconnect=16; per-job mount options were not saved, so recorded_nconnect is null. File and worker counts change in some controls.",85,1793580.3,2061546.7,in-flight request cap across available files; not a measured active-file count,configured_request_depth,32,16,probe-cpu.log,none,,,,,50331648,32,,sample,nfs-1file-cap16,0.015,,,,,/mnt/main0/home/nclack/tmp/2026-08-24-nfs/probe-cpu.log,,line:85,pass,nfs,17163091968,481800000.0,reported written bytes,GB/s,0.4818,retained io-depth wall_s; setup_s and fsync_s are separately reported,chucky dev/io-depth,true,,,,32,filesystem_write_control,
30.58,,,,1,threads,,direct,,,,filesystem_controls|cpu-turin-gp-l-243-179|nfs|50331648|direct|0|32|1,,nfs-1file-cap32,synthetic,generated filesystem write buffers,2026-08-24,,,,,,16.1829,,0,filesystem_controls,,,false,0.0,,,,,cpu-turin-gp-l-243-179,,/mnt/main0/home/nclack/tmp/2026-08-24-nfs/probe-cpu.log,,"Probe script calls this nconnect=16; per-job mount options were not saved, so recorded_nconnect is null. File and worker counts change in some controls.",87,1482105.9,1680464.4,in-flight request cap across available files; not a measured active-file count,configured_request_depth,32,32,probe-cpu.log,none,,,,,50331648,32,,sample,nfs-1file-cap32,0.0033,,,,,/mnt/main0/home/nclack/tmp/2026-08-24-nfs/probe-cpu.log,,line:87,pass,nfs,17163091968,1060600000.0,reported written bytes,GB/s,1.0606,retained io-depth wall_s; setup_s and fsync_s are separately reported,chucky dev/io-depth,true,,,,32,filesystem_write_control,
15.972,,,,64,threads,,direct,,,,filesystem_controls|cpu-turin-gp-l-243-179|nfs|1048576|direct|0|1|64,,nfs-req1M,synthetic,generated filesystem write buffers,2026-08-24,,,,,,8.2271,,0,filesystem_controls,,,false,0.0006,,,,,cpu-turin-gp-l-243-179,,/mnt/main0/home/nclack/tmp/2026-08-24-nfs/probe-cpu.log,,"Probe script calls this nconnect=16; per-job mount options were not saved, so recorded_nconnect is null. File and worker counts change in some controls.",90,6623.4,25290.5,in-flight request cap across available files; not a measured active-file count,configured_request_depth,16,1,probe-cpu.log,none,,,,,1048576,16,,sample,nfs-req1M,0.4205,,,,,/mnt/main0/home/nclack/tmp/2026-08-24-nfs/probe-cpu.log,,line:90,pass,nfs,17179869184,2088200000.0,reported written bytes,GB/s,2.0882,retained io-depth wall_s; setup_s and fsync_s are separately reported,chucky dev/io-depth,true,,,,16,filesystem_write_control,
15.576,,,,64,threads,,direct,,,,filesystem_controls|cpu-turin-gp-l-243-179|nfs|4194304|direct|0|1|64,,nfs-req4M,synthetic,generated filesystem write buffers,2026-08-24,,,,,,4.2781,,0,filesystem_controls,,,false,0.0006,,,,,cpu-turin-gp-l-243-179,,/mnt/main0/home/nclack/tmp/2026-08-24-nfs/probe-cpu.log,,"Probe script calls this nconnect=16; per-job mount options were not saved, so recorded_nconnect is null. File and worker counts change in some controls.",91,13458.1,65138.0,in-flight request cap across available files; not a measured active-file count,configured_request_depth,16,1,probe-cpu.log,none,,,,,4194304,16,,sample,nfs-req4M,0.4333,,,,,/mnt/main0/home/nclack/tmp/2026-08-24-nfs/probe-cpu.log,,line:91,pass,nfs,17179869184,4015799999.9999995,reported written bytes,GB/s,4.0158,retained io-depth wall_s; setup_s and fsync_s are separately reported,chucky dev/io-depth,true,,,,16,filesystem_write_control,
15.833,,,,64,threads,,direct,,,,filesystem_controls|cpu-turin-gp-l-243-179|nfs|8388608|direct|0|1|64,,nfs-req8M,synthetic,generated filesystem write buffers,2026-08-24,,,,,,2.9713,,0,filesystem_controls,,,false,0.0005,,,,,cpu-turin-gp-l-243-179,,/mnt/main0/home/nclack/tmp/2026-08-24-nfs/probe-cpu.log,,"Probe script calls this nconnect=16; per-job mount options were not saved, so recorded_nconnect is null. File and worker counts change in some controls.",92,18989.3,69534.9,in-flight request cap across available files; not a measured active-file count,configured_request_depth,16,1,probe-cpu.log,none,,,,,8388608,16,,sample,nfs-req8M,0.3064,,,,,/mnt/main0/home/nclack/tmp/2026-08-24-nfs/probe-cpu.log,,line:92,pass,nfs,17179869184,5781900000.0,reported written bytes,GB/s,5.7819,retained io-depth wall_s; setup_s and fsync_s are separately reported,chucky dev/io-depth,true,,,,16,filesystem_write_control,
14.135,,,,64,threads,,direct,,,,filesystem_controls|cpu-turin-gp-l-243-179|nfs|16777216|direct|0|1|64,,nfs-req16M,synthetic,generated filesystem write buffers,2026-08-24,,,,,,3.2447,,0,filesystem_controls,,,false,0.0005,,,,,cpu-turin-gp-l-243-179,,/mnt/main0/home/nclack/tmp/2026-08-24-nfs/probe-cpu.log,,"Probe script calls this nconnect=16; per-job mount options were not saved, so recorded_nconnect is null. File and worker counts change in some controls.",93,30749.8,209082.7,in-flight request cap across available files; not a measured active-file count,configured_request_depth,16,1,probe-cpu.log,none,,,,,16777216,16,,sample,nfs-req16M,0.4599,,,,,/mnt/main0/home/nclack/tmp/2026-08-24-nfs/probe-cpu.log,,line:93,pass,nfs,17179869184,5294800000.0,reported written bytes,GB/s,5.2948,retained io-depth wall_s; setup_s and fsync_s are separately reported,chucky dev/io-depth,true,,,,16,filesystem_write_control,
14.004,,,,64,threads,,direct,,,,filesystem_controls|cpu-turin-gp-l-243-179|nfs|50331648|direct|0|1|64,,nfs-req48M,synthetic,generated filesystem write buffers,2026-08-24,,,,,,2.9222,,0,filesystem_controls,,,false,0.0005,,,,,cpu-turin-gp-l-243-179,,/mnt/main0/home/nclack/tmp/2026-08-24-nfs/probe-cpu.log,,"Probe script calls this nconnect=16; per-job mount options were not saved, so recorded_nconnect is null. File and worker counts change in some controls.",95,77585.5,691320.9,in-flight request cap across available files; not a measured active-file count,configured_request_depth,16,1,probe-cpu.log,none,,,,,50331648,16,,sample,nfs-req48M,0.2835,,,,,/mnt/main0/home/nclack/tmp/2026-08-24-nfs/probe-cpu.log,,line:95,pass,nfs,16106127360,5511600000.0,reported written bytes,GB/s,5.5116,retained io-depth wall_s; setup_s and fsync_s are separately reported,chucky dev/io-depth,true,,,,16,filesystem_write_control,
15.63,,,,64,threads,,buffered,,,,filesystem_controls|cpu-turin-gp-l-243-179|nfs|50331648|buffered|0|1|64,,nfs-buffered,synthetic,generated filesystem write buffers,2026-08-24,,,,,,2.6475,,0,filesystem_controls,,,false,0.39,,,,,cpu-turin-gp-l-243-179,,/mnt/main0/home/nclack/tmp/2026-08-24-nfs/probe-cpu.log,,"Probe script calls this nconnect=16; per-job mount options were not saved, so recorded_nconnect is null. File and worker counts change in some controls.",99,101764.9,410635.0,in-flight request cap across available files; not a measured active-file count,configured_request_depth,16,1,probe-cpu.log,none,,,,,50331648,16,,sample,nfs-buffered,0.231,,,,,/mnt/main0/home/nclack/tmp/2026-08-24-nfs/probe-cpu.log,,line:99,pass,nfs,16106127360,6083600000.0,reported written bytes,GB/s,6.0836,retained io-depth wall_s; setup_s and fsync_s are separately reported,chucky dev/io-depth,true,,,,16,filesystem_write_control,
12.631,,,,64,threads,,direct,,,,filesystem_controls|cpu-turin-gp-l-243-179|nfs|50331648|direct|1|1|64,,nfs-direct-fsync,synthetic,generated filesystem write buffers,2026-08-24,,,,,,4.2059,,0,filesystem_controls,,,true,0.0006,,,,,cpu-turin-gp-l-243-179,,/mnt/main0/home/nclack/tmp/2026-08-24-nfs/probe-cpu.log,,"Probe script calls this nconnect=16; per-job mount options were not saved, so recorded_nconnect is null. File and worker counts change in some controls.",101,87230.5,839632.6,in-flight request cap across available files; not a measured active-file count,configured_request_depth,16,1,probe-cpu.log,none,,,,,50331648,16,,sample,nfs-direct-fsync,0.2009,,,,,/mnt/main0/home/nclack/tmp/2026-08-24-nfs/probe-cpu.log,,line:101,pass,nfs,16106127360,3829400000.0,reported written bytes,GB/s,3.8294,retained io-depth wall_s; setup_s and fsync_s are separately reported,chucky dev/io-depth,true,,,,16,filesystem_write_control,
15.772,,,,64,threads,,buffered,,,,filesystem_controls|cpu-turin-gp-l-243-179|nfs|50331648|buffered|1|1|64,,nfs-buffered-fsync,synthetic,generated filesystem write buffers,2026-08-24,,,,,,2.5825,,0,filesystem_controls,,,true,0.5655,,,,,cpu-turin-gp-l-243-179,,/mnt/main0/home/nclack/tmp/2026-08-24-nfs/probe-cpu.log,,"Probe script calls this nconnect=16; per-job mount options were not saved, so recorded_nconnect is null. File and worker counts change in some controls.",103,118226.8,238112.2,in-flight request cap across available files; not a measured active-file count,configured_request_depth,16,1,probe-cpu.log,none,,,,,50331648,16,,sample,nfs-buffered-fsync,0.2321,,,,,/mnt/main0/home/nclack/tmp/2026-08-24-nfs/probe-cpu.log,,line:103,pass,nfs,16106127360,6236600000.0,reported written bytes,GB/s,6.2366,retained io-depth wall_s; setup_s and fsync_s are separately reported,chucky dev/io-depth,true,,,,16,filesystem_write_control,
14.645,,,,64,threads,,direct,,,,filesystem_controls|cpu-turin-gp-l-243-179|nfs|50331648|direct|0|1|64,,nfs-wirecheck,synthetic,generated filesystem write buffers,2026-08-24,,,,,,2.385,,0,filesystem_controls,,,false,0.0005,,,,,cpu-turin-gp-l-243-179,,/mnt/main0/home/nclack/tmp/2026-08-24-nfs/probe-cpu.log,,"Probe script calls this nconnect=16; per-job mount options were not saved, so recorded_nconnect is null. File and worker counts change in some controls.",107,90081.9,324247.1,in-flight request cap across available files; not a measured active-file count,configured_request_depth,16,1,probe-cpu.log,none,,,,,50331648,16,,sample,nfs-wirecheck,0.4031,,,,,/mnt/main0/home/nclack/tmp/2026-08-24-nfs/probe-cpu.log,,line:107,pass,nfs,16106127360,6753100000.0,reported written bytes,GB/s,6.7531,retained io-depth wall_s; setup_s and fsync_s are separately reported,chucky dev/io-depth,true,,,,16,filesystem_write_control,
1.0,,,,64,threads,,direct,,,,filesystem_controls|cpu-turin-gp-l-243-179|xfs|50331648|direct|0|1|64,,local-w1,synthetic,generated filesystem write buffers,2026-08-24,,,,,,1.6609,,0,filesystem_controls,,,false,0.0004,,,,,cpu-turin-gp-l-243-179,,/mnt/main0/home/nclack/tmp/2026-08-24-nfs/probe-cpu.log,,"Probe script calls this nconnect=16; per-job mount options were not saved, so recorded_nconnect is null. File and worker counts change in some controls.",112,5128.8,6425.8,in-flight request cap across available files; not a measured active-file count,configured_request_depth,1,1,probe-cpu.log,none,,,,,50331648,1,,sample,local-w1,0.0007,,,,,/mnt/main0/home/nclack/tmp/2026-08-24-nfs/probe-cpu.log,,line:112,pass,xfs,16106127360,9697400000.0,reported written bytes,GB/s,9.6974,retained io-depth wall_s; setup_s and fsync_s are separately reported,chucky dev/io-depth,true,,,,1,filesystem_write_control,
7.966,,,,64,threads,,direct,,,,filesystem_controls|cpu-turin-gp-l-243-179|xfs|50331648|direct|0|1|64,,local-w8,synthetic,generated filesystem write buffers,2026-08-24,,,,,,1.0131,,0,filesystem_controls,,,false,0.0004,,,,,cpu-turin-gp-l-243-179,,/mnt/main0/home/nclack/tmp/2026-08-24-nfs/probe-cpu.log,,"Probe script calls this nconnect=16; per-job mount options were not saved, so recorded_nconnect is null. File and worker counts change in some controls.",114,24491.7,41278.6,in-flight request cap across available files; not a measured active-file count,configured_request_depth,8,1,probe-cpu.log,none,,,,,50331648,8,,sample,local-w8,0.0008,,,,,/mnt/main0/home/nclack/tmp/2026-08-24-nfs/probe-cpu.log,,line:114,pass,xfs,16106127360,15897200000.0,reported written bytes,GB/s,15.8972,retained io-depth wall_s; setup_s and fsync_s are separately reported,chucky dev/io-depth,true,,,,8,filesystem_write_control,
15.805,,,,64,threads,,direct,,,,filesystem_controls|cpu-turin-gp-l-243-179|xfs|50331648|direct|0|1|64,,local-w16,synthetic,generated filesystem write buffers,2026-08-24,,,,,,0.937,,0,filesystem_controls,,,false,0.0004,,,,,cpu-turin-gp-l-243-179,,/mnt/main0/home/nclack/tmp/2026-08-24-nfs/probe-cpu.log,,"Probe script calls this nconnect=16; per-job mount options were not saved, so recorded_nconnect is null. File and worker counts change in some controls.",116,41924.6,98192.6,in-flight request cap across available files; not a measured active-file count,configured_request_depth,16,1,probe-cpu.log,none,,,,,50331648,16,,sample,local-w16,0.0009,,,,,/mnt/main0/home/nclack/tmp/2026-08-24-nfs/probe-cpu.log,,line:116,pass,xfs,16106127360,17188500000.0,reported written bytes,GB/s,17.1885,retained io-depth wall_s; setup_s and fsync_s are separately reported,chucky dev/io-depth,true,,,,16,filesystem_write_control,
30.821,,,,64,threads,,direct,,,,filesystem_controls|cpu-turin-gp-l-243-179|xfs|50331648|direct|0|1|64,,local-w32,synthetic,generated filesystem write buffers,2026-08-24,,,,,,0.9274,,0,filesystem_controls,,,false,0.0005,,,,,cpu-turin-gp-l-243-179,,/mnt/main0/home/nclack/tmp/2026-08-24-nfs/probe-cpu.log,,"Probe script calls this nconnect=16; per-job mount options were not saved, so recorded_nconnect is null. File and worker counts change in some controls.",118,79328.3,224956.6,in-flight request cap across available files; not a measured active-file count,configured_request_depth,32,1,probe-cpu.log,none,,,,,50331648,32,,sample,local-w32,0.0006,,,,,/mnt/main0/home/nclack/tmp/2026-08-24-nfs/probe-cpu.log,,line:118,pass,xfs,16106127360,17366800000.0,reported written bytes,GB/s,17.3668,retained io-depth wall_s; setup_s and fsync_s are separately reported,chucky dev/io-depth,true,,,,32,filesystem_write_control,
54.071,,,,64,threads,,direct,,,,filesystem_controls|cpu-turin-gp-l-243-179|xfs|50331648|direct|0|1|64,,local-w64,synthetic,generated filesystem write buffers,2026-08-24,,,,,,0.9327,,0,filesystem_controls,,,false,0.0004,,,,,cpu-turin-gp-l-243-179,,/mnt/main0/home/nclack/tmp/2026-08-24-nfs/probe-cpu.log,,"Probe script calls this nconnect=16; per-job mount options were not saved, so recorded_nconnect is null. File and worker counts change in some controls.",120,136129.0,374344.0,in-flight request cap across available files; not a measured active-file count,configured_request_depth,64,1,probe-cpu.log,none,,,,,50331648,64,,sample,local-w64,0.0006,,,,,/mnt/main0/home/nclack/tmp/2026-08-24-nfs/probe-cpu.log,,line:120,pass,xfs,16106127360,17267700000.0,reported written bytes,GB/s,17.2677,retained io-depth wall_s; setup_s and fsync_s are separately reported,chucky dev/io-depth,true,,,,64,filesystem_write_control,
1.0,,,,64,threads,,direct,,,,filesystem_controls|cw-us-e4a2-l40-202-083|nfs|50331648|direct|0|1|64,,nfs-w1,synthetic,generated filesystem write buffers,2026-08-24,,,,,,17.4677,,0,filesystem_controls,,,false,0.0006,,,,,cw-us-e4a2-l40-202-083,,/mnt/main0/home/nclack/tmp/2026-08-24-nfs/probe-l40.log,,"Probe script calls this nconnect=16; per-job mount options were not saved, so recorded_nconnect is null. File and worker counts change in some controls.",25,49320.1,98805.6,in-flight request cap across available files; not a measured active-file count,configured_request_depth,1,1,probe-l40.log,none,,,,,50331648,1,,sample,nfs-w1,0.128,,,,,/mnt/main0/home/nclack/tmp/2026-08-24-nfs/probe-l40.log,,line:25,pass,nfs,16106127360,922100000.0,reported written bytes,GB/s,0.9221,retained io-depth wall_s; setup_s and fsync_s are separately reported,chucky dev/io-depth,true,,,,1,filesystem_write_control,
1.997,,,,64,threads,,direct,,,,filesystem_controls|cw-us-e4a2-l40-202-083|nfs|50331648|direct|0|1|64,,nfs-w2,synthetic,generated filesystem write buffers,2026-08-24,,,,,,9.482,,0,filesystem_controls,,,false,0.0005,,,,,cw-us-e4a2-l40-202-083,,/mnt/main0/home/nclack/tmp/2026-08-24-nfs/probe-l40.log,,"Probe script calls this nconnect=16; per-job mount options were not saved, so recorded_nconnect is null. File and worker counts change in some controls.",27,55183.4,98504.1,in-flight request cap across available files; not a measured active-file count,configured_request_depth,2,1,probe-l40.log,none,,,,,50331648,2,,sample,nfs-w2-r1,0.1035,,,,,/mnt/main0/home/nclack/tmp/2026-08-24-nfs/probe-l40.log,,line:27,pass,nfs,16106127360,1698600000.0,reported written bytes,GB/s,1.6986,retained io-depth wall_s; setup_s and fsync_s are separately reported,chucky dev/io-depth,true,,,,2,filesystem_write_control,
3.979,,,,64,threads,,direct,,,,filesystem_controls|cw-us-e4a2-l40-202-083|nfs|50331648|direct|0|1|64,,nfs-w4,synthetic,generated filesystem write buffers,2026-08-24,,,,,,5.4691,,0,filesystem_controls,,,false,0.0005,,,,,cw-us-e4a2-l40-202-083,,/mnt/main0/home/nclack/tmp/2026-08-24-nfs/probe-l40.log,,"Probe script calls this nconnect=16; per-job mount options were not saved, so recorded_nconnect is null. File and worker counts change in some controls.",29,58458.5,175221.8,in-flight request cap across available files; not a measured active-file count,configured_request_depth,4,1,probe-l40.log,none,,,,,50331648,4,,sample,nfs-w4-r1,0.1846,,,,,/mnt/main0/home/nclack/tmp/2026-08-24-nfs/probe-l40.log,,line:29,pass,nfs,16106127360,2944900000.0,reported written bytes,GB/s,2.9449,retained io-depth wall_s; setup_s and fsync_s are separately reported,chucky dev/io-depth,true,,,,4,filesystem_write_control,
7.876,,,,64,threads,,direct,,,,filesystem_controls|cw-us-e4a2-l40-202-083|nfs|50331648|direct|0|1|64,,nfs-w8,synthetic,generated filesystem write buffers,2026-08-24,,,,,,2.7937,,0,filesystem_controls,,,false,0.0006,,,,,cw-us-e4a2-l40-202-083,,/mnt/main0/home/nclack/tmp/2026-08-24-nfs/probe-l40.log,,"Probe script calls this nconnect=16; per-job mount options were not saved, so recorded_nconnect is null. File and worker counts change in some controls.",31,61319.9,154672.9,in-flight request cap across available files; not a measured active-file count,configured_request_depth,8,1,probe-l40.log,none,,,,,50331648,8,,sample,nfs-w8-r1,0.1626,,,,,/mnt/main0/home/nclack/tmp/2026-08-24-nfs/probe-l40.log,,line:31,pass,nfs,16106127360,5765100000.0,reported written bytes,GB/s,5.7651,retained io-depth wall_s; setup_s and fsync_s are separately reported,chucky dev/io-depth,true,,,,8,filesystem_write_control,
11.558,,,,64,threads,,direct,,,,filesystem_controls|cw-us-e4a2-l40-202-083|nfs|50331648|direct|0|1|64,,nfs-w12,synthetic,generated filesystem write buffers,2026-08-24,,,,,,2.4239,,0,filesystem_controls,,,false,0.0005,,,,,cw-us-e4a2-l40-202-083,,/mnt/main0/home/nclack/tmp/2026-08-24-nfs/probe-l40.log,,"Probe script calls this nconnect=16; per-job mount options were not saved, so recorded_nconnect is null. File and worker counts change in some controls.",33,66186.9,298270.2,in-flight request cap across available files; not a measured active-file count,configured_request_depth,12,1,probe-l40.log,none,,,,,50331648,12,,sample,nfs-w12-r1,0.1021,,,,,/mnt/main0/home/nclack/tmp/2026-08-24-nfs/probe-l40.log,,line:33,pass,nfs,16106127360,6644800000.0,reported written bytes,GB/s,6.6448,retained io-depth wall_s; setup_s and fsync_s are separately reported,chucky dev/io-depth,true,,,,12,filesystem_write_control,
14.49,,,,64,threads,,direct,,,,filesystem_controls|cw-us-e4a2-l40-202-083|nfs|50331648|direct|0|1|64,,nfs-w16,synthetic,generated filesystem write buffers,2026-08-24,,,,,,1.7641,,0,filesystem_controls,,,false,0.0005,,,,,cw-us-e4a2-l40-202-083,,/mnt/main0/home/nclack/tmp/2026-08-24-nfs/probe-l40.log,,"Probe script calls this nconnect=16; per-job mount options were not saved, so recorded_nconnect is null. File and worker counts change in some controls.",35,71595.3,188094.9,in-flight request cap across available files; not a measured active-file count,configured_request_depth,16,1,probe-l40.log,none,,,,,50331648,16,,sample,nfs-w16-r1,0.1138,,,,,/mnt/main0/home/nclack/tmp/2026-08-24-nfs/probe-l40.log,,line:35,pass,nfs,16106127360,9129800000.0,reported written bytes,GB/s,9.1298,retained io-depth wall_s; setup_s and fsync_s are separately reported,chucky dev/io-depth,true,,,,16,filesystem_write_control,
20.681,,,,64,threads,,direct,,,,filesystem_controls|cw-us-e4a2-l40-202-083|nfs|50331648|direct|0|1|64,,nfs-w24,synthetic,generated filesystem write buffers,2026-08-24,,,,,,1.8331,,0,filesystem_controls,,,false,0.0006,,,,,cw-us-e4a2-l40-202-083,,/mnt/main0/home/nclack/tmp/2026-08-24-nfs/probe-l40.log,,"Probe script calls this nconnect=16; per-job mount options were not saved, so recorded_nconnect is null. File and worker counts change in some controls.",37,93593.1,302985.0,in-flight request cap across available files; not a measured active-file count,configured_request_depth,24,1,probe-l40.log,none,,,,,50331648,24,,sample,nfs-w24-r1,0.1339,,,,,/mnt/main0/home/nclack/tmp/2026-08-24-nfs/probe-l40.log,,line:37,pass,nfs,16106127360,8786500000.0,reported written bytes,GB/s,8.7865,retained io-depth wall_s; setup_s and fsync_s are separately reported,chucky dev/io-depth,true,,,,24,filesystem_write_control,
27.089,,,,64,threads,,direct,,,,filesystem_controls|cw-us-e4a2-l40-202-083|nfs|50331648|direct|0|1|64,,nfs-w32,synthetic,generated filesystem write buffers,2026-08-24,,,,,,1.6804,,0,filesystem_controls,,,false,0.0006,,,,,cw-us-e4a2-l40-202-083,,/mnt/main0/home/nclack/tmp/2026-08-24-nfs/probe-l40.log,,"Probe script calls this nconnect=16; per-job mount options were not saved, so recorded_nconnect is null. File and worker counts change in some controls.",39,132104.4,310982.8,in-flight request cap across available files; not a measured active-file count,configured_request_depth,32,1,probe-l40.log,none,,,,,50331648,32,,sample,nfs-w32-r1,0.1322,,,,,/mnt/main0/home/nclack/tmp/2026-08-24-nfs/probe-l40.log,,line:39,pass,nfs,16106127360,9584900000.0,reported written bytes,GB/s,9.5849,retained io-depth wall_s; setup_s and fsync_s are separately reported,chucky dev/io-depth,true,,,,32,filesystem_write_control,
34.744,,,,64,threads,,direct,,,,filesystem_controls|cw-us-e4a2-l40-202-083|nfs|50331648|direct|0|1|64,,nfs-w48,synthetic,generated filesystem write buffers,2026-08-24,,,,,,1.8261,,0,filesystem_controls,,,false,0.0005,,,,,cw-us-e4a2-l40-202-083,,/mnt/main0/home/nclack/tmp/2026-08-24-nfs/probe-l40.log,,"Probe script calls this nconnect=16; per-job mount options were not saved, so recorded_nconnect is null. File and worker counts change in some controls.",41,192908.2,393355.3,in-flight request cap across available files; not a measured active-file count,configured_request_depth,48,1,probe-l40.log,none,,,,,50331648,48,,sample,nfs-w48-r1,0.2251,,,,,/mnt/main0/home/nclack/tmp/2026-08-24-nfs/probe-l40.log,,line:41,pass,nfs,16106127360,8820100000.0,reported written bytes,GB/s,8.8201,retained io-depth wall_s; setup_s and fsync_s are separately reported,chucky dev/io-depth,true,,,,48,filesystem_write_control,
39.9,,,,64,threads,,direct,,,,filesystem_controls|cw-us-e4a2-l40-202-083|nfs|50331648|direct|0|1|64,,nfs-w64,synthetic,generated filesystem write buffers,2026-08-24,,,,,,2.1211,,0,filesystem_controls,,,false,0.0005,,,,,cw-us-e4a2-l40-202-083,,/mnt/main0/home/nclack/tmp/2026-08-24-nfs/probe-l40.log,,"Probe script calls this nconnect=16; per-job mount options were not saved, so recorded_nconnect is null. File and worker counts change in some controls.",43,258263.2,467550.6,in-flight request cap across available files; not a measured active-file count,configured_request_depth,64,1,probe-l40.log,none,,,,,50331648,64,,sample,nfs-w64-r1,0.2001,,,,,/mnt/main0/home/nclack/tmp/2026-08-24-nfs/probe-l40.log,,line:43,pass,nfs,16106127360,7593100000.0,reported written bytes,GB/s,7.5931,retained io-depth wall_s; setup_s and fsync_s are separately reported,chucky dev/io-depth,true,,,,64,filesystem_write_control,
2.0,,,,64,threads,,direct,,,,filesystem_controls|cw-us-e4a2-l40-202-083|nfs|50331648|direct|0|1|64,,nfs-w2,synthetic,generated filesystem write buffers,2026-08-24,,,,,,10.1861,,0,filesystem_controls,,,false,0.0005,,,,,cw-us-e4a2-l40-202-083,,/mnt/main0/home/nclack/tmp/2026-08-24-nfs/probe-l40.log,,"Probe script calls this nconnect=16; per-job mount options were not saved, so recorded_nconnect is null. File and worker counts change in some controls.",45,55832.7,133336.3,in-flight request cap across available files; not a measured active-file count,configured_request_depth,2,1,probe-l40.log,none,,,,,50331648,2,,sample,nfs-w2-r2,0.1368,,,,,/mnt/main0/home/nclack/tmp/2026-08-24-nfs/probe-l40.log,,line:45,pass,nfs,16106127360,1581200000.0,reported written bytes,GB/s,1.5812,retained io-depth wall_s; setup_s and fsync_s are separately reported,chucky dev/io-depth,true,,,,2,filesystem_write_control,
3.979,,,,64,threads,,direct,,,,filesystem_controls|cw-us-e4a2-l40-202-083|nfs|50331648|direct|0|1|64,,nfs-w4,synthetic,generated filesystem write buffers,2026-08-24,,,,,,5.7636,,0,filesystem_controls,,,false,0.0005,,,,,cw-us-e4a2-l40-202-083,,/mnt/main0/home/nclack/tmp/2026-08-24-nfs/probe-l40.log,,"Probe script calls this nconnect=16; per-job mount options were not saved, so recorded_nconnect is null. File and worker counts change in some controls.",47,63532.7,164340.4,in-flight request cap across available files; not a measured active-file count,configured_request_depth,4,1,probe-l40.log,none,,,,,50331648,4,,sample,nfs-w4-r2,0.2216,,,,,/mnt/main0/home/nclack/tmp/2026-08-24-nfs/probe-l40.log,,line:47,pass,nfs,16106127360,2794500000.0,reported written bytes,GB/s,2.7945,retained io-depth wall_s; setup_s and fsync_s are separately reported,chucky dev/io-depth,true,,,,4,filesystem_write_control,
7.889,,,,64,threads,,direct,,,,filesystem_controls|cw-us-e4a2-l40-202-083|nfs|50331648|direct|0|1|64,,nfs-w8,synthetic,generated filesystem write buffers,2026-08-24,,,,,,3.5224,,0,filesystem_controls,,,false,0.0005,,,,,cw-us-e4a2-l40-202-083,,/mnt/main0/home/nclack/tmp/2026-08-24-nfs/probe-l40.log,,"Probe script calls this nconnect=16; per-job mount options were not saved, so recorded_nconnect is null. File and worker counts change in some controls.",49,76546.5,219795.7,in-flight request cap across available files; not a measured active-file count,configured_request_depth,8,1,probe-l40.log,none,,,,,50331648,8,,sample,nfs-w8-r2,0.2452,,,,,/mnt/main0/home/nclack/tmp/2026-08-24-nfs/probe-l40.log,,line:49,pass,nfs,16106127360,4572500000.0,reported written bytes,GB/s,4.5725,retained io-depth wall_s; setup_s and fsync_s are separately reported,chucky dev/io-depth,true,,,,8,filesystem_write_control,
11.444,,,,64,threads,,direct,,,,filesystem_controls|cw-us-e4a2-l40-202-083|nfs|50331648|direct|0|1|64,,nfs-w12,synthetic,generated filesystem write buffers,2026-08-24,,,,,,3.1003,,0,filesystem_controls,,,false,0.0005,,,,,cw-us-e4a2-l40-202-083,,/mnt/main0/home/nclack/tmp/2026-08-24-nfs/probe-l40.log,,"Probe script calls this nconnect=16; per-job mount options were not saved, so recorded_nconnect is null. File and worker counts change in some controls.",51,93989.3,286014.7,in-flight request cap across available files; not a measured active-file count,configured_request_depth,12,1,probe-l40.log,none,,,,,50331648,12,,sample,nfs-w12-r2,0.2953,,,,,/mnt/main0/home/nclack/tmp/2026-08-24-nfs/probe-l40.log,,line:51,pass,nfs,16106127360,5195100000.0,reported written bytes,GB/s,5.1951,retained io-depth wall_s; setup_s and fsync_s are separately reported,chucky dev/io-depth,true,,,,12,filesystem_write_control,
13.974,,,,64,threads,,direct,,,,filesystem_controls|cw-us-e4a2-l40-202-083|nfs|50331648|direct|0|1|64,,nfs-w16,synthetic,generated filesystem write buffers,2026-08-24,,,,,,2.4331,,0,filesystem_controls,,,false,0.0005,,,,,cw-us-e4a2-l40-202-083,,/mnt/main0/home/nclack/tmp/2026-08-24-nfs/probe-l40.log,,"Probe script calls this nconnect=16; per-job mount options were not saved, so recorded_nconnect is null. File and worker counts change in some controls.",53,82831.7,416027.1,in-flight request cap across available files; not a measured active-file count,configured_request_depth,16,1,probe-l40.log,none,,,,,50331648,16,,sample,nfs-w16-r2,0.2214,,,,,/mnt/main0/home/nclack/tmp/2026-08-24-nfs/probe-l40.log,,line:53,pass,nfs,16106127360,6619500000.0,reported written bytes,GB/s,6.6195,retained io-depth wall_s; setup_s and fsync_s are separately reported,chucky dev/io-depth,true,,,,16,filesystem_write_control,
21.327,,,,64,threads,,direct,,,,filesystem_controls|cw-us-e4a2-l40-202-083|nfs|50331648|direct|0|1|64,,nfs-w24,synthetic,generated filesystem write buffers,2026-08-24,,,,,,2.2274,,0,filesystem_controls,,,false,0.0005,,,,,cw-us-e4a2-l40-202-083,,/mnt/main0/home/nclack/tmp/2026-08-24-nfs/probe-l40.log,,"Probe script calls this nconnect=16; per-job mount options were not saved, so recorded_nconnect is null. File and worker counts change in some controls.",55,111208.2,400426.8,in-flight request cap across available files; not a measured active-file count,configured_request_depth,24,1,probe-l40.log,none,,,,,50331648,24,,sample,nfs-w24-r2,0.1138,,,,,/mnt/main0/home/nclack/tmp/2026-08-24-nfs/probe-l40.log,,line:55,pass,nfs,16106127360,7231100000.0,reported written bytes,GB/s,7.2311,retained io-depth wall_s; setup_s and fsync_s are separately reported,chucky dev/io-depth,true,,,,24,filesystem_write_control,
20.266,,,,64,threads,,direct,,,,filesystem_controls|cw-us-e4a2-l40-202-083|nfs|50331648|direct|0|1|64,,nfs-w32,synthetic,generated filesystem write buffers,2026-08-24,,,,,,3.1656,,0,filesystem_controls,,,false,0.0005,,,,,cw-us-e4a2-l40-202-083,,/mnt/main0/home/nclack/tmp/2026-08-24-nfs/probe-l40.log,,"Probe script calls this nconnect=16; per-job mount options were not saved, so recorded_nconnect is null. File and worker counts change in some controls.",57,153993.8,780323.3,in-flight request cap across available files; not a measured active-file count,configured_request_depth,32,1,probe-l40.log,none,,,,,50331648,32,,sample,nfs-w32-r2,0.1494,,,,,/mnt/main0/home/nclack/tmp/2026-08-24-nfs/probe-l40.log,,line:57,pass,nfs,16106127360,5087800000.0,reported written bytes,GB/s,5.0878,retained io-depth wall_s; setup_s and fsync_s are separately reported,chucky dev/io-depth,true,,,,32,filesystem_write_control,
25.297,,,,64,threads,,direct,,,,filesystem_controls|cw-us-e4a2-l40-202-083|nfs|50331648|direct|0|1|64,,nfs-w48,synthetic,generated filesystem write buffers,2026-08-24,,,,,,3.2005,,0,filesystem_controls,,,false,0.0005,,,,,cw-us-e4a2-l40-202-083,,/mnt/main0/home/nclack/tmp/2026-08-24-nfs/probe-l40.log,,"Probe script calls this nconnect=16; per-job mount options were not saved, so recorded_nconnect is null. File and worker counts change in some controls.",59,218386.4,701106.3,in-flight request cap across available files; not a measured active-file count,configured_request_depth,48,1,probe-l40.log,none,,,,,50331648,48,,sample,nfs-w48-r2,0.1198,,,,,/mnt/main0/home/nclack/tmp/2026-08-24-nfs/probe-l40.log,,line:59,pass,nfs,16106127360,5032300000.0,reported written bytes,GB/s,5.0323,retained io-depth wall_s; setup_s and fsync_s are separately reported,chucky dev/io-depth,true,,,,48,filesystem_write_control,
30.135,,,,64,threads,,direct,,,,filesystem_controls|cw-us-e4a2-l40-202-083|nfs|50331648|direct|0|1|64,,nfs-w64,synthetic,generated filesystem write buffers,2026-08-24,,,,,,2.7088,,0,filesystem_controls,,,false,0.0005,,,,,cw-us-e4a2-l40-202-083,,/mnt/main0/home/nclack/tmp/2026-08-24-nfs/probe-l40.log,,"Probe script calls this nconnect=16; per-job mount options were not saved, so recorded_nconnect is null. File and worker counts change in some controls.",61,233463.6,714530.0,in-flight request cap across available files; not a measured active-file count,configured_request_depth,64,1,probe-l40.log,none,,,,,50331648,64,,sample,nfs-w64-r2,0.097,,,,,/mnt/main0/home/nclack/tmp/2026-08-24-nfs/probe-l40.log,,line:61,pass,nfs,16106127360,5946000000.0,reported written bytes,GB/s,5.946,retained io-depth wall_s; setup_s and fsync_s are separately reported,chucky dev/io-depth,true,,,,64,filesystem_write_control,
5.887,,,,8,threads,,direct,,,,filesystem_controls|cw-us-e4a2-l40-202-083|nfs|50331648|direct|0|1|8,,nfs-8files-cap1,synthetic,generated filesystem write buffers,2026-08-24,,,,,,4.2062,,0,filesystem_controls,,,false,0.0001,,,,,cw-us-e4a2-l40-202-083,,/mnt/main0/home/nclack/tmp/2026-08-24-nfs/probe-l40.log,,"Probe script calls this nconnect=16; per-job mount options were not saved, so recorded_nconnect is null. File and worker counts change in some controls.",65,66927.3,137103.0,in-flight request cap across available files; not a measured active-file count,configured_request_depth,32,1,probe-l40.log,none,,,,,50331648,32,,sample,nfs-8files-cap1,0.0244,,,,,/mnt/main0/home/nclack/tmp/2026-08-24-nfs/probe-l40.log,,line:65,pass,nfs,16911433728,4020500000.0,reported written bytes,GB/s,4.0205,retained io-depth wall_s; setup_s and fsync_s are separately reported,chucky dev/io-depth,true,,,,32,filesystem_write_control,
11.574,,,,8,threads,,direct,,,,filesystem_controls|cw-us-e4a2-l40-202-083|nfs|50331648|direct|0|2|8,,nfs-8files-cap2,synthetic,generated filesystem write buffers,2026-08-24,,,,,,4.684,,0,filesystem_controls,,,false,0.0001,,,,,cw-us-e4a2-l40-202-083,,/mnt/main0/home/nclack/tmp/2026-08-24-nfs/probe-l40.log,,"Probe script calls this nconnect=16; per-job mount options were not saved, so recorded_nconnect is null. File and worker counts change in some controls.",67,154401.1,290770.1,in-flight request cap across available files; not a measured active-file count,configured_request_depth,32,2,probe-l40.log,none,,,,,50331648,32,,sample,nfs-8files-cap2,0.0131,,,,,/mnt/main0/home/nclack/tmp/2026-08-24-nfs/probe-l40.log,,line:67,pass,nfs,16911433728,3610500000.0,reported written bytes,GB/s,3.6105,retained io-depth wall_s; setup_s and fsync_s are separately reported,chucky dev/io-depth,true,,,,32,filesystem_write_control,
16.028,,,,8,threads,,direct,,,,filesystem_controls|cw-us-e4a2-l40-202-083|nfs|50331648|direct|0|4|8,,nfs-8files-cap4,synthetic,generated filesystem write buffers,2026-08-24,,,,,,6.2239,,0,filesystem_controls,,,false,0.0001,,,,,cw-us-e4a2-l40-202-083,,/mnt/main0/home/nclack/tmp/2026-08-24-nfs/probe-l40.log,,"Probe script calls this nconnect=16; per-job mount options were not saved, so recorded_nconnect is null. File and worker counts change in some controls.",69,225150.0,656748.4,in-flight request cap across available files; not a measured active-file count,configured_request_depth,32,4,probe-l40.log,none,,,,,50331648,32,,sample,nfs-8files-cap4,0.0202,,,,,/mnt/main0/home/nclack/tmp/2026-08-24-nfs/probe-l40.log,,line:69,pass,nfs,16911433728,2717200000.0,reported written bytes,GB/s,2.7172,retained io-depth wall_s; setup_s and fsync_s are separately reported,chucky dev/io-depth,true,,,,32,filesystem_write_control,
25.269,,,,8,threads,,direct,,,,filesystem_controls|cw-us-e4a2-l40-202-083|nfs|50331648|direct|0|8|8,,nfs-8files-cap8,synthetic,generated filesystem write buffers,2026-08-24,,,,,,8.3103,,0,filesystem_controls,,,false,0.0001,,,,,cw-us-e4a2-l40-202-083,,/mnt/main0/home/nclack/tmp/2026-08-24-nfs/probe-l40.log,,"Probe script calls this nconnect=16; per-job mount options were not saved, so recorded_nconnect is null. File and worker counts change in some controls.",71,238810.6,1687299.2,in-flight request cap across available files; not a measured active-file count,configured_request_depth,32,8,probe-l40.log,none,,,,,50331648,32,,sample,nfs-8files-cap8,0.016,,,,,/mnt/main0/home/nclack/tmp/2026-08-24-nfs/probe-l40.log,,line:71,pass,nfs,16911433728,2035000000.0000002,reported written bytes,GB/s,2.035,retained io-depth wall_s; setup_s and fsync_s are separately reported,chucky dev/io-depth,true,,,,32,filesystem_write_control,
27.047,,,,8,threads,,direct,,,,filesystem_controls|cw-us-e4a2-l40-202-083|nfs|50331648|direct|0|16|8,,nfs-8files-cap16,synthetic,generated filesystem write buffers,2026-08-24,,,,,,6.6103,,0,filesystem_controls,,,false,0.0001,,,,,cw-us-e4a2-l40-202-083,,/mnt/main0/home/nclack/tmp/2026-08-24-nfs/probe-l40.log,,"Probe script calls this nconnect=16; per-job mount options were not saved, so recorded_nconnect is null. File and worker counts change in some controls.",73,151308.0,2406093.0,in-flight request cap across available files; not a measured active-file count,configured_request_depth,32,16,probe-l40.log,none,,,,,50331648,32,,sample,nfs-8files-cap16,0.0255,,,,,/mnt/main0/home/nclack/tmp/2026-08-24-nfs/probe-l40.log,,line:73,pass,nfs,16911433728,2558300000.0,reported written bytes,GB/s,2.5583,retained io-depth wall_s; setup_s and fsync_s are separately reported,chucky dev/io-depth,true,,,,32,filesystem_write_control,
1.0,,,,1,threads,,direct,,,,filesystem_controls|cw-us-e4a2-l40-202-083|nfs|50331648|direct|0|1|1,,nfs-1file-cap1,synthetic,generated filesystem write buffers,2026-08-24,,,,,,16.4148,,0,filesystem_controls,,,false,0.0,,,,,cw-us-e4a2-l40-202-083,,/mnt/main0/home/nclack/tmp/2026-08-24-nfs/probe-l40.log,,"Probe script calls this nconnect=16; per-job mount options were not saved, so recorded_nconnect is null. File and worker counts change in some controls.",77,46856.2,65730.8,in-flight request cap across available files; not a measured active-file count,configured_request_depth,32,1,probe-l40.log,none,,,,,50331648,32,,sample,nfs-1file-cap1,0.0024,,,,,/mnt/main0/home/nclack/tmp/2026-08-24-nfs/probe-l40.log,,line:77,pass,nfs,17163091968,1045600000.0000001,reported written bytes,GB/s,1.0456,retained io-depth wall_s; setup_s and fsync_s are separately reported,chucky dev/io-depth,true,,,,32,filesystem_write_control,
1.997,,,,1,threads,,direct,,,,filesystem_controls|cw-us-e4a2-l40-202-083|nfs|50331648|direct|0|2|1,,nfs-1file-cap2,synthetic,generated filesystem write buffers,2026-08-24,,,,,,13.7823,,0,filesystem_controls,,,false,0.0,,,,,cw-us-e4a2-l40-202-083,,/mnt/main0/home/nclack/tmp/2026-08-24-nfs/probe-l40.log,,"Probe script calls this nconnect=16; per-job mount options were not saved, so recorded_nconnect is null. File and worker counts change in some controls.",79,79717.4,104279.0,in-flight request cap across available files; not a measured active-file count,configured_request_depth,32,2,probe-l40.log,none,,,,,50331648,32,,sample,nfs-1file-cap2,0.0025,,,,,/mnt/main0/home/nclack/tmp/2026-08-24-nfs/probe-l40.log,,line:79,pass,nfs,17163091968,1245300000.0,reported written bytes,GB/s,1.2453,retained io-depth wall_s; setup_s and fsync_s are separately reported,chucky dev/io-depth,true,,,,32,filesystem_write_control,
3.982,,,,1,threads,,direct,,,,filesystem_controls|cw-us-e4a2-l40-202-083|nfs|50331648|direct|0|4|1,,nfs-1file-cap4,synthetic,generated filesystem write buffers,2026-08-24,,,,,,16.0068,,0,filesystem_controls,,,false,0.0,,,,,cw-us-e4a2-l40-202-083,,/mnt/main0/home/nclack/tmp/2026-08-24-nfs/probe-l40.log,,"Probe script calls this nconnect=16; per-job mount options were not saved, so recorded_nconnect is null. File and worker counts change in some controls.",81,180363.2,278388.4,in-flight request cap across available files; not a measured active-file count,configured_request_depth,32,4,probe-l40.log,none,,,,,50331648,32,,sample,nfs-1file-cap4,0.0015,,,,,/mnt/main0/home/nclack/tmp/2026-08-24-nfs/probe-l40.log,,line:81,pass,nfs,17163091968,1072200000.0,reported written bytes,GB/s,1.0722,retained io-depth wall_s; setup_s and fsync_s are separately reported,chucky dev/io-depth,true,,,,32,filesystem_write_control,
7.917,,,,1,threads,,direct,,,,filesystem_controls|cw-us-e4a2-l40-202-083|nfs|50331648|direct|0|8|1,,nfs-1file-cap8,synthetic,generated filesystem write buffers,2026-08-24,,,,,,16.8879,,0,filesystem_controls,,,false,0.0,,,,,cw-us-e4a2-l40-202-083,,/mnt/main0/home/nclack/tmp/2026-08-24-nfs/probe-l40.log,,"Probe script calls this nconnect=16; per-job mount options were not saved, so recorded_nconnect is null. File and worker counts change in some controls.",83,382358.0,570425.5,in-flight request cap across available files; not a measured active-file count,configured_request_depth,32,8,probe-l40.log,none,,,,,50331648,32,,sample,nfs-1file-cap8,0.0015,,,,,/mnt/main0/home/nclack/tmp/2026-08-24-nfs/probe-l40.log,,line:83,pass,nfs,17163091968,1016300000.0,reported written bytes,GB/s,1.0163,retained io-depth wall_s; setup_s and fsync_s are separately reported,chucky dev/io-depth,true,,,,32,filesystem_write_control,
15.676,,,,1,threads,,direct,,,,filesystem_controls|cw-us-e4a2-l40-202-083|nfs|50331648|direct|0|16|1,,nfs-1file-cap16,synthetic,generated filesystem write buffers,2026-08-24,,,,,,14.7763,,0,filesystem_controls,,,false,0.0,,,,,cw-us-e4a2-l40-202-083,,/mnt/main0/home/nclack/tmp/2026-08-24-nfs/probe-l40.log,,"Probe script calls this nconnect=16; per-job mount options were not saved, so recorded_nconnect is null. File and worker counts change in some controls.",85,623407.0,948114.8,in-flight request cap across available files; not a measured active-file count,configured_request_depth,32,16,probe-l40.log,none,,,,,50331648,32,,sample,nfs-1file-cap16,0.0016,,,,,/mnt/main0/home/nclack/tmp/2026-08-24-nfs/probe-l40.log,,line:85,pass,nfs,17163091968,1161500000.0,reported written bytes,GB/s,1.1615,retained io-depth wall_s; setup_s and fsync_s are separately reported,chucky dev/io-depth,true,,,,32,filesystem_write_control,
30.541,,,,1,threads,,direct,,,,filesystem_controls|cw-us-e4a2-l40-202-083|nfs|50331648|direct|0|32|1,,nfs-1file-cap32,synthetic,generated filesystem write buffers,2026-08-24,,,,,,12.6858,,0,filesystem_controls,,,false,0.0,,,,,cw-us-e4a2-l40-202-083,,/mnt/main0/home/nclack/tmp/2026-08-24-nfs/probe-l40.log,,"Probe script calls this nconnect=16; per-job mount options were not saved, so recorded_nconnect is null. File and worker counts change in some controls.",87,1203491.4,1398944.4,in-flight request cap across available files; not a measured active-file count,configured_request_depth,32,32,probe-l40.log,none,,,,,50331648,32,,sample,nfs-1file-cap32,0.0016,,,,,/mnt/main0/home/nclack/tmp/2026-08-24-nfs/probe-l40.log,,line:87,pass,nfs,17163091968,1352900000.0,reported written bytes,GB/s,1.3529,retained io-depth wall_s; setup_s and fsync_s are separately reported,chucky dev/io-depth,true,,,,32,filesystem_write_control,
15.88,,,,64,threads,,direct,,,,filesystem_controls|cw-us-e4a2-l40-202-083|nfs|1048576|direct|0|1|64,,nfs-req1M,synthetic,generated filesystem write buffers,2026-08-24,,,,,,5.4777,,0,filesystem_controls,,,false,0.0005,,,,,cw-us-e4a2-l40-202-083,,/mnt/main0/home/nclack/tmp/2026-08-24-nfs/probe-l40.log,,"Probe script calls this nconnect=16; per-job mount options were not saved, so recorded_nconnect is null. File and worker counts change in some controls.",90,4510.2,17882.9,in-flight request cap across available files; not a measured active-file count,configured_request_depth,16,1,probe-l40.log,none,,,,,1048576,16,,sample,nfs-req1M,0.1219,,,,,/mnt/main0/home/nclack/tmp/2026-08-24-nfs/probe-l40.log,,line:90,pass,nfs,17179869184,3136300000.0,reported written bytes,GB/s,3.1363,retained io-depth wall_s; setup_s and fsync_s are separately reported,chucky dev/io-depth,true,,,,16,filesystem_write_control,
15.939,,,,64,threads,,direct,,,,filesystem_controls|cw-us-e4a2-l40-202-083|nfs|4194304|direct|0|1|64,,nfs-req4M,synthetic,generated filesystem write buffers,2026-08-24,,,,,,2.8403,,0,filesystem_controls,,,false,0.0005,,,,,cw-us-e4a2-l40-202-083,,/mnt/main0/home/nclack/tmp/2026-08-24-nfs/probe-l40.log,,"Probe script calls this nconnect=16; per-job mount options were not saved, so recorded_nconnect is null. File and worker counts change in some controls.",91,9846.3,28354.4,in-flight request cap across available files; not a measured active-file count,configured_request_depth,16,1,probe-l40.log,none,,,,,4194304,16,,sample,nfs-req4M,0.1292,,,,,/mnt/main0/home/nclack/tmp/2026-08-24-nfs/probe-l40.log,,line:91,pass,nfs,17179869184,6048500000.0,reported written bytes,GB/s,6.0485,retained io-depth wall_s; setup_s and fsync_s are separately reported,chucky dev/io-depth,true,,,,16,filesystem_write_control,
15.873,,,,64,threads,,direct,,,,filesystem_controls|cw-us-e4a2-l40-202-083|nfs|8388608|direct|0|1|64,,nfs-req8M,synthetic,generated filesystem write buffers,2026-08-24,,,,,,2.3859,,0,filesystem_controls,,,false,0.0005,,,,,cw-us-e4a2-l40-202-083,,/mnt/main0/home/nclack/tmp/2026-08-24-nfs/probe-l40.log,,"Probe script calls this nconnect=16; per-job mount options were not saved, so recorded_nconnect is null. File and worker counts change in some controls.",92,16990.5,40084.9,in-flight request cap across available files; not a measured active-file count,configured_request_depth,16,1,probe-l40.log,none,,,,,8388608,16,,sample,nfs-req8M,0.236,,,,,/mnt/main0/home/nclack/tmp/2026-08-24-nfs/probe-l40.log,,line:92,pass,nfs,17179869184,7200600000.0,reported written bytes,GB/s,7.2006,retained io-depth wall_s; setup_s and fsync_s are separately reported,chucky dev/io-depth,true,,,,16,filesystem_write_control,
15.635,,,,64,threads,,direct,,,,filesystem_controls|cw-us-e4a2-l40-202-083|nfs|16777216|direct|0|1|64,,nfs-req16M,synthetic,generated filesystem write buffers,2026-08-24,,,,,,2.7539,,0,filesystem_controls,,,false,0.0005,,,,,cw-us-e4a2-l40-202-083,,/mnt/main0/home/nclack/tmp/2026-08-24-nfs/probe-l40.log,,"Probe script calls this nconnect=16; per-job mount options were not saved, so recorded_nconnect is null. File and worker counts change in some controls.",93,30815.1,179554.3,in-flight request cap across available files; not a measured active-file count,configured_request_depth,16,1,probe-l40.log,none,,,,,16777216,16,,sample,nfs-req16M,0.1857,,,,,/mnt/main0/home/nclack/tmp/2026-08-24-nfs/probe-l40.log,,line:93,pass,nfs,17179869184,6238400000.0,reported written bytes,GB/s,6.2384,retained io-depth wall_s; setup_s and fsync_s are separately reported,chucky dev/io-depth,true,,,,16,filesystem_write_control,
14.985,,,,64,threads,,direct,,,,filesystem_controls|cw-us-e4a2-l40-202-083|nfs|50331648|direct|0|1|64,,nfs-req48M,synthetic,generated filesystem write buffers,2026-08-24,,,,,,2.1981,,0,filesystem_controls,,,false,0.0005,,,,,cw-us-e4a2-l40-202-083,,/mnt/main0/home/nclack/tmp/2026-08-24-nfs/probe-l40.log,,"Probe script calls this nconnect=16; per-job mount options were not saved, so recorded_nconnect is null. File and worker counts change in some controls.",95,77422.5,314291.3,in-flight request cap across available files; not a measured active-file count,configured_request_depth,16,1,probe-l40.log,none,,,,,50331648,16,,sample,nfs-req48M,0.1259,,,,,/mnt/main0/home/nclack/tmp/2026-08-24-nfs/probe-l40.log,,line:95,pass,nfs,16106127360,7327200000.0,reported written bytes,GB/s,7.3272,retained io-depth wall_s; setup_s and fsync_s are separately reported,chucky dev/io-depth,true,,,,16,filesystem_write_control,
15.828,,,,64,threads,,buffered,,,,filesystem_controls|cw-us-e4a2-l40-202-083|nfs|50331648|buffered|0|1|64,,nfs-buffered,synthetic,generated filesystem write buffers,2026-08-24,,,,,,2.7232,,0,filesystem_controls,,,false,0.1439,,,,,cw-us-e4a2-l40-202-083,,/mnt/main0/home/nclack/tmp/2026-08-24-nfs/probe-l40.log,,"Probe script calls this nconnect=16; per-job mount options were not saved, so recorded_nconnect is null. File and worker counts change in some controls.",99,94235.0,619501.9,in-flight request cap across available files; not a measured active-file count,configured_request_depth,16,1,probe-l40.log,none,,,,,50331648,16,,sample,nfs-buffered,0.1099,,,,,/mnt/main0/home/nclack/tmp/2026-08-24-nfs/probe-l40.log,,line:99,pass,nfs,16106127360,5914500000.0,reported written bytes,GB/s,5.9145,retained io-depth wall_s; setup_s and fsync_s are separately reported,chucky dev/io-depth,true,,,,16,filesystem_write_control,
13.404,,,,64,threads,,direct,,,,filesystem_controls|cw-us-e4a2-l40-202-083|nfs|50331648|direct|1|1|64,,nfs-direct-fsync,synthetic,generated filesystem write buffers,2026-08-24,,,,,,2.6051,,0,filesystem_controls,,,true,0.0006,,,,,cw-us-e4a2-l40-202-083,,/mnt/main0/home/nclack/tmp/2026-08-24-nfs/probe-l40.log,,"Probe script calls this nconnect=16; per-job mount options were not saved, so recorded_nconnect is null. File and worker counts change in some controls.",101,77264.1,461492.5,in-flight request cap across available files; not a measured active-file count,configured_request_depth,16,1,probe-l40.log,none,,,,,50331648,16,,sample,nfs-direct-fsync,0.0942,,,,,/mnt/main0/home/nclack/tmp/2026-08-24-nfs/probe-l40.log,,line:101,pass,nfs,16106127360,6182600000.0,reported written bytes,GB/s,6.1826,retained io-depth wall_s; setup_s and fsync_s are separately reported,chucky dev/io-depth,true,,,,16,filesystem_write_control,
15.789,,,,64,threads,,buffered,,,,filesystem_controls|cw-us-e4a2-l40-202-083|nfs|50331648|buffered|1|1|64,,nfs-buffered-fsync,synthetic,generated filesystem write buffers,2026-08-24,,,,,,2.6511,,0,filesystem_controls,,,true,0.1657,,,,,cw-us-e4a2-l40-202-083,,/mnt/main0/home/nclack/tmp/2026-08-24-nfs/probe-l40.log,,"Probe script calls this nconnect=16; per-job mount options were not saved, so recorded_nconnect is null. File and worker counts change in some controls.",103,130354.6,220769.3,in-flight request cap across available files; not a measured active-file count,configured_request_depth,16,1,probe-l40.log,none,,,,,50331648,16,,sample,nfs-buffered-fsync,0.111,,,,,/mnt/main0/home/nclack/tmp/2026-08-24-nfs/probe-l40.log,,line:103,pass,nfs,16106127360,6075200000.0,reported written bytes,GB/s,6.0752,retained io-depth wall_s; setup_s and fsync_s are separately reported,chucky dev/io-depth,true,,,,16,filesystem_write_control,
13.128,,,,64,threads,,direct,,,,filesystem_controls|cw-us-e4a2-l40-202-083|nfs|50331648|direct|0|1|64,,nfs-wirecheck,synthetic,generated filesystem write buffers,2026-08-24,,,,,,3.4619,,0,filesystem_controls,,,false,0.0006,,,,,cw-us-e4a2-l40-202-083,,/mnt/main0/home/nclack/tmp/2026-08-24-nfs/probe-l40.log,,"Probe script calls this nconnect=16; per-job mount options were not saved, so recorded_nconnect is null. File and worker counts change in some controls.",108,71905.3,639384.2,in-flight request cap across available files; not a measured active-file count,configured_request_depth,16,1,probe-l40.log,none,,,,,50331648,16,,sample,nfs-wirecheck,0.1581,,,,,/mnt/main0/home/nclack/tmp/2026-08-24-nfs/probe-l40.log,,line:108,pass,nfs,16106127360,4652500000.0,reported written bytes,GB/s,4.6525,retained io-depth wall_s; setup_s and fsync_s are separately reported,chucky dev/io-depth,true,,,,16,filesystem_write_control,
1.0,,,,64,threads,,direct,,,,filesystem_controls|cw-us-e4a2-l40-202-083|xfs|50331648|direct|0|1|64,,local-w1,synthetic,generated filesystem write buffers,2026-08-24,,,,,,5.767,,0,filesystem_controls,,,false,0.0004,,,,,cw-us-e4a2-l40-202-083,,/mnt/main0/home/nclack/tmp/2026-08-24-nfs/probe-l40.log,,"Probe script calls this nconnect=16; per-job mount options were not saved, so recorded_nconnect is null. File and worker counts change in some controls.",116,18055.2,19986.4,in-flight request cap across available files; not a measured active-file count,configured_request_depth,1,1,probe-l40.log,none,,,,,50331648,1,,sample,local-w1,0.0009,,,,,/mnt/main0/home/nclack/tmp/2026-08-24-nfs/probe-l40.log,,line:116,pass,xfs,16106127360,2792800000.0,reported written bytes,GB/s,2.7928,retained io-depth wall_s; setup_s and fsync_s are separately reported,chucky dev/io-depth,true,,,,1,filesystem_write_control,
7.936,,,,64,threads,,direct,,,,filesystem_controls|cw-us-e4a2-l40-202-083|xfs|50331648|direct|0|1|64,,local-w8,synthetic,generated filesystem write buffers,2026-08-24,,,,,,8.4319,,0,filesystem_controls,,,false,0.0004,,,,,cw-us-e4a2-l40-202-083,,/mnt/main0/home/nclack/tmp/2026-08-24-nfs/probe-l40.log,,"Probe script calls this nconnect=16; per-job mount options were not saved, so recorded_nconnect is null. File and worker counts change in some controls.",118,149353.1,703522.7,in-flight request cap across available files; not a measured active-file count,configured_request_depth,8,1,probe-l40.log,none,,,,,50331648,8,,sample,local-w8,0.0009,,,,,/mnt/main0/home/nclack/tmp/2026-08-24-nfs/probe-l40.log,,line:118,pass,xfs,16106127360,1910100000.0,reported written bytes,GB/s,1.9101,retained io-depth wall_s; setup_s and fsync_s are separately reported,chucky dev/io-depth,true,,,,8,filesystem_write_control,
15.786,,,,64,threads,,direct,,,,filesystem_controls|cw-us-e4a2-l40-202-083|xfs|50331648|direct|0|1|64,,local-w16,synthetic,generated filesystem write buffers,2026-08-24,,,,,,10.0283,,0,filesystem_controls,,,false,0.0004,,,,,cw-us-e4a2-l40-202-083,,/mnt/main0/home/nclack/tmp/2026-08-24-nfs/probe-l40.log,,"Probe script calls this nconnect=16; per-job mount options were not saved, so recorded_nconnect is null. File and worker counts change in some controls.",120,406037.0,1586911.3,in-flight request cap across available files; not a measured active-file count,configured_request_depth,16,1,probe-l40.log,none,,,,,50331648,16,,sample,local-w16,0.0007,,,,,/mnt/main0/home/nclack/tmp/2026-08-24-nfs/probe-l40.log,,line:120,pass,xfs,16106127360,1606100000.0,reported written bytes,GB/s,1.6061,retained io-depth wall_s; setup_s and fsync_s are separately reported,chucky dev/io-depth,true,,,,16,filesystem_write_control,
30.709,,,,64,threads,,direct,,,,filesystem_controls|cw-us-e4a2-l40-202-083|xfs|50331648|direct|0|1|64,,local-w32,synthetic,generated filesystem write buffers,2026-08-24,,,,,,10.2629,,0,filesystem_controls,,,false,0.0004,,,,,cw-us-e4a2-l40-202-083,,/mnt/main0/home/nclack/tmp/2026-08-24-nfs/probe-l40.log,,"Probe script calls this nconnect=16; per-job mount options were not saved, so recorded_nconnect is null. File and worker counts change in some controls.",122,910137.5,2833411.4,in-flight request cap across available files; not a measured active-file count,configured_request_depth,32,1,probe-l40.log,none,,,,,50331648,32,,sample,local-w32,0.0007,,,,,/mnt/main0/home/nclack/tmp/2026-08-24-nfs/probe-l40.log,,line:122,pass,xfs,16106127360,1569400000.0,reported written bytes,GB/s,1.5694,retained io-depth wall_s; setup_s and fsync_s are separately reported,chucky dev/io-depth,true,,,,32,filesystem_write_control,
54.116,,,,64,threads,,direct,,,,filesystem_controls|cw-us-e4a2-l40-202-083|xfs|50331648|direct|0|1|64,,local-w64,synthetic,generated filesystem write buffers,2026-08-24,,,,,,9.4665,,0,filesystem_controls,,,false,0.0004,,,,,cw-us-e4a2-l40-202-083,,/mnt/main0/home/nclack/tmp/2026-08-24-nfs/probe-l40.log,,"Probe script calls this nconnect=16; per-job mount options were not saved, so recorded_nconnect is null. File and worker counts change in some controls.",124,1368601.7,5531016.0,in-flight request cap across available files; not a measured active-file count,configured_request_depth,64,1,probe-l40.log,none,,,,,50331648,64,,sample,local-w64,0.0008,,,,,/mnt/main0/home/nclack/tmp/2026-08-24-nfs/probe-l40.log,,line:124,pass,xfs,16106127360,1701400000.0,reported written bytes,GB/s,1.7014,retained io-depth wall_s; setup_s and fsync_s are separately reported,chucky dev/io-depth,true,,,,64,filesystem_write_control,
