run_id,config_id,family,machine,workers_requested,host_peak_bytes,device_peak_bytes,elapsed_s,throughput_B_s,chunk_capacity_min_bytes,chunk_capacity_max_bytes,shard_capacity_min_bytes,shard_capacity_max_bytes,geometry_is_modeled,status,plot_eligible_memory_throughput,missing_reason,source_file,source_locator,derived_source_file,derived_source_locator
chammi-mix-job2474377,chammi-mix,chammi,,16,,,,,11648,65536,11648,35389440,True,logged_complete,False,per-conversion timing and measured peak memory absent; do not plot null as zero,/mnt/main0/home/nclack/tmp/2026-06-15-chammi-reformat/cpu_job.log,L12-L13,conversion-runs.csv,run_id=chammi-mix-job2474377
chammi-idr0017-job2474377,chammi-idr0017,chammi,,16,,,,,65536,65536,8388608,8388608,True,logged_complete,False,per-conversion timing and measured peak memory absent; do not plot null as zero,/mnt/main0/home/nclack/tmp/2026-06-15-chammi-reformat/cpu_job.log,L23-L24,conversion-runs.csv,run_id=chammi-idr0017-job2474377
chammi-idr0017-4shard-job2474402,chammi-idr0017-4shard,chammi,,16,,,,,65536,65536,2097152,2097152,True,logged_complete,False,per-conversion timing and measured peak memory absent; do not plot null as zero,/mnt/main0/home/nclack/tmp/2026-06-15-chammi-reformat/cpu_job2.log,L12-L13,conversion-runs.csv,run_id=chammi-idr0017-4shard-job2474402
chammi-idr0017-8shard-job2474402,chammi-idr0017-8shard,chammi,,16,,,,,65536,65536,1048576,1048576,True,logged_complete,False,per-conversion timing and measured peak memory absent; do not plot null as zero,/mnt/main0/home/nclack/tmp/2026-06-15-chammi-reformat/cpu_job2.log,L23-L24,conversion-runs.csv,run_id=chammi-idr0017-8shard-job2474402
chammi-idr0017-2shard-job2474768,chammi-idr0017-2shard,chammi,,16,,,,,65536,65536,4194304,4194304,True,logged_complete,False,per-conversion timing and measured peak memory absent; do not plot null as zero,/mnt/main0/home/nclack/tmp/2026-06-15-chammi-reformat/cpu_job3.log,L4-L5,conversion-runs.csv,run_id=chammi-idr0017-2shard-job2474768
chammi-idr0017-16shard-job2474768,chammi-idr0017-16shard,chammi,,16,,,,,65536,65536,524288,524288,True,logged_complete,False,per-conversion timing and measured peak memory absent; do not plot null as zero,/mnt/main0/home/nclack/tmp/2026-06-15-chammi-reformat/cpu_job3.log,L7-L8,conversion-runs.csv,run_id=chammi-idr0017-16shard-job2474768
chammi-idr0017-32shard-job2474768,chammi-idr0017-32shard,chammi,,16,,,,,65536,65536,262144,262144,True,logged_complete,False,per-conversion timing and measured peak memory absent; do not plot null as zero,/mnt/main0/home/nclack/tmp/2026-06-15-chammi-reformat/cpu_job3.log,L10-L11,conversion-runs.csv,run_id=chammi-idr0017-32shard-job2474768
chammi-idr0017-64shard-job2474768,chammi-idr0017-64shard,chammi,,16,,,,,65536,65536,131072,131072,True,logged_complete,False,per-conversion timing and measured peak memory absent; do not plot null as zero,/mnt/main0/home/nclack/tmp/2026-06-15-chammi-reformat/cpu_job3.log,L13-L14,conversion-runs.csv,run_id=chammi-idr0017-64shard-job2474768
chammi-idr0017-128shard-job2474768,chammi-idr0017-128shard,chammi,,16,,,,,65536,65536,65536,65536,True,logged_complete,False,per-conversion timing and measured peak memory absent; do not plot null as zero,/mnt/main0/home/nclack/tmp/2026-06-15-chammi-reformat/cpu_job3.log,L16-L17,conversion-runs.csv,run_id=chammi-idr0017-128shard-job2474768
dynacell-reformat-job2476048,dynacell-reformat,dynacell,cpu-turin-gp-l-243-191,16,,,,,65536,65536,4194304,4194304,True,logged_complete,False,per-conversion timing and measured peak memory absent; do not plot null as zero,/mnt/main0/home/nclack/tmp/2026-06-15-dynacell-reformat/logs/rechunk.log,L10-L12,conversion-runs.csv,run_id=dynacell-reformat-job2476048
dynacell-current-job2476048,dynacell-current,dynacell,cpu-turin-gp-l-243-191,16,,,,,1048576,1048576,16777216,16777216,True,logged_complete,False,per-conversion timing and measured peak memory absent; do not plot null as zero,/mnt/main0/home/nclack/tmp/2026-06-15-dynacell-reformat/logs/rechunk.log,L18-L20,conversion-runs.csv,run_id=dynacell-current-job2476048
