run_id,config_id,family,record_granularity,source_file,source_locator,source_sha256,script_file,script_snapshot_sha256,job_script_file,source_scenario_file,destination_scenario_file,job_id,date,date_basis,execution_order_in_retained_jobs,tool,requested_tool_version,measured_tool_version,tool_revision,script_revision_status,backend,machine,workload,dataset,source_storage_path,destination_storage_path,source_storage_type,destination_storage_type,storage_context,recorded_mount_options,recorded_nconnect,source_format,destination_format,format_version_changed,source_dtype,destination_dtype,value_transform,scope,array_count,source_array_shapes,destination_array_shapes,source_chunk_shapes,source_shard_shapes,destination_chunk_shapes,destination_shard_shapes,destination_layout_evidence,source_layout_evidence,requested_chunk_shape,requested_shard_inner_chunk_counts,requested_shard_rule,shards_per_array_logged,shards_per_array_from_geometry,destination_chunk_capacity_min_bytes,destination_chunk_capacity_max_bytes,destination_shard_capacity_min_bytes,destination_shard_capacity_max_bytes,capacity_byte_definition,codec,traversal,processing_block_shape,processing_block_min_nominal_bytes,processing_block_max_nominal_bytes,logical_processed_bytes_from_current_metadata,geometry_quantity_scope,workers_requested,submitted_array_tasks,measured_tasks_in_flight,measured_active_input_files,measured_active_output_files,queue_limit_bytes,cache_limit_bytes,configured_host_memory_budget_bytes,configured_device_memory_budget_bytes,job_memory_request_bytes,temporary_storage,intermediate_storage,repetition,source_io_and_decode_executed,source_io_and_decode_timed,input_staging,timing_scope,elapsed_s,throughput_B_s,throughput_numerator,host_peak_bytes,host_peak_method,host_peak_scope,device_peak_bytes,device_peak_method,pinned_host_peak_bytes,component_allocation_measurements,modeled_total_peak_bytes,temporary_disk_peak_bytes,source_bytes_read,output_bytes_rewritten,stored_output_bytes,output_allocated_size_human,output_size_method,conversion_memory_budget_met,status,errors_logged,skips_logged,validation_status,durability_scope,output_retention_check,notes
chammi-mix-job2474377,chammi-mix,chammi,one_logged_configuration_batch,/mnt/main0/home/nclack/tmp/2026-06-15-chammi-reformat/cpu_job.log,L12-L13,3463e547e5964dc6fa0f5cb5ac7539000c61a6d3517142c305acbfba495f1b66,/mnt/main0/home/nclack/data/damacy/scenarios/make_sharded_chammi.py,d6469e485449757451c96fcecebcfb99646a91393c7ee649a54bfaa287287e19,/mnt/main0/home/nclack/tmp/2026-06-15-chammi-reformat/cpu_job.sh,/mnt/main0/home/nclack/data/damacy/scenarios/chammi/before-mix.json,/mnt/main0/home/nclack/data/damacy/scenarios/chammi/after-mix.json,2474377,2026-06-15,dated_job_directory_and_log_context,1,TensorStore via Python,>=0.1.84,,,retained_script_snapshot_no_measured_revision_pin,CPU,,zarr_to_zarr_rechunking,CHAMMI-75 mix,/bio/projects/katamari/data/CHAMMI-75/train,/mnt/main0/home/nclack/data/damacy/chammi-sharded/mix,,,shared /mnt/main0 paths; historical filesystem/mount options not captured in conversion job,,,Zarr v3,Zarr v3,False,"[{""arrays"":512,""value"":""uint8""}]","[{""arrays"":512,""value"":""uint8""}]",none in script,complete_level_zero_array_per_worker,512,"[{""arrays"":38,""value"":[1,1,1,1024,1344]},{""arrays"":3,""value"":[1,1,1,1040,1392]},{""arrays"":11,""value"":[1,1,1,1080,1080]},{""arrays"":1,""value"":[1,1,1,125,224]},{""arrays"":1,""value"":[1,1,1,126,224]},{""arrays"":2,""value"":[1,1,1,130,224]},{""arrays"":1,""value"":[1,1,1,159,224]},{""arrays"":1,""value"":[1,1,1,162,224]},{""arrays"":1,""value"":[1,1,1,187,224]},{""arrays"":4,""value"":[1,1,1,200,150]},{""arrays"":1,""value"":[1,1,1,200,200]},{""arrays"":1,""value"":[1,1,1,200,224]},{""arrays"":1,""value"":[1,1,1,201,224]},{""arrays"":1,""value"":[1,1,1,224,113]},{""arrays"":1,""value"":[1,1,1,224,130]},{""arrays"":1,""value"":[1,1,1,224,157]},{""arrays"":28,""value"":[1,1,1,224,224]},{""arrays"":12,""value"":[1,1,1,3072,4032]},{""arrays"":1,""value"":[1,1,1,52,224]},{""arrays"":2,""value"":[1,1,1,520,704]},{""arrays"":7,""value"":[1,1,1,900,900]},{""arrays"":1,""value"":[1,1,1,95,224]},{""arrays"":3,""value"":[1,1,1,966,1155]},{""arrays"":1,""value"":[1,2,1,1002,1346]},{""arrays"":3,""value"":[1,2,1,1017,1345]},{""arrays"":1,""value"":[1,2,1,1017,1346]},{""arrays"":1,""value"":[1,2,1,1017,1347]},{""arrays"":2,""value"":[1,2,1,1020,1370]},{""arrays"":6,""value"":[1,2,1,1021,1370]},{""arrays"":3,""value"":[1,2,1,1024,1344]},{""arrays"":1,""value"":[1,2,1,1024,1376]},{""arrays"":22,""value"":[1,2,1,1040,1376]},{""arrays"":26,""value"":[1,2,1,1040,1392]},{""arrays"":11,""value"":[1,2,1,2048,2048]},{""arrays"":1,""value"":[1,2,1,2160,2160]},{""arrays"":1,""value"":[1,2,1,507,672]},{""arrays"":1,""value"":[1,2,1,508,673]},{""arrays"":5,""value"":[1,2,1,520,696]},{""arrays"":2,""value"":[1,2,1,985,1334]},{""arrays"":1,""value"":[1,3,1,1024,1024]},{""arrays"":3,""value"":[1,3,1,1024,1280]},{""arrays"":28,""value"":[1,3,1,1024,1344]},{""arrays"":11,""value"":[1,3,1,1024,1360]},{""arrays"":30,""value"":[1,3,1,1050,1250]},{""arrays"":1,""value"":[1,3,1,1200,1600]},{""arrays"":1,""value"":[1,3,1,3000,3650]},{""arrays"":8,""value"":[1,3,1,363,360]},{""arrays"":1,""value"":[1,3,1,480,480]},{""arrays"":2,""value"":[1,3,1,480,640]},{""arrays"":14,""value"":[1,3,1,512,672]},{""arrays"":50,""value"":[1,4,1,1024,1024]},{""arrays"":4,""value"":[1,4,1,1024,1360]},{""arrays"":1,""value"":[1,4,1,1080,1080]},{""arrays"":8,""value"":[1,4,1,496,640]},{""arrays"":3,""value"":[1,4,1,500,667]},{""arrays"":1,""value"":[1,4,1,501,658]},{""arrays"":2,""value"":[1,4,1,501,667]},{""arrays"":19,""value"":[1,4,1,512,512]},{""arrays"":5,""value"":[1,4,1,512,640]},{""arrays"":24,""value"":[1,4,1,600,900]},{""arrays"":1,""value"":[1,5,1,1000,1000]},{""arrays"":15,""value"":[1,5,1,1024,1024]},{""arrays"":12,""value"":[1,5,1,1080,1080]},{""arrays"":13,""value"":[1,5,1,1080,1280]},{""arrays"":7,""value"":[1,5,1,2160,2160]},{""arrays"":8,""value"":[1,5,1,2160,2560]},{""arrays"":3,""value"":[1,5,1,493,659]},{""arrays"":2,""value"":[1,5,1,498,663]},{""arrays"":3,""value"":[1,5,1,501,660]},{""arrays"":3,""value"":[1,5,1,970,970]},{""arrays"":5,""value"":[1,6,1,1024,1024]},{""arrays"":6,""value"":[1,6,1,2048,2048]},{""arrays"":7,""value"":[1,6,1,512,512]}]","[{""arrays"":38,""value"":[1,1,1,1024,1344]},{""arrays"":3,""value"":[1,1,1,1040,1392]},{""arrays"":11,""value"":[1,1,1,1080,1080]},{""arrays"":1,""value"":[1,1,1,125,224]},{""arrays"":1,""value"":[1,1,1,126,224]},{""arrays"":2,""value"":[1,1,1,130,224]},{""arrays"":1,""value"":[1,1,1,159,224]},{""arrays"":1,""value"":[1,1,1,162,224]},{""arrays"":1,""value"":[1,1,1,187,224]},{""arrays"":4,""value"":[1,1,1,200,150]},{""arrays"":1,""value"":[1,1,1,200,200]},{""arrays"":1,""value"":[1,1,1,200,224]},{""arrays"":1,""value"":[1,1,1,201,224]},{""arrays"":1,""value"":[1,1,1,224,113]},{""arrays"":1,""value"":[1,1,1,224,130]},{""arrays"":1,""value"":[1,1,1,224,157]},{""arrays"":28,""value"":[1,1,1,224,224]},{""arrays"":12,""value"":[1,1,1,3072,4032]},{""arrays"":1,""value"":[1,1,1,52,224]},{""arrays"":2,""value"":[1,1,1,520,704]},{""arrays"":7,""value"":[1,1,1,900,900]},{""arrays"":1,""value"":[1,1,1,95,224]},{""arrays"":3,""value"":[1,1,1,966,1155]},{""arrays"":1,""value"":[1,2,1,1002,1346]},{""arrays"":3,""value"":[1,2,1,1017,1345]},{""arrays"":1,""value"":[1,2,1,1017,1346]},{""arrays"":1,""value"":[1,2,1,1017,1347]},{""arrays"":2,""value"":[1,2,1,1020,1370]},{""arrays"":6,""value"":[1,2,1,1021,1370]},{""arrays"":3,""value"":[1,2,1,1024,1344]},{""arrays"":1,""value"":[1,2,1,1024,1376]},{""arrays"":22,""value"":[1,2,1,1040,1376]},{""arrays"":26,""value"":[1,2,1,1040,1392]},{""arrays"":11,""value"":[1,2,1,2048,2048]},{""arrays"":1,""value"":[1,2,1,2160,2160]},{""arrays"":1,""value"":[1,2,1,507,672]},{""arrays"":1,""value"":[1,2,1,508,673]},{""arrays"":5,""value"":[1,2,1,520,696]},{""arrays"":2,""value"":[1,2,1,985,1334]},{""arrays"":1,""value"":[1,3,1,1024,1024]},{""arrays"":3,""value"":[1,3,1,1024,1280]},{""arrays"":28,""value"":[1,3,1,1024,1344]},{""arrays"":11,""value"":[1,3,1,1024,1360]},{""arrays"":30,""value"":[1,3,1,1050,1250]},{""arrays"":1,""value"":[1,3,1,1200,1600]},{""arrays"":1,""value"":[1,3,1,3000,3650]},{""arrays"":8,""value"":[1,3,1,363,360]},{""arrays"":1,""value"":[1,3,1,480,480]},{""arrays"":2,""value"":[1,3,1,480,640]},{""arrays"":14,""value"":[1,3,1,512,672]},{""arrays"":50,""value"":[1,4,1,1024,1024]},{""arrays"":4,""value"":[1,4,1,1024,1360]},{""arrays"":1,""value"":[1,4,1,1080,1080]},{""arrays"":8,""value"":[1,4,1,496,640]},{""arrays"":3,""value"":[1,4,1,500,667]},{""arrays"":1,""value"":[1,4,1,501,658]},{""arrays"":2,""value"":[1,4,1,501,667]},{""arrays"":19,""value"":[1,4,1,512,512]},{""arrays"":5,""value"":[1,4,1,512,640]},{""arrays"":24,""value"":[1,4,1,600,900]},{""arrays"":1,""value"":[1,5,1,1000,1000]},{""arrays"":15,""value"":[1,5,1,1024,1024]},{""arrays"":12,""value"":[1,5,1,1080,1080]},{""arrays"":13,""value"":[1,5,1,1080,1280]},{""arrays"":7,""value"":[1,5,1,2160,2160]},{""arrays"":8,""value"":[1,5,1,2160,2560]},{""arrays"":3,""value"":[1,5,1,493,659]},{""arrays"":2,""value"":[1,5,1,498,663]},{""arrays"":3,""value"":[1,5,1,501,660]},{""arrays"":3,""value"":[1,5,1,970,970]},{""arrays"":5,""value"":[1,6,1,1024,1024]},{""arrays"":6,""value"":[1,6,1,2048,2048]},{""arrays"":7,""value"":[1,6,1,512,512]}]","[{""arrays"":1,""value"":[1,1,1,1000,1000]},{""arrays"":1,""value"":[1,1,1,1002,1346]},{""arrays"":3,""value"":[1,1,1,1017,1345]},{""arrays"":1,""value"":[1,1,1,1017,1346]},{""arrays"":1,""value"":[1,1,1,1017,1347]},{""arrays"":2,""value"":[1,1,1,1020,1370]},{""arrays"":6,""value"":[1,1,1,1021,1370]},{""arrays"":71,""value"":[1,1,1,1024,1024]},{""arrays"":3,""value"":[1,1,1,1024,1280]},{""arrays"":69,""value"":[1,1,1,1024,1344]},{""arrays"":15,""value"":[1,1,1,1024,1360]},{""arrays"":1,""value"":[1,1,1,1024,1376]},{""arrays"":22,""value"":[1,1,1,1040,1376]},{""arrays"":29,""value"":[1,1,1,1040,1392]},{""arrays"":30,""value"":[1,1,1,1050,1250]},{""arrays"":24,""value"":[1,1,1,1080,1080]},{""arrays"":13,""value"":[1,1,1,1080,1280]},{""arrays"":1,""value"":[1,1,1,1200,1600]},{""arrays"":1,""value"":[1,1,1,125,224]},{""arrays"":1,""value"":[1,1,1,126,224]},{""arrays"":2,""value"":[1,1,1,130,224]},{""arrays"":1,""value"":[1,1,1,159,224]},{""arrays"":1,""value"":[1,1,1,162,224]},{""arrays"":1,""value"":[1,1,1,187,224]},{""arrays"":4,""value"":[1,1,1,200,150]},{""arrays"":1,""value"":[1,1,1,200,200]},{""arrays"":1,""value"":[1,1,1,200,224]},{""arrays"":1,""value"":[1,1,1,201,224]},{""arrays"":17,""value"":[1,1,1,2048,2048]},{""arrays"":8,""value"":[1,1,1,2160,2160]},{""arrays"":8,""value"":[1,1,1,2160,2560]},{""arrays"":1,""value"":[1,1,1,224,113]},{""arrays"":1,""value"":[1,1,1,224,130]},{""arrays"":1,""value"":[1,1,1,224,157]},{""arrays"":28,""value"":[1,1,1,224,224]},{""arrays"":1,""value"":[1,1,1,3000,3650]},{""arrays"":12,""value"":[1,1,1,3072,4032]},{""arrays"":8,""value"":[1,1,1,363,360]},{""arrays"":1,""value"":[1,1,1,480,480]},{""arrays"":2,""value"":[1,1,1,480,640]},{""arrays"":3,""value"":[1,1,1,493,659]},{""arrays"":8,""value"":[1,1,1,496,640]},{""arrays"":2,""value"":[1,1,1,498,663]},{""arrays"":3,""value"":[1,1,1,500,667]},{""arrays"":1,""value"":[1,1,1,501,658]},{""arrays"":3,""value"":[1,1,1,501,660]},{""arrays"":2,""value"":[1,1,1,501,667]},{""arrays"":1,""value"":[1,1,1,507,672]},{""arrays"":1,""value"":[1,1,1,508,673]},{""arrays"":26,""value"":[1,1,1,512,512]},{""arrays"":5,""value"":[1,1,1,512,640]},{""arrays"":14,""value"":[1,1,1,512,672]},{""arrays"":1,""value"":[1,1,1,52,224]},{""arrays"":5,""value"":[1,1,1,520,696]},{""arrays"":2,""value"":[1,1,1,520,704]},{""arrays"":24,""value"":[1,1,1,600,900]},{""arrays"":7,""value"":[1,1,1,900,900]},{""arrays"":1,""value"":[1,1,1,95,224]},{""arrays"":3,""value"":[1,1,1,966,1155]},{""arrays"":3,""value"":[1,1,1,970,970]},{""arrays"":2,""value"":[1,1,1,985,1334]}]","[{""arrays"":512,""value"":null}]","[{""arrays"":1,""value"":[1,1,1,125,224]},{""arrays"":1,""value"":[1,1,1,126,224]},{""arrays"":2,""value"":[1,1,1,130,224]},{""arrays"":1,""value"":[1,1,1,159,224]},{""arrays"":1,""value"":[1,1,1,162,224]},{""arrays"":1,""value"":[1,1,1,187,224]},{""arrays"":4,""value"":[1,1,1,200,150]},{""arrays"":1,""value"":[1,1,1,200,200]},{""arrays"":1,""value"":[1,1,1,200,224]},{""arrays"":1,""value"":[1,1,1,201,224]},{""arrays"":1,""value"":[1,1,1,224,113]},{""arrays"":1,""value"":[1,1,1,224,130]},{""arrays"":1,""value"":[1,1,1,224,157]},{""arrays"":28,""value"":[1,1,1,224,224]},{""arrays"":465,""value"":[1,1,1,256,256]},{""arrays"":1,""value"":[1,1,1,52,224]},{""arrays"":1,""value"":[1,1,1,95,224]}]","[{""arrays"":7,""value"":[1,1,1,1024,1024]},{""arrays"":3,""value"":[1,1,1,1024,1280]},{""arrays"":38,""value"":[1,1,1,1024,1536]},{""arrays"":1,""value"":[1,1,1,125,224]},{""arrays"":1,""value"":[1,1,1,126,224]},{""arrays"":11,""value"":[1,1,1,1280,1280]},{""arrays"":3,""value"":[1,1,1,1280,1536]},{""arrays"":2,""value"":[1,1,1,130,224]},{""arrays"":1,""value"":[1,1,1,159,224]},{""arrays"":1,""value"":[1,1,1,162,224]},{""arrays"":1,""value"":[1,1,1,187,224]},{""arrays"":4,""value"":[1,1,1,200,150]},{""arrays"":1,""value"":[1,1,1,200,200]},{""arrays"":1,""value"":[1,1,1,200,224]},{""arrays"":1,""value"":[1,1,1,201,224]},{""arrays"":1,""value"":[1,1,1,224,113]},{""arrays"":1,""value"":[1,1,1,224,130]},{""arrays"":1,""value"":[1,1,1,224,157]},{""arrays"":28,""value"":[1,1,1,224,224]},{""arrays"":12,""value"":[1,1,1,3072,4096]},{""arrays"":1,""value"":[1,1,1,52,224]},{""arrays"":2,""value"":[1,1,1,768,768]},{""arrays"":1,""value"":[1,1,1,95,224]},{""arrays"":20,""value"":[1,2,1,1024,1536]},{""arrays"":48,""value"":[1,2,1,1280,1536]},{""arrays"":11,""value"":[1,2,1,2048,2048]},{""arrays"":1,""value"":[1,2,1,2304,2304]},{""arrays"":2,""value"":[1,2,1,512,768]},{""arrays"":5,""value"":[1,2,1,768,768]},{""arrays"":1,""value"":[1,3,1,1024,1024]},{""arrays"":3,""value"":[1,3,1,1024,1280]},{""arrays"":39,""value"":[1,3,1,1024,1536]},{""arrays"":30,""value"":[1,3,1,1280,1280]},{""arrays"":1,""value"":[1,3,1,1280,1792]},{""arrays"":1,""value"":[1,3,1,3072,3840]},{""arrays"":9,""value"":[1,3,1,512,512]},{""arrays"":16,""value"":[1,3,1,512,768]},{""arrays"":50,""value"":[1,4,1,1024,1024]},{""arrays"":4,""value"":[1,4,1,1024,1536]},{""arrays"":1,""value"":[1,4,1,1280,1280]},{""arrays"":19,""value"":[1,4,1,512,512]},{""arrays"":19,""value"":[1,4,1,512,768]},{""arrays"":24,""value"":[1,4,1,768,1024]},{""arrays"":19,""value"":[1,5,1,1024,1024]},{""arrays"":25,""value"":[1,5,1,1280,1280]},{""arrays"":7,""value"":[1,5,1,2304,2304]},{""arrays"":8,""value"":[1,5,1,2304,2560]},{""arrays"":8,""value"":[1,5,1,512,768]},{""arrays"":5,""value"":[1,6,1,1024,1024]},{""arrays"":6,""value"":[1,6,1,2048,2048]},{""arrays"":7,""value"":[1,6,1,512,512]}]",script_and_log_outputs_absent_at_checked_paths,explicitly_indexed_current_metadata_2026-09-25_not_historical_hashes,"[1,1,1,256,256]",,whole_array_rounded_to_inner_grid,,"[{""arrays"":512,""value"":1}]",11648,65536,11648,35389440,uncompressed geometry; never encoded/stored bytes,zstd level 3; crc32c index,array tasks submitted in scenario URI order; futures complete out of order; each task reads then writes one full processing block,whole source array; see companion per-array CSV,11648,32850000,2064952395,derived array values; not measured source traffic or memory peak,16,512,,,,,,,,,,,1,True,,source read().result() materializes whole processing block before destination write().result(),no per-configuration conversion timer; later read benchmark timers excluded,,,,,not_recorded,,,not_recorded_CPU_conversion,,,,,,,,1010M,rounded du -sh after writes,,logged_complete,0,0,destination write futures completed; later reads exist; no exhaustive value-equality check found,write futures awaited; no explicit durable-storage measurement,first indexed output metadata absent; output trees not scanned,"Scenario max_gpu_memory_mb=8192 applies to later Damacy reads, not conversion. No memory/reread/concurrency/budget sweep."
chammi-idr0017-job2474377,chammi-idr0017,chammi,one_logged_configuration_batch,/mnt/main0/home/nclack/tmp/2026-06-15-chammi-reformat/cpu_job.log,L23-L24,3463e547e5964dc6fa0f5cb5ac7539000c61a6d3517142c305acbfba495f1b66,/mnt/main0/home/nclack/data/damacy/scenarios/make_sharded_chammi.py,d6469e485449757451c96fcecebcfb99646a91393c7ee649a54bfaa287287e19,/mnt/main0/home/nclack/tmp/2026-06-15-chammi-reformat/cpu_job.sh,/mnt/main0/home/nclack/data/damacy/scenarios/chammi/before-idr0017.json,/mnt/main0/home/nclack/data/damacy/scenarios/chammi/after-idr0017.json,2474377,2026-06-15,dated_job_directory_and_log_context,2,TensorStore via Python,>=0.1.84,,,retained_script_snapshot_no_measured_revision_pin,CPU,,zarr_to_zarr_rechunking,CHAMMI-75 idr0017,/bio/projects/katamari/data/CHAMMI-75/train,/mnt/main0/home/nclack/data/damacy/chammi-sharded/idr0017,,,shared /mnt/main0 paths; historical filesystem/mount options not captured in conversion job,,,Zarr v3,Zarr v3,False,"[{""arrays"":512,""value"":""uint8""}]","[{""arrays"":512,""value"":""uint8""}]",none in script,complete_level_zero_array_per_worker,512,"[{""arrays"":512,""value"":[1,2,1,2048,2048]}]","[{""arrays"":512,""value"":[1,2,1,2048,2048]}]","[{""arrays"":512,""value"":[1,1,1,2048,2048]}]","[{""arrays"":512,""value"":null}]","[{""arrays"":512,""value"":[1,1,1,256,256]}]","[{""arrays"":512,""value"":[1,2,1,2048,2048]}]",script_and_log_outputs_absent_at_checked_paths,explicitly_indexed_current_metadata_2026-09-25_not_historical_hashes,"[1,1,1,256,256]",,whole_array_rounded_to_inner_grid,,"[{""arrays"":512,""value"":1}]",65536,65536,8388608,8388608,uncompressed geometry; never encoded/stored bytes,zstd level 3; crc32c index,array tasks submitted in scenario URI order; futures complete out of order; each task reads then writes one full processing block,whole source array; see companion per-array CSV,8388608,8388608,4294967296,derived array values; not measured source traffic or memory peak,16,512,,,,,,,,,,,1,True,,source read().result() materializes whole processing block before destination write().result(),no per-configuration conversion timer; later read benchmark timers excluded,,,,,not_recorded,,,not_recorded_CPU_conversion,,,,,,,,1.9G,rounded du -sh after writes,,logged_complete,0,0,destination write futures completed; later reads exist; no exhaustive value-equality check found,write futures awaited; no explicit durable-storage measurement,first indexed output metadata absent; output trees not scanned,"Scenario max_gpu_memory_mb=8192 applies to later Damacy reads, not conversion. No memory/reread/concurrency/budget sweep."
chammi-idr0017-4shard-job2474402,chammi-idr0017-4shard,chammi,one_logged_configuration_batch,/mnt/main0/home/nclack/tmp/2026-06-15-chammi-reformat/cpu_job2.log,L12-L13,5d57b5905b3172097eb0f02b748b5de41738f191d2865067bd44ba38b938ba19,/mnt/main0/home/nclack/data/damacy/scenarios/make_sharded_chammi.py,d6469e485449757451c96fcecebcfb99646a91393c7ee649a54bfaa287287e19,/mnt/main0/home/nclack/tmp/2026-06-15-chammi-reformat/cpu_job2.sh,/mnt/main0/home/nclack/data/damacy/scenarios/chammi/before-idr0017.json,/mnt/main0/home/nclack/data/damacy/scenarios/chammi/after-idr0017-4shard.json,2474402,2026-06-15,dated_job_directory_and_log_context,3,TensorStore via Python,>=0.1.84,,,retained_script_snapshot_no_measured_revision_pin,CPU,,zarr_to_zarr_rechunking,CHAMMI-75 idr0017,/bio/projects/katamari/data/CHAMMI-75/train,/mnt/main0/home/nclack/data/damacy/chammi-sharded/idr0017-4shard,,,shared /mnt/main0 paths; historical filesystem/mount options not captured in conversion job,,,Zarr v3,Zarr v3,False,"[{""arrays"":512,""value"":""uint8""}]","[{""arrays"":512,""value"":""uint8""}]",none in script,complete_level_zero_array_per_worker,512,"[{""arrays"":512,""value"":[1,2,1,2048,2048]}]","[{""arrays"":512,""value"":[1,2,1,2048,2048]}]","[{""arrays"":512,""value"":[1,1,1,2048,2048]}]","[{""arrays"":512,""value"":null}]","[{""arrays"":512,""value"":[1,1,1,256,256]}]","[{""arrays"":512,""value"":[1,2,1,512,2048]}]",script_and_log_outputs_absent_at_checked_paths,explicitly_indexed_current_metadata_2026-09-25_not_historical_hashes,"[1,1,1,256,256]","[1,2,1,2,8]",inner_chunk_counts_clipped_to_grid,{4: 512},"[{""arrays"":512,""value"":4}]",65536,65536,2097152,2097152,uncompressed geometry; never encoded/stored bytes,zstd level 3; crc32c index,array tasks submitted in scenario URI order; futures complete out of order; each task reads then writes one full processing block,whole source array; see companion per-array CSV,8388608,8388608,4294967296,derived array values; not measured source traffic or memory peak,16,512,,,,,,,,,,,1,True,,source read().result() materializes whole processing block before destination write().result(),no per-configuration conversion timer; later read benchmark timers excluded,,,,,not_recorded,,,not_recorded_CPU_conversion,,,,,,,,1.9G,rounded du -sh after writes,,logged_complete,0,0,destination write futures completed; later reads exist; no exhaustive value-equality check found,write futures awaited; no explicit durable-storage measurement,first indexed output metadata absent; output trees not scanned,"Scenario max_gpu_memory_mb=8192 applies to later Damacy reads, not conversion. No memory/reread/concurrency/budget sweep."
chammi-idr0017-8shard-job2474402,chammi-idr0017-8shard,chammi,one_logged_configuration_batch,/mnt/main0/home/nclack/tmp/2026-06-15-chammi-reformat/cpu_job2.log,L23-L24,5d57b5905b3172097eb0f02b748b5de41738f191d2865067bd44ba38b938ba19,/mnt/main0/home/nclack/data/damacy/scenarios/make_sharded_chammi.py,d6469e485449757451c96fcecebcfb99646a91393c7ee649a54bfaa287287e19,/mnt/main0/home/nclack/tmp/2026-06-15-chammi-reformat/cpu_job2.sh,/mnt/main0/home/nclack/data/damacy/scenarios/chammi/before-idr0017.json,/mnt/main0/home/nclack/data/damacy/scenarios/chammi/after-idr0017-8shard.json,2474402,2026-06-15,dated_job_directory_and_log_context,4,TensorStore via Python,>=0.1.84,,,retained_script_snapshot_no_measured_revision_pin,CPU,,zarr_to_zarr_rechunking,CHAMMI-75 idr0017,/bio/projects/katamari/data/CHAMMI-75/train,/mnt/main0/home/nclack/data/damacy/chammi-sharded/idr0017-8shard,,,shared /mnt/main0 paths; historical filesystem/mount options not captured in conversion job,,,Zarr v3,Zarr v3,False,"[{""arrays"":512,""value"":""uint8""}]","[{""arrays"":512,""value"":""uint8""}]",none in script,complete_level_zero_array_per_worker,512,"[{""arrays"":512,""value"":[1,2,1,2048,2048]}]","[{""arrays"":512,""value"":[1,2,1,2048,2048]}]","[{""arrays"":512,""value"":[1,1,1,2048,2048]}]","[{""arrays"":512,""value"":null}]","[{""arrays"":512,""value"":[1,1,1,256,256]}]","[{""arrays"":512,""value"":[1,2,1,256,2048]}]",script_and_log_outputs_absent_at_checked_paths,explicitly_indexed_current_metadata_2026-09-25_not_historical_hashes,"[1,1,1,256,256]","[1,2,1,1,8]",inner_chunk_counts_clipped_to_grid,{8: 512},"[{""arrays"":512,""value"":8}]",65536,65536,1048576,1048576,uncompressed geometry; never encoded/stored bytes,zstd level 3; crc32c index,array tasks submitted in scenario URI order; futures complete out of order; each task reads then writes one full processing block,whole source array; see companion per-array CSV,8388608,8388608,4294967296,derived array values; not measured source traffic or memory peak,16,512,,,,,,,,,,,1,True,,source read().result() materializes whole processing block before destination write().result(),no per-configuration conversion timer; later read benchmark timers excluded,,,,,not_recorded,,,not_recorded_CPU_conversion,,,,,,,,1.9G,rounded du -sh after writes,,logged_complete,0,0,destination write futures completed; later reads exist; no exhaustive value-equality check found,write futures awaited; no explicit durable-storage measurement,first indexed output metadata absent; output trees not scanned,"Scenario max_gpu_memory_mb=8192 applies to later Damacy reads, not conversion. No memory/reread/concurrency/budget sweep."
chammi-idr0017-2shard-job2474768,chammi-idr0017-2shard,chammi,one_logged_configuration_batch,/mnt/main0/home/nclack/tmp/2026-06-15-chammi-reformat/cpu_job3.log,L4-L5,4855780c2f48855e7b223aa9ba2be986a85058c156134c7a384016a6f921cf7a,/mnt/main0/home/nclack/data/damacy/scenarios/make_sharded_chammi.py,d6469e485449757451c96fcecebcfb99646a91393c7ee649a54bfaa287287e19,/mnt/main0/home/nclack/tmp/2026-06-15-chammi-reformat/cpu_job3.sh,/mnt/main0/home/nclack/data/damacy/scenarios/chammi/before-idr0017.json,/mnt/main0/home/nclack/data/damacy/scenarios/chammi/after-idr0017-2shard.json,2474768,2026-06-15,dated_job_directory_and_log_context,5,TensorStore via Python,>=0.1.84,,,retained_script_snapshot_no_measured_revision_pin,CPU,,zarr_to_zarr_rechunking,CHAMMI-75 idr0017,/bio/projects/katamari/data/CHAMMI-75/train,/mnt/main0/home/nclack/data/damacy/chammi-sharded/idr0017-2shard,,,shared /mnt/main0 paths; historical filesystem/mount options not captured in conversion job,,,Zarr v3,Zarr v3,False,"[{""arrays"":512,""value"":""uint8""}]","[{""arrays"":512,""value"":""uint8""}]",none in script,complete_level_zero_array_per_worker,512,"[{""arrays"":512,""value"":[1,2,1,2048,2048]}]","[{""arrays"":512,""value"":[1,2,1,2048,2048]}]","[{""arrays"":512,""value"":[1,1,1,2048,2048]}]","[{""arrays"":512,""value"":null}]","[{""arrays"":512,""value"":[1,1,1,256,256]}]","[{""arrays"":512,""value"":[1,2,1,1024,2048]}]",script_and_log_outputs_absent_at_checked_paths,explicitly_indexed_current_metadata_2026-09-25_not_historical_hashes,"[1,1,1,256,256]","[1,2,1,4,8]",inner_chunk_counts_clipped_to_grid,{2: 512},"[{""arrays"":512,""value"":2}]",65536,65536,4194304,4194304,uncompressed geometry; never encoded/stored bytes,zstd level 3; crc32c index,array tasks submitted in scenario URI order; futures complete out of order; each task reads then writes one full processing block,whole source array; see companion per-array CSV,8388608,8388608,4294967296,derived array values; not measured source traffic or memory peak,16,512,,,,,,,,,,,1,True,,source read().result() materializes whole processing block before destination write().result(),no per-configuration conversion timer; later read benchmark timers excluded,,,,,not_recorded,,,not_recorded_CPU_conversion,,,,,,,,1.9G,rounded du -sh after writes,,logged_complete,0,0,destination write futures completed; later reads exist; no exhaustive value-equality check found,write futures awaited; no explicit durable-storage measurement,first indexed output metadata absent; output trees not scanned,"Scenario max_gpu_memory_mb=8192 applies to later Damacy reads, not conversion. No memory/reread/concurrency/budget sweep."
chammi-idr0017-16shard-job2474768,chammi-idr0017-16shard,chammi,one_logged_configuration_batch,/mnt/main0/home/nclack/tmp/2026-06-15-chammi-reformat/cpu_job3.log,L7-L8,4855780c2f48855e7b223aa9ba2be986a85058c156134c7a384016a6f921cf7a,/mnt/main0/home/nclack/data/damacy/scenarios/make_sharded_chammi.py,d6469e485449757451c96fcecebcfb99646a91393c7ee649a54bfaa287287e19,/mnt/main0/home/nclack/tmp/2026-06-15-chammi-reformat/cpu_job3.sh,/mnt/main0/home/nclack/data/damacy/scenarios/chammi/before-idr0017.json,/mnt/main0/home/nclack/data/damacy/scenarios/chammi/after-idr0017-16shard.json,2474768,2026-06-15,dated_job_directory_and_log_context,6,TensorStore via Python,>=0.1.84,,,retained_script_snapshot_no_measured_revision_pin,CPU,,zarr_to_zarr_rechunking,CHAMMI-75 idr0017,/bio/projects/katamari/data/CHAMMI-75/train,/mnt/main0/home/nclack/data/damacy/chammi-sharded/idr0017-16shard,,,shared /mnt/main0 paths; historical filesystem/mount options not captured in conversion job,,,Zarr v3,Zarr v3,False,"[{""arrays"":512,""value"":""uint8""}]","[{""arrays"":512,""value"":""uint8""}]",none in script,complete_level_zero_array_per_worker,512,"[{""arrays"":512,""value"":[1,2,1,2048,2048]}]","[{""arrays"":512,""value"":[1,2,1,2048,2048]}]","[{""arrays"":512,""value"":[1,1,1,2048,2048]}]","[{""arrays"":512,""value"":null}]","[{""arrays"":512,""value"":[1,1,1,256,256]}]","[{""arrays"":512,""value"":[1,2,1,256,1024]}]",script_and_log_outputs_absent_at_checked_paths,explicitly_indexed_current_metadata_2026-09-25_not_historical_hashes,"[1,1,1,256,256]","[1,2,1,1,4]",inner_chunk_counts_clipped_to_grid,{16: 512},"[{""arrays"":512,""value"":16}]",65536,65536,524288,524288,uncompressed geometry; never encoded/stored bytes,zstd level 3; crc32c index,array tasks submitted in scenario URI order; futures complete out of order; each task reads then writes one full processing block,whole source array; see companion per-array CSV,8388608,8388608,4294967296,derived array values; not measured source traffic or memory peak,16,512,,,,,,,,,,,1,True,,source read().result() materializes whole processing block before destination write().result(),no per-configuration conversion timer; later read benchmark timers excluded,,,,,not_recorded,,,not_recorded_CPU_conversion,,,,,,,,1.9G,rounded du -sh after writes,,logged_complete,0,0,destination write futures completed; later reads exist; no exhaustive value-equality check found,write futures awaited; no explicit durable-storage measurement,first indexed output metadata absent; output trees not scanned,"Scenario max_gpu_memory_mb=8192 applies to later Damacy reads, not conversion. No memory/reread/concurrency/budget sweep."
chammi-idr0017-32shard-job2474768,chammi-idr0017-32shard,chammi,one_logged_configuration_batch,/mnt/main0/home/nclack/tmp/2026-06-15-chammi-reformat/cpu_job3.log,L10-L11,4855780c2f48855e7b223aa9ba2be986a85058c156134c7a384016a6f921cf7a,/mnt/main0/home/nclack/data/damacy/scenarios/make_sharded_chammi.py,d6469e485449757451c96fcecebcfb99646a91393c7ee649a54bfaa287287e19,/mnt/main0/home/nclack/tmp/2026-06-15-chammi-reformat/cpu_job3.sh,/mnt/main0/home/nclack/data/damacy/scenarios/chammi/before-idr0017.json,/mnt/main0/home/nclack/data/damacy/scenarios/chammi/after-idr0017-32shard.json,2474768,2026-06-15,dated_job_directory_and_log_context,7,TensorStore via Python,>=0.1.84,,,retained_script_snapshot_no_measured_revision_pin,CPU,,zarr_to_zarr_rechunking,CHAMMI-75 idr0017,/bio/projects/katamari/data/CHAMMI-75/train,/mnt/main0/home/nclack/data/damacy/chammi-sharded/idr0017-32shard,,,shared /mnt/main0 paths; historical filesystem/mount options not captured in conversion job,,,Zarr v3,Zarr v3,False,"[{""arrays"":512,""value"":""uint8""}]","[{""arrays"":512,""value"":""uint8""}]",none in script,complete_level_zero_array_per_worker,512,"[{""arrays"":512,""value"":[1,2,1,2048,2048]}]","[{""arrays"":512,""value"":[1,2,1,2048,2048]}]","[{""arrays"":512,""value"":[1,1,1,2048,2048]}]","[{""arrays"":512,""value"":null}]","[{""arrays"":512,""value"":[1,1,1,256,256]}]","[{""arrays"":512,""value"":[1,2,1,256,512]}]",script_and_log_outputs_absent_at_checked_paths,explicitly_indexed_current_metadata_2026-09-25_not_historical_hashes,"[1,1,1,256,256]","[1,2,1,1,2]",inner_chunk_counts_clipped_to_grid,{32: 512},"[{""arrays"":512,""value"":32}]",65536,65536,262144,262144,uncompressed geometry; never encoded/stored bytes,zstd level 3; crc32c index,array tasks submitted in scenario URI order; futures complete out of order; each task reads then writes one full processing block,whole source array; see companion per-array CSV,8388608,8388608,4294967296,derived array values; not measured source traffic or memory peak,16,512,,,,,,,,,,,1,True,,source read().result() materializes whole processing block before destination write().result(),no per-configuration conversion timer; later read benchmark timers excluded,,,,,not_recorded,,,not_recorded_CPU_conversion,,,,,,,,1.9G,rounded du -sh after writes,,logged_complete,0,0,destination write futures completed; later reads exist; no exhaustive value-equality check found,write futures awaited; no explicit durable-storage measurement,first indexed output metadata absent; output trees not scanned,"Scenario max_gpu_memory_mb=8192 applies to later Damacy reads, not conversion. No memory/reread/concurrency/budget sweep."
chammi-idr0017-64shard-job2474768,chammi-idr0017-64shard,chammi,one_logged_configuration_batch,/mnt/main0/home/nclack/tmp/2026-06-15-chammi-reformat/cpu_job3.log,L13-L14,4855780c2f48855e7b223aa9ba2be986a85058c156134c7a384016a6f921cf7a,/mnt/main0/home/nclack/data/damacy/scenarios/make_sharded_chammi.py,d6469e485449757451c96fcecebcfb99646a91393c7ee649a54bfaa287287e19,/mnt/main0/home/nclack/tmp/2026-06-15-chammi-reformat/cpu_job3.sh,/mnt/main0/home/nclack/data/damacy/scenarios/chammi/before-idr0017.json,/mnt/main0/home/nclack/data/damacy/scenarios/chammi/after-idr0017-64shard.json,2474768,2026-06-15,dated_job_directory_and_log_context,8,TensorStore via Python,>=0.1.84,,,retained_script_snapshot_no_measured_revision_pin,CPU,,zarr_to_zarr_rechunking,CHAMMI-75 idr0017,/bio/projects/katamari/data/CHAMMI-75/train,/mnt/main0/home/nclack/data/damacy/chammi-sharded/idr0017-64shard,,,shared /mnt/main0 paths; historical filesystem/mount options not captured in conversion job,,,Zarr v3,Zarr v3,False,"[{""arrays"":512,""value"":""uint8""}]","[{""arrays"":512,""value"":""uint8""}]",none in script,complete_level_zero_array_per_worker,512,"[{""arrays"":512,""value"":[1,2,1,2048,2048]}]","[{""arrays"":512,""value"":[1,2,1,2048,2048]}]","[{""arrays"":512,""value"":[1,1,1,2048,2048]}]","[{""arrays"":512,""value"":null}]","[{""arrays"":512,""value"":[1,1,1,256,256]}]","[{""arrays"":512,""value"":[1,2,1,256,256]}]",script_and_log_outputs_absent_at_checked_paths,explicitly_indexed_current_metadata_2026-09-25_not_historical_hashes,"[1,1,1,256,256]","[1,2,1,1,1]",inner_chunk_counts_clipped_to_grid,{64: 512},"[{""arrays"":512,""value"":64}]",65536,65536,131072,131072,uncompressed geometry; never encoded/stored bytes,zstd level 3; crc32c index,array tasks submitted in scenario URI order; futures complete out of order; each task reads then writes one full processing block,whole source array; see companion per-array CSV,8388608,8388608,4294967296,derived array values; not measured source traffic or memory peak,16,512,,,,,,,,,,,1,True,,source read().result() materializes whole processing block before destination write().result(),no per-configuration conversion timer; later read benchmark timers excluded,,,,,not_recorded,,,not_recorded_CPU_conversion,,,,,,,,1.9G,rounded du -sh after writes,,logged_complete,0,0,destination write futures completed; later reads exist; no exhaustive value-equality check found,write futures awaited; no explicit durable-storage measurement,first indexed output metadata absent; output trees not scanned,"Scenario max_gpu_memory_mb=8192 applies to later Damacy reads, not conversion. No memory/reread/concurrency/budget sweep."
chammi-idr0017-128shard-job2474768,chammi-idr0017-128shard,chammi,one_logged_configuration_batch,/mnt/main0/home/nclack/tmp/2026-06-15-chammi-reformat/cpu_job3.log,L16-L17,4855780c2f48855e7b223aa9ba2be986a85058c156134c7a384016a6f921cf7a,/mnt/main0/home/nclack/data/damacy/scenarios/make_sharded_chammi.py,d6469e485449757451c96fcecebcfb99646a91393c7ee649a54bfaa287287e19,/mnt/main0/home/nclack/tmp/2026-06-15-chammi-reformat/cpu_job3.sh,/mnt/main0/home/nclack/data/damacy/scenarios/chammi/before-idr0017.json,/mnt/main0/home/nclack/data/damacy/scenarios/chammi/after-idr0017-128shard.json,2474768,2026-06-15,dated_job_directory_and_log_context,9,TensorStore via Python,>=0.1.84,,,retained_script_snapshot_no_measured_revision_pin,CPU,,zarr_to_zarr_rechunking,CHAMMI-75 idr0017,/bio/projects/katamari/data/CHAMMI-75/train,/mnt/main0/home/nclack/data/damacy/chammi-sharded/idr0017-128shard,,,shared /mnt/main0 paths; historical filesystem/mount options not captured in conversion job,,,Zarr v3,Zarr v3,False,"[{""arrays"":512,""value"":""uint8""}]","[{""arrays"":512,""value"":""uint8""}]",none in script,complete_level_zero_array_per_worker,512,"[{""arrays"":512,""value"":[1,2,1,2048,2048]}]","[{""arrays"":512,""value"":[1,2,1,2048,2048]}]","[{""arrays"":512,""value"":[1,1,1,2048,2048]}]","[{""arrays"":512,""value"":null}]","[{""arrays"":512,""value"":[1,1,1,256,256]}]","[{""arrays"":512,""value"":[1,1,1,256,256]}]",script_and_log_outputs_absent_at_checked_paths,explicitly_indexed_current_metadata_2026-09-25_not_historical_hashes,"[1,1,1,256,256]","[1,1,1,1,1]",inner_chunk_counts_clipped_to_grid,{128: 512},"[{""arrays"":512,""value"":128}]",65536,65536,65536,65536,uncompressed geometry; never encoded/stored bytes,zstd level 3; crc32c index,array tasks submitted in scenario URI order; futures complete out of order; each task reads then writes one full processing block,whole source array; see companion per-array CSV,8388608,8388608,4294967296,derived array values; not measured source traffic or memory peak,16,512,,,,,,,,,,,1,True,,source read().result() materializes whole processing block before destination write().result(),no per-configuration conversion timer; later read benchmark timers excluded,,,,,not_recorded,,,not_recorded_CPU_conversion,,,,,,,,1.9G,rounded du -sh after writes,,logged_complete,0,0,destination write futures completed; later reads exist; no exhaustive value-equality check found,write futures awaited; no explicit durable-storage measurement,first indexed output metadata absent; output trees not scanned,"Scenario max_gpu_memory_mb=8192 applies to later Damacy reads, not conversion. No memory/reread/concurrency/budget sweep."
dynacell-reformat-job2476048,dynacell-reformat,dynacell,one_logged_configuration_batch,/mnt/main0/home/nclack/tmp/2026-06-15-dynacell-reformat/logs/rechunk.log,L10-L12,71c611ccb426dfd37b5c4ef618bc16ae2d3234dd734960cec638e33b6dbad984,/mnt/main0/home/nclack/tmp/2026-06-15-dynacell-reformat/reformat_dynacell.py,8005123da239a45c0da5a3ed5d9fba4c15ccc37ffd24b90bdc7775ea9b217ab0,/mnt/main0/home/nclack/tmp/2026-06-15-dynacell-reformat/cpu_rechunk.sh,/mnt/main0/home/nclack/tmp/2026-06-15-dynacell-reformat/src-dynacell.json,/mnt/main0/home/nclack/tmp/2026-06-15-dynacell-reformat/cmp-reformat.json,2476048,2026-06-15,job_log,10,TensorStore via Python,>=0.1.84,,,retained_script_snapshot_no_measured_revision_pin,CPU,cpu-turin-gp-l-243-191,zarr_to_zarr_rechunking,DynaCell 50 bounded origin windows,/mnt/main0/data-sync/runai-cluster/runai-dynamic-imaging-models/dynamic-imaging-models-120t,/mnt/main0/home/nclack/tmp/2026-06-15-dynacell-reformat/store/reformat,,,shared /mnt/main0 paths; historical filesystem/mount options not captured in conversion job,,,Zarr v3,Zarr v3,False,"[{""arrays"":50,""value"":""float32""}]","[{""arrays"":50,""value"":""float32""}]",none in script; DynaCell selects origin window,bounded_origin_window_per_array,50,"[{""arrays"":10,""value"":[22,7,46,762,1117]},{""arrays"":10,""value"":[33,7,83,673,946]},{""arrays"":5,""value"":[44,7,65,731,1117]},{""arrays"":6,""value"":[50,7,47,686,1117]},{""arrays"":11,""value"":[50,7,60,757,1117]},{""arrays"":8,""value"":[50,7,73,730,1117]}]","[{""arrays"":50,""value"":[16,1,8,512,512]}]","[{""arrays"":50,""value"":[1,1,4,256,256]}]","[{""arrays"":50,""value"":[8,1,128,2048,2048]}]","[{""arrays"":50,""value"":[1,1,1,128,128]}]","[{""arrays"":50,""value"":[2,1,2,512,512]}]",current_retained_metadata_and_log,explicitly_indexed_current_metadata_2026-09-25_not_historical_hashes,"[1,1,1,128,128]","[2,1,2,4,4]",inner_chunk_counts_clipped_to_grid,{32: 50},"[{""arrays"":50,""value"":32}]",65536,65536,4194304,4194304,uncompressed geometry; never encoded/stored bytes,blosc-zstd level 1 bitshuffle blocksize=0; crc32c index,array tasks submitted in scenario URI order; futures complete out of order; each task reads then writes one full processing block,"[16,1,8,512,512]",134217728,134217728,6710886400,derived array values; not measured source traffic or memory peak,16,50,,,,,,,,,,,1,True,,source read().result() materializes whole processing block before destination write().result(),no per-configuration conversion timer; later read benchmark timers excluded,,,,,not_recorded,,,not_recorded_CPU_conversion,,,,,,,,5.3G,rounded du -sh after writes,,logged_complete,0,,destination write futures completed; later reads exist; no exhaustive value-equality check found,write futures awaited; no explicit durable-storage measurement,all indexed output metadata retained,"Scenario max_gpu_memory_mb=8192 applies to later Damacy reads, not conversion. No memory/reread/concurrency/budget sweep."
dynacell-current-job2476048,dynacell-current,dynacell,one_logged_configuration_batch,/mnt/main0/home/nclack/tmp/2026-06-15-dynacell-reformat/logs/rechunk.log,L18-L20,71c611ccb426dfd37b5c4ef618bc16ae2d3234dd734960cec638e33b6dbad984,/mnt/main0/home/nclack/tmp/2026-06-15-dynacell-reformat/reformat_dynacell.py,8005123da239a45c0da5a3ed5d9fba4c15ccc37ffd24b90bdc7775ea9b217ab0,/mnt/main0/home/nclack/tmp/2026-06-15-dynacell-reformat/cpu_rechunk.sh,/mnt/main0/home/nclack/tmp/2026-06-15-dynacell-reformat/src-dynacell.json,/mnt/main0/home/nclack/tmp/2026-06-15-dynacell-reformat/cmp-current.json,2476048,2026-06-15,job_log,11,TensorStore via Python,>=0.1.84,,,retained_script_snapshot_no_measured_revision_pin,CPU,cpu-turin-gp-l-243-191,zarr_to_zarr_rechunking,DynaCell 50 bounded origin windows,/mnt/main0/data-sync/runai-cluster/runai-dynamic-imaging-models/dynamic-imaging-models-120t,/mnt/main0/home/nclack/tmp/2026-06-15-dynacell-reformat/store/current,,,shared /mnt/main0 paths; historical filesystem/mount options not captured in conversion job,,,Zarr v3,Zarr v3,False,"[{""arrays"":50,""value"":""float32""}]","[{""arrays"":50,""value"":""float32""}]",none in script; DynaCell selects origin window,bounded_origin_window_per_array,50,"[{""arrays"":10,""value"":[22,7,46,762,1117]},{""arrays"":10,""value"":[33,7,83,673,946]},{""arrays"":5,""value"":[44,7,65,731,1117]},{""arrays"":6,""value"":[50,7,47,686,1117]},{""arrays"":11,""value"":[50,7,60,757,1117]},{""arrays"":8,""value"":[50,7,73,730,1117]}]","[{""arrays"":50,""value"":[16,1,8,512,512]}]","[{""arrays"":50,""value"":[1,1,4,256,256]}]","[{""arrays"":50,""value"":[8,1,128,2048,2048]}]","[{""arrays"":50,""value"":[1,1,4,256,256]}]","[{""arrays"":50,""value"":[2,1,8,512,512]}]",current_retained_metadata_and_log,explicitly_indexed_current_metadata_2026-09-25_not_historical_hashes,"[1,1,4,256,256]","[2,1,2,4,4]",inner_chunk_counts_clipped_to_grid,{8: 50},"[{""arrays"":50,""value"":8}]",1048576,1048576,16777216,16777216,uncompressed geometry; never encoded/stored bytes,blosc-zstd level 1 bitshuffle blocksize=0; crc32c index,array tasks submitted in scenario URI order; futures complete out of order; each task reads then writes one full processing block,"[16,1,8,512,512]",134217728,134217728,6710886400,derived array values; not measured source traffic or memory peak,16,50,,,,,,,,,,,1,True,,source read().result() materializes whole processing block before destination write().result(),no per-configuration conversion timer; later read benchmark timers excluded,,,,,not_recorded,,,not_recorded_CPU_conversion,,,,,,,,5.3G,rounded du -sh after writes,,logged_complete,0,,destination write futures completed; later reads exist; no exhaustive value-equality check found,write futures awaited; no explicit durable-storage measurement,all indexed output metadata retained,"Scenario max_gpu_memory_mb=8192 applies to later Damacy reads, not conversion. No memory/reread/concurrency/budget sweep."
