config_id,family,dataset,tool,machine,recorded_attempts,logged_complete_attempts,source_run_ids,source_file,source_locator,raw_source_files,workers_requested,requested_chunk_shape,destination_chunk_capacity_min_bytes,destination_chunk_capacity_max_bytes,comparison_limit,memory_budget_met,elapsed_s_measured_n,elapsed_s_median,elapsed_s_min,elapsed_s_max,throughput_B_s_measured_n,throughput_B_s_median,throughput_B_s_min,throughput_B_s_max,host_peak_bytes_measured_n,host_peak_bytes_median,host_peak_bytes_min,host_peak_bytes_max,device_peak_bytes_measured_n,device_peak_bytes_median,device_peak_bytes_min,device_peak_bytes_max,pinned_host_peak_bytes_measured_n,pinned_host_peak_bytes_median,pinned_host_peak_bytes_min,pinned_host_peak_bytes_max
chammi-mix,chammi,CHAMMI-75 mix,TensorStore via Python,,1,1,"[""chammi-mix-job2474377""]",conversion-runs.csv,config_id=chammi-mix,"[""/mnt/main0/home/nclack/tmp/2026-06-15-chammi-reformat/cpu_job.log""]",16,"[1,1,1,256,256]",11648,65536,one execution per configuration; fixed workers; geometry changes; no complete per-run conversion time or measured peak,,0,,,,0,,,,0,,,,0,,,,0,,,
chammi-idr0017,chammi,CHAMMI-75 idr0017,TensorStore via Python,,1,1,"[""chammi-idr0017-job2474377""]",conversion-runs.csv,config_id=chammi-idr0017,"[""/mnt/main0/home/nclack/tmp/2026-06-15-chammi-reformat/cpu_job.log""]",16,"[1,1,1,256,256]",65536,65536,one execution per configuration; fixed workers; geometry changes; no complete per-run conversion time or measured peak,,0,,,,0,,,,0,,,,0,,,,0,,,
chammi-idr0017-4shard,chammi,CHAMMI-75 idr0017,TensorStore via Python,,1,1,"[""chammi-idr0017-4shard-job2474402""]",conversion-runs.csv,config_id=chammi-idr0017-4shard,"[""/mnt/main0/home/nclack/tmp/2026-06-15-chammi-reformat/cpu_job2.log""]",16,"[1,1,1,256,256]",65536,65536,one execution per configuration; fixed workers; geometry changes; no complete per-run conversion time or measured peak,,0,,,,0,,,,0,,,,0,,,,0,,,
chammi-idr0017-8shard,chammi,CHAMMI-75 idr0017,TensorStore via Python,,1,1,"[""chammi-idr0017-8shard-job2474402""]",conversion-runs.csv,config_id=chammi-idr0017-8shard,"[""/mnt/main0/home/nclack/tmp/2026-06-15-chammi-reformat/cpu_job2.log""]",16,"[1,1,1,256,256]",65536,65536,one execution per configuration; fixed workers; geometry changes; no complete per-run conversion time or measured peak,,0,,,,0,,,,0,,,,0,,,,0,,,
chammi-idr0017-2shard,chammi,CHAMMI-75 idr0017,TensorStore via Python,,1,1,"[""chammi-idr0017-2shard-job2474768""]",conversion-runs.csv,config_id=chammi-idr0017-2shard,"[""/mnt/main0/home/nclack/tmp/2026-06-15-chammi-reformat/cpu_job3.log""]",16,"[1,1,1,256,256]",65536,65536,one execution per configuration; fixed workers; geometry changes; no complete per-run conversion time or measured peak,,0,,,,0,,,,0,,,,0,,,,0,,,
chammi-idr0017-16shard,chammi,CHAMMI-75 idr0017,TensorStore via Python,,1,1,"[""chammi-idr0017-16shard-job2474768""]",conversion-runs.csv,config_id=chammi-idr0017-16shard,"[""/mnt/main0/home/nclack/tmp/2026-06-15-chammi-reformat/cpu_job3.log""]",16,"[1,1,1,256,256]",65536,65536,one execution per configuration; fixed workers; geometry changes; no complete per-run conversion time or measured peak,,0,,,,0,,,,0,,,,0,,,,0,,,
chammi-idr0017-32shard,chammi,CHAMMI-75 idr0017,TensorStore via Python,,1,1,"[""chammi-idr0017-32shard-job2474768""]",conversion-runs.csv,config_id=chammi-idr0017-32shard,"[""/mnt/main0/home/nclack/tmp/2026-06-15-chammi-reformat/cpu_job3.log""]",16,"[1,1,1,256,256]",65536,65536,one execution per configuration; fixed workers; geometry changes; no complete per-run conversion time or measured peak,,0,,,,0,,,,0,,,,0,,,,0,,,
chammi-idr0017-64shard,chammi,CHAMMI-75 idr0017,TensorStore via Python,,1,1,"[""chammi-idr0017-64shard-job2474768""]",conversion-runs.csv,config_id=chammi-idr0017-64shard,"[""/mnt/main0/home/nclack/tmp/2026-06-15-chammi-reformat/cpu_job3.log""]",16,"[1,1,1,256,256]",65536,65536,one execution per configuration; fixed workers; geometry changes; no complete per-run conversion time or measured peak,,0,,,,0,,,,0,,,,0,,,,0,,,
chammi-idr0017-128shard,chammi,CHAMMI-75 idr0017,TensorStore via Python,,1,1,"[""chammi-idr0017-128shard-job2474768""]",conversion-runs.csv,config_id=chammi-idr0017-128shard,"[""/mnt/main0/home/nclack/tmp/2026-06-15-chammi-reformat/cpu_job3.log""]",16,"[1,1,1,256,256]",65536,65536,one execution per configuration; fixed workers; geometry changes; no complete per-run conversion time or measured peak,,0,,,,0,,,,0,,,,0,,,,0,,,
dynacell-reformat,dynacell,DynaCell 50 bounded origin windows,TensorStore via Python,cpu-turin-gp-l-243-191,1,1,"[""dynacell-reformat-job2476048""]",conversion-runs.csv,config_id=dynacell-reformat,"[""/mnt/main0/home/nclack/tmp/2026-06-15-dynacell-reformat/logs/rechunk.log""]",16,"[1,1,1,128,128]",65536,65536,one execution per configuration; fixed workers; geometry changes; no complete per-run conversion time or measured peak,,0,,,,0,,,,0,,,,0,,,,0,,,
dynacell-current,dynacell,DynaCell 50 bounded origin windows,TensorStore via Python,cpu-turin-gp-l-243-191,1,1,"[""dynacell-current-job2476048""]",conversion-runs.csv,config_id=dynacell-current,"[""/mnt/main0/home/nclack/tmp/2026-06-15-dynacell-reformat/logs/rechunk.log""]",16,"[1,1,4,256,256]",1048576,1048576,one execution per configuration; fixed workers; geometry changes; no complete per-run conversion time or measured peak,,0,,,,0,,,,0,,,,0,,,,0,,,
