study_id,observations,created,finished,metadata_file,metadata_record,tool,runner_revision,compiled_revision,hostname,backend,storage_type,destination,input_id,workload,study_status,archive_disposition,status,source_file
reef-l40-microscopy-pilot-3667862,48,2026-09-13T03:23:56.934767+00:00,2026-09-13T03:28:57.763014+00:00,write-metadata.json,#/studies/reef-l40-microscopy-pilot-3667862,"[""Chucky""]","[""d26258b96b7750f7451e01ec8e0f333c6065f5c3""]",[],"[""cw-us-e4a2-l40-234-199""]","[""cpu"",""gpu""]","[""discard""]",[],"[""bbbc010-brightfield"",""cosem-cos7-em"",""dynacell-a549-phase"",""opencell-dna""]","[""raw_pack_cyclic_streaming_replay""]","[""complete""]","[""historical""]","[""pass""]","[""/mnt/main0/home/nclack/tmp/2026-09-07-chucky-microscopy-pr/worktree/build-microscopy-study-20260913/pilot-3667862/study.json""]"
reef-l40-microscopy-discovery-3667908,400,2026-09-13T03:41:23.576394+00:00,2026-09-13T04:12:34.156958+00:00,write-metadata.json,#/studies/reef-l40-microscopy-discovery-3667908,"[""Chucky""]","[""b1ebae5b62f12c7d99d99ec15891bcbdb1e29867""]",[],"[""cw-us-e4a2-l40-202-047""]","[""cpu"",""gpu""]","[""discard""]",[],"[""bbbc010-brightfield"",""cosem-cos7-em"",""dynacell-a549-phase"",""opencell-dna""]","[""raw_pack_cyclic_streaming_replay""]","[""complete""]","[""historical""]","[""pass""]","[""/mnt/main0/home/nclack/tmp/2026-09-07-chucky-microscopy-pr/worktree/build-microscopy-study-20260913/discovery-3667908/study.json""]"
reef-l40-microscopy-sinks-3671242,416,2026-09-13T16:51:20.197915+00:00,2026-09-13T17:35:30.576061+00:00,write-metadata.json,#/studies/reef-l40-microscopy-sinks-3671242,"[""Chucky""]","[""9670f41b70e61c592f9fd5ea96e9402bc280426b""]",[],"[""cw-us-e4a2-l40-202-211""]","[""cpu"",""gpu""]","[""discard"",""nfs""]","[""/mnt/main0/home/nclack/tmp/2026-09-07-chucky-microscopy-pr/worktree/build-microscopy-next-experiment-20260913/run-3671242/sink""]","[""bbbc010-brightfield"",""cosem-cos7-em""]","[""raw_pack_cyclic_streaming_replay""]","[""complete""]","[""historical""]","[""pass""]","[""/mnt/main0/home/nclack/tmp/2026-09-07-chucky-microscopy-pr/worktree/build-microscopy-next-experiment-20260913/run-3671242/study.json""]"
reef-l40-filesystem-screen-3689339,300,2026-09-14T22:53:23.793685+00:00,2026-09-15T01:12:36.724178+00:00,write-metadata.json,#/studies/reef-l40-filesystem-screen-3689339,"[""Chucky""]","[""ed084d68cf1af1916ca4551825a4f7b70caefddd""]",[],"[""cw-us-e4a2-l40-202-211""]","[""cpu"",""gpu""]","[""nfs""]","[""/mnt/main0/home/nclack/tmp/2026-09-07-chucky-microscopy-pr/worktree/build-microscopy-fs-pareto-20260914/run-3689339/sink""]","[""bbbc022-mito"",""cosem-cos7-em""]","[""raw_pack_cyclic_streaming_replay""]","[""complete""]","[""historical""]","[""pass""]","[""/mnt/main0/home/nclack/tmp/2026-09-07-chucky-microscopy-pr/worktree/build-microscopy-fs-pareto-20260914/run-3689339/study.json""]"
reef-l40-final-discard-3702747,200,2026-09-16T00:31:08.059859+00:00,2026-09-16T01:46:36.365061+00:00,write-metadata.json,#/studies/reef-l40-final-discard-3702747,"[""Chucky""]","[""a5adb2ebfea1b42f73d5181b8c8ec07fdbaa0a23""]","[""ed084d68cf1af1916ca4551825a4f7b70caefddd""]","[""cw-us-e4a2-l40-234-163""]","[""cpu"",""gpu""]","[""discard""]",[],"[""bbbc022-mito"",""cosem-cos7-em""]","[""raw_pack_cyclic_streaming_replay""]","[""complete""]","[""historical""]","[""pass""]","[""/mnt/main0/home/nclack/tmp/2026-09-07-chucky-microscopy-pr/worktree/build-microscopy-final-20260916/run-3702747/discard/study.json""]"
reef-l40-final-transfer-3702747,240,2026-09-16T01:46:52.173520+00:00,2026-09-16T03:06:48.145162+00:00,write-metadata.json,#/studies/reef-l40-final-transfer-3702747,"[""Chucky""]","[""a5adb2ebfea1b42f73d5181b8c8ec07fdbaa0a23""]","[""ed084d68cf1af1916ca4551825a4f7b70caefddd""]","[""cw-us-e4a2-l40-234-163""]","[""cpu"",""gpu""]","[""discard"",""nfs""]","[""/mnt/main0/home/nclack/tmp/2026-09-07-chucky-microscopy-pr/worktree/build-microscopy-final-20260916/run-3702747/sink""]","[""bbbc010-brightfield"",""dynacell-a549-phase"",""jump-scope-fluorescence"",""opencell-dna"",""opencell-protein""]","[""raw_pack_cyclic_streaming_replay""]","[""complete""]","[""partially_selected_in_current_report""]","[""pass""]","[""/mnt/main0/home/nclack/tmp/2026-09-07-chucky-microscopy-pr/worktree/build-microscopy-final-20260916/run-3702747/transfer/study.json""]"
reef-l40-final-confirmation-3704091,268,2026-09-16T04:17:02.305848+00:00,2026-09-16T05:49:07.904150+00:00,write-metadata.json,#/studies/reef-l40-final-confirmation-3704091,"[""Chucky""]","[""06fc280b28109cb0997ecf1a5373a3c867600aa1""]","[""ed084d68cf1af1916ca4551825a4f7b70caefddd""]","[""cw-us-e4a2-l40-202-189""]","[""cpu"",""gpu""]","[""discard"",""nfs""]","[""/mnt/main0/home/nclack/tmp/2026-09-07-chucky-microscopy-pr/worktree/build-microscopy-confirmation-3rounds-20260916/run-3704091/sink""]","[""bbbc022-mito"",""cosem-cos7-em""]","[""raw_pack_cyclic_streaming_replay""]","[""complete""]","[""partially_selected_in_current_report""]","[""pass""]","[""/mnt/main0/home/nclack/tmp/2026-09-07-chucky-microscopy-pr/worktree/build-microscopy-confirmation-3rounds-20260916/run-3704091/confirmation/study.json""]"
reef-l40-final-refinement-3704091,52,2026-09-16T05:49:20.933161+00:00,2026-09-16T05:57:20.349392+00:00,write-metadata.json,#/studies/reef-l40-final-refinement-3704091,"[""Chucky""]","[""06fc280b28109cb0997ecf1a5373a3c867600aa1""]","[""ed084d68cf1af1916ca4551825a4f7b70caefddd""]","[""cw-us-e4a2-l40-202-189""]","[""gpu""]","[""discard"",""nfs""]","[""/mnt/main0/home/nclack/tmp/2026-09-07-chucky-microscopy-pr/worktree/build-microscopy-confirmation-3rounds-20260916/run-3704091/sink""]","[""dynacell-a549-phase""]","[""raw_pack_cyclic_streaming_replay""]","[""complete""]","[""partially_selected_in_current_report""]","[""pass""]","[""/mnt/main0/home/nclack/tmp/2026-09-07-chucky-microscopy-pr/worktree/build-microscopy-confirmation-3rounds-20260916/run-3704091/refinement/study.json""]"
reef-turin-microscopy-workers-3708156,17,2026-09-16T16:46:01.189720+00:00,,write-metadata.json,#/studies/reef-turin-microscopy-workers-3708156,"[""Chucky""]","[""ee1b50a2eb19732c171ecc71f83109e648f72968""]","[""ee1b50a2eb19732c171ecc71f83109e648f72968""]","[""cpu-turin-gp-l-243-211""]","[""cpu""]","[""discard"",""nfs""]","[""/mnt/main0/home/nclack/tmp/2026-09-07-chucky-microscopy-pr/worktree/build-microscopy-cpu-scaling-20260916/sink""]","[""bbbc010-brightfield"",""bbbc022-mito"",""cosem-cos7-em"",""dynacell-a549-phase"",""opencell-dna""]","[""raw_pack_cyclic_streaming_replay""]","[""failed""]","[""failed_partial_study""]","[""error"",""pass""]","[""/mnt/main0/home/nclack/tmp/2026-09-07-chucky-microscopy-pr/worktree/build-microscopy-cpu-scaling-20260916/turin-3708156/study.json""]"
reef-turin-microscopy-workers-3708278,110,2026-09-16T16:59:25.623592+00:00,2026-09-16T17:13:35.406629+00:00,write-metadata.json,#/studies/reef-turin-microscopy-workers-3708278,"[""Chucky""]","[""3f7425978806dff7884438ff771ea0f261ec1f28""]","[""ee1b50a2eb19732c171ecc71f83109e648f72968""]","[""cpu-turin-gp-l-243-179""]","[""cpu""]","[""discard"",""nfs""]","[""/mnt/main0/home/nclack/tmp/2026-09-07-chucky-microscopy-pr/worktree/build-microscopy-cpu-scaling-20260916/sink""]","[""bbbc010-brightfield"",""bbbc022-mito"",""cosem-cos7-em"",""dynacell-a549-phase"",""opencell-dna""]","[""raw_pack_cyclic_streaming_replay""]","[""complete""]","[""historical_worker_comparison_with_withdrawn_repeated_plane_cases""]","[""pass""]","[""/mnt/main0/home/nclack/tmp/2026-09-07-chucky-microscopy-pr/worktree/build-microscopy-cpu-scaling-20260916/turin-3708278/study.json""]"
reef-l40-microscopy-workers-3708541,110,2026-09-16T17:19:15.411053+00:00,2026-09-16T17:37:14.111004+00:00,write-metadata.json,#/studies/reef-l40-microscopy-workers-3708541,"[""Chucky""]","[""3f7425978806dff7884438ff771ea0f261ec1f28""]","[""ed084d68cf1af1916ca4551825a4f7b70caefddd""]","[""cw-us-e4a2-l40-234-083""]","[""gpu""]","[""discard"",""nfs""]","[""/mnt/main0/home/nclack/tmp/2026-09-07-chucky-microscopy-pr/worktree/build-microscopy-cpu-scaling-20260916/sink""]","[""bbbc010-brightfield"",""bbbc022-mito"",""cosem-cos7-em"",""dynacell-a549-phase"",""opencell-dna""]","[""raw_pack_cyclic_streaming_replay""]","[""complete""]","[""historical_worker_comparison_with_withdrawn_repeated_plane_cases""]","[""pass""]","[""/mnt/main0/home/nclack/tmp/2026-09-07-chucky-microscopy-pr/worktree/build-microscopy-cpu-scaling-20260916/l40-3708541/study.json""]"
reef-turin-microscopy-pareto-3710801,8,2026-09-16T19:17:08.925460+00:00,,write-metadata.json,#/studies/reef-turin-microscopy-pareto-3710801,"[""Chucky""]","[""99622b1e9bc61deff83734be06a1f7d0b9e12f8c""]","[""ee1b50a2eb19732c171ecc71f83109e648f72968""]","[""cpu-turin-gp-l-243-179""]","[""cpu""]","[""discard"",""nfs""]","[""/mnt/main0/home/nclack/tmp/2026-09-07-chucky-microscopy-pr/worktree/build-microscopy-unified-20260916/sink/3710801""]","[""bbbc010-brightfield"",""bbbc022-mito"",""cosem-cos7-em"",""dynacell-a549-phase"",""opencell-dna"",""opencell-protein""]","[""raw_pack_cyclic_streaming_replay""]","[""running""]","[""cancelled;checkpoint_status_running""]","[""pass""]","[""/mnt/main0/home/nclack/tmp/2026-09-07-chucky-microscopy-pr/worktree/build-microscopy-unified-20260916/turin-3710801/study.json""]"
reef-turin-microscopy-pareto-core-3710982,158,2026-09-16T19:25:53.019444+00:00,2026-09-16T19:47:54.012278+00:00,write-metadata.json,#/studies/reef-turin-microscopy-pareto-core-3710982,"[""Chucky""]","[""f30f20802ed75093022d06e6a63fd431702f7d87""]","[""ee1b50a2eb19732c171ecc71f83109e648f72968""]","[""cpu-turin-gp-l-243-179""]","[""cpu""]","[""discard"",""nfs""]","[""/mnt/main0/home/nclack/tmp/2026-09-07-chucky-microscopy-pr/worktree/build-microscopy-unified-corrected-20260916/sink/3710982""]","[""bbbc022-mito"",""cosem-cos7-em""]","[""raw_pack_cyclic_streaming_replay""]","[""complete""]","[""partially_selected_in_current_report""]","[""pass""]","[""/mnt/main0/home/nclack/tmp/2026-09-07-chucky-microscopy-pr/worktree/build-microscopy-unified-corrected-20260916/turin-3710982/core/study.json""]"
reef-turin-microscopy-pareto-transfer-3710982,272,2026-09-16T19:48:06.401427+00:00,2026-09-16T20:30:07.513072+00:00,write-metadata.json,#/studies/reef-turin-microscopy-pareto-transfer-3710982,"[""Chucky""]","[""f30f20802ed75093022d06e6a63fd431702f7d87""]","[""ee1b50a2eb19732c171ecc71f83109e648f72968""]","[""cpu-turin-gp-l-243-179""]","[""cpu""]","[""discard"",""nfs""]","[""/mnt/main0/home/nclack/tmp/2026-09-07-chucky-microscopy-pr/worktree/build-microscopy-unified-corrected-20260916/sink/3710982""]","[""bbbc010-brightfield"",""dynacell-a549-phase"",""jump-scope-fluorescence"",""opencell-dna"",""opencell-protein""]","[""raw_pack_cyclic_streaming_replay""]","[""complete""]","[""partially_selected_in_current_report""]","[""pass""]","[""/mnt/main0/home/nclack/tmp/2026-09-07-chucky-microscopy-pr/worktree/build-microscopy-unified-corrected-20260916/turin-3710982/transfer/study.json""]"
microscopy-calibration-3666599,273,2026-09-13T01:40:02.892047+00:00,,write-metadata.json,#/studies/microscopy-calibration-3666599,"[""Chucky""]","[""42e3e1878afd65ca623e883f97516578cb5623e6""]",[],"[""cw-us-e4a2-l40-202-153""]","[""cpu"",""gpu""]","[""discard"",""nfs""]","[""/mnt/main0/home/nclack/tmp/2026-09-07-chucky-microscopy-pr/worktree/build-microscopy-calibration-20260913/fs-scratch""]","[""bbbc010-brightfield"",""cosem-cos7-em"",""dynacell-a549-phase"",""opencell-dna""]","[""raw_pack_cyclic_streaming_replay"",""synthetic_or_low_level_control""]","[""complete""]","[""historical""]","[""pass""]","[""/mnt/main0/home/nclack/tmp/2026-09-07-chucky-microscopy-pr/worktree/build-microscopy-calibration-20260913/calibration.json""]"
microscopy-runtime-calibration-3666600,108,2026-09-13T01:36:38.955323+00:00,2026-09-13T01:56:56.703385+00:00,write-metadata.json,#/studies/microscopy-runtime-calibration-3666600,"[""Chucky""]","[""71edf9ecfe9f4f5fe53a13a7cbe0666945da58de""]",[],"[""cw-us-e4a2-l40-202-153""]","[""cpu"",""gpu""]","[""discard""]",[],"[""bbbc010-brightfield"",""cosem-cos7-em"",""dynacell-a549-phase"",""jump-scope-fluorescence"",""opencell-dna"",""opencell-protein""]","[""raw_pack_cyclic_streaming_replay""]","[""complete""]","[""historical""]","[""pass""]","[""/mnt/main0/home/nclack/tmp/2026-09-13-microscopy-runtime/calibration/executions.jsonl""]"
microscopy-runtime-cpu-control-repeat-3667399,24,2026-09-13T02:30:51.409490+00:00,2026-09-13T02:32:12.625640+00:00,write-metadata.json,#/studies/microscopy-runtime-cpu-control-repeat-3667399,"[""Chucky""]","[""71edf9ecfe9f4f5fe53a13a7cbe0666945da58de""]",[],"[""cw-us-e4a2-l40-202-009""]","[""cpu""]","[""discard""]",[],"[""dynacell-a549-phase""]","[""raw_pack_cyclic_streaming_replay""]","[""complete""]","[""historical""]","[""pass""]","[""/mnt/main0/home/nclack/tmp/2026-09-13-microscopy-runtime/cpu-control-repeat/executions.jsonl""]"
reef-l40-432380c-20260912-microscopy-256k,180,2026-09-12T01:22:34,,write-metadata.json,#/studies/reef-l40-432380c-20260912-microscopy-256k,"[""Chucky""]","[""432380c41403ffb3ea6b6ffe50c4189033b4d2dd""]",[],"[""cw-us-e4a2-l40-202-193""]","[""cpu"",""gpu""]","[""discard""]",[],"[""bbbc010-brightfield"",""cosem-cos7-em"",""dynacell-a549-phase"",""jump-scope-fluorescence"",""opencell-dna"",""opencell-protein""]","[""raw_pack_cyclic_streaming_replay""]","[""complete""]","[""historical""]","[""pass""]","[""/mnt/main0/home/nclack/src/chucky/bench/results/reef-l40-432380c-20260912-microscopy-256k.json""]"
microscopy-output-pool,70,2026-09-13T19:14:57.704826+00:00,2026-09-13T19:29:14.764913+00:00,write-metadata.json,#/studies/microscopy-output-pool,"[""Chucky""]","[""a8bf68e58388c3bb8ec55340f62f82b2b757e1df""]",[],"[""cw-us-e4a2-l40-234-199""]","[""cpu"",""gpu""]","[""discard"",""nfs""]","[""/mnt/main0/home/nclack/tmp/2026-09-07-chucky-microscopy-pr/worktree/build-microscopy-output-pool-20260913/run-3671630/sink/execution-0001"",""/mnt/main0/home/nclack/tmp/2026-09-07-chucky-microscopy-pr/worktree/build-microscopy-output-pool-20260913/run-3671630/sink/execution-0002"",""/mnt/main0/home/nclack/tmp/2026-09-07-chucky-microscopy-pr/worktree/build-microscopy-output-pool-20260913/run-3671630/sink/execution-0003"",""/mnt/main0/home/nclack/tmp/2026-09-07-chucky-microscopy-pr/worktree/build-microscopy-output-pool-20260913/run-3671630/sink/execution-0004"",""/mnt/main0/home/nclack/tmp/2026-09-07-chucky-microscopy-pr/worktree/build-microscopy-output-pool-20260913/run-3671630/sink/execution-0005"",""/mnt/main0/home/nclack/tmp/2026-09-07-chucky-microscopy-pr/worktree/build-microscopy-output-pool-20260913/run-3671630/sink/execution-0006"",""/mnt/main0/home/nclack/tmp/2026-09-07-chucky-microscopy-pr/worktree/build-microscopy-output-pool-20260913/run-3671630/sink/execution-0007"",""/mnt/main0/home/nclack/tmp/2026-09-07-chucky-microscopy-pr/worktree/build-microscopy-output-pool-20260913/run-3671630/sink/execution-0008"",""/mnt/main0/home/nclack/tmp/2026-09-07-chucky-microscopy-pr/worktree/build-microscopy-output-pool-20260913/run-3671630/sink/execution-0009"",""/mnt/main0/home/nclack/tmp/2026-09-07-chucky-microscopy-pr/worktree/build-microscopy-output-pool-20260913/run-3671630/sink/execution-0010"",""/mnt/main0/home/nclack/tmp/2026-09-07-chucky-microscopy-pr/worktree/build-microscopy-output-pool-20260913/run-3671630/sink/execution-0017"",""/mnt/main0/home/nclack/tmp/2026-09-07-chucky-microscopy-pr/worktree/build-microscopy-output-pool-20260913/run-3671630/sink/execution-0018"",""/mnt/main0/home/nclack/tmp/2026-09-07-chucky-microscopy-pr/worktree/build-microscopy-output-pool-20260913/run-3671630/sink/execution-0019"",""/mnt/main0/home/nclack/tmp/2026-09-07-chucky-microscopy-pr/worktree/build-microscopy-output-pool-20260913/run-3671630/sink/execution-0020"",""/mnt/main0/home/nclack/tmp/2026-09-07-chucky-microscopy-pr/worktree/build-microscopy-output-pool-20260913/run-3671630/sink/execution-0021"",""/mnt/main0/home/nclack/tmp/2026-09-07-chucky-microscopy-pr/worktree/build-microscopy-output-pool-20260913/run-3671630/sink/execution-0022"",""/mnt/main0/home/nclack/tmp/2026-09-07-chucky-microscopy-pr/worktree/build-microscopy-output-pool-20260913/run-3671630/sink/execution-0023"",""/mnt/main0/home/nclack/tmp/2026-09-07-chucky-microscopy-pr/worktree/build-microscopy-output-pool-20260913/run-3671630/sink/execution-0024"",""/mnt/main0/home/nclack/tmp/2026-09-07-chucky-microscopy-pr/worktree/build-microscopy-output-pool-20260913/run-3671630/sink/execution-0025"",""/mnt/main0/home/nclack/tmp/2026-09-07-chucky-microscopy-pr/worktree/build-microscopy-output-pool-20260913/run-3671630/sink/execution-0026"",""/mnt/main0/home/nclack/tmp/2026-09-07-chucky-microscopy-pr/worktree/build-microscopy-output-pool-20260913/run-3671630/sink/execution-0029"",""/mnt/main0/home/nclack/tmp/2026-09-07-chucky-microscopy-pr/worktree/build-microscopy-output-pool-20260913/run-3671630/sink/execution-0030"",""/mnt/main0/home/nclack/tmp/2026-09-07-chucky-microscopy-pr/worktree/build-microscopy-output-pool-20260913/run-3671630/sink/execution-0031"",""/mnt/main0/home/nclack/tmp/2026-09-07-chucky-microscopy-pr/worktree/build-microscopy-output-pool-20260913/run-3671630/sink/execution-0032"",""/mnt/main0/home/nclack/tmp/2026-09-07-chucky-microscopy-pr/worktree/build-microscopy-output-pool-20260913/run-3671630/sink/execution-0033"",""/mnt/main0/home/nclack/tmp/2026-09-07-chucky-microscopy-pr/worktree/build-microscopy-output-pool-20260913/run-3671630/sink/execution-0034"",""/mnt/main0/home/nclack/tmp/2026-09-07-chucky-microscopy-pr/worktree/build-microscopy-output-pool-20260913/run-3671630/sink/execution-0035"",""/mnt/main0/home/nclack/tmp/2026-09-07-chucky-microscopy-pr/worktree/build-microscopy-output-pool-20260913/run-3671630/sink/execution-0038"",""/mnt/main0/home/nclack/tmp/2026-09-07-chucky-microscopy-pr/worktree/build-microscopy-output-pool-20260913/run-3671630/sink/execution-0039"",""/mnt/main0/home/nclack/tmp/2026-09-07-chucky-microscopy-pr/worktree/build-microscopy-output-pool-20260913/run-3671630/sink/execution-0040"",""/mnt/main0/home/nclack/tmp/2026-09-07-chucky-microscopy-pr/worktree/build-microscopy-output-pool-20260913/run-3671630/sink/execution-0043"",""/mnt/main0/home/nclack/tmp/2026-09-07-chucky-microscopy-pr/worktree/build-microscopy-output-pool-20260913/run-3671630/sink/execution-0044"",""/mnt/main0/home/nclack/tmp/2026-09-07-chucky-microscopy-pr/worktree/build-microscopy-output-pool-20260913/run-3671630/sink/execution-0045"",""/mnt/main0/home/nclack/tmp/2026-09-07-chucky-microscopy-pr/worktree/build-microscopy-output-pool-20260913/run-3671630/sink/execution-0050"",""/mnt/main0/home/nclack/tmp/2026-09-07-chucky-microscopy-pr/worktree/build-microscopy-output-pool-20260913/run-3671630/sink/execution-0051"",""/mnt/main0/home/nclack/tmp/2026-09-07-chucky-microscopy-pr/worktree/build-microscopy-output-pool-20260913/run-3671630/sink/execution-0052"",""/mnt/main0/home/nclack/tmp/2026-09-07-chucky-microscopy-pr/worktree/build-microscopy-output-pool-20260913/run-3671630/sink/execution-0053"",""/mnt/main0/home/nclack/tmp/2026-09-07-chucky-microscopy-pr/worktree/build-microscopy-output-pool-20260913/run-3671630/sink/execution-0054"",""/mnt/main0/home/nclack/tmp/2026-09-07-chucky-microscopy-pr/worktree/build-microscopy-output-pool-20260913/run-3671630/sink/execution-0055"",""/mnt/main0/home/nclack/tmp/2026-09-07-chucky-microscopy-pr/worktree/build-microscopy-output-pool-20260913/run-3671630/sink/execution-0056"",""/mnt/main0/home/nclack/tmp/2026-09-07-chucky-microscopy-pr/worktree/build-microscopy-output-pool-20260913/run-3671630/sink/recovery-0001"",""/mnt/main0/home/nclack/tmp/2026-09-07-chucky-microscopy-pr/worktree/build-microscopy-output-pool-20260913/run-3671630/sink/recovery-0002"",""/mnt/main0/home/nclack/tmp/2026-09-07-chucky-microscopy-pr/worktree/build-microscopy-output-pool-20260913/run-3671630/sink/recovery-0003"",""/mnt/main0/home/nclack/tmp/2026-09-07-chucky-microscopy-pr/worktree/build-microscopy-output-pool-20260913/run-3671630/sink/recovery-0004"",""/mnt/main0/home/nclack/tmp/2026-09-07-chucky-microscopy-pr/worktree/build-microscopy-output-pool-20260913/run-3671630/sink/recovery-0005"",""/mnt/main0/home/nclack/tmp/2026-09-07-chucky-microscopy-pr/worktree/build-microscopy-output-pool-20260913/run-3671630/sink/recovery-0006"",""/mnt/main0/home/nclack/tmp/2026-09-07-chucky-microscopy-pr/worktree/build-microscopy-output-pool-20260913/run-3671630/sink/recovery-0007"",""/mnt/main0/home/nclack/tmp/2026-09-07-chucky-microscopy-pr/worktree/build-microscopy-output-pool-20260913/run-3671630/sink/recovery-0008"",""/mnt/main0/home/nclack/tmp/2026-09-07-chucky-microscopy-pr/worktree/build-microscopy-output-pool-20260913/run-3671630/sink/recovery-0009"",""/mnt/main0/home/nclack/tmp/2026-09-07-chucky-microscopy-pr/worktree/build-microscopy-output-pool-20260913/run-3671630/sink/recovery-0010"",""/mnt/main0/home/nclack/tmp/2026-09-07-chucky-microscopy-pr/worktree/build-microscopy-output-pool-20260913/run-3671630/sink/recovery-0011"",""/mnt/main0/home/nclack/tmp/2026-09-07-chucky-microscopy-pr/worktree/build-microscopy-output-pool-20260913/run-3671630/sink/recovery-0012""]","[""cosem-cos7-em""]","[""raw_pack_cyclic_streaming_replay"",""synthetic_or_low_level_control""]","[""complete""]","[""historical""]","[""pass""]","[""/mnt/main0/home/nclack/tmp/2026-09-07-chucky-microscopy-pr/worktree/build-microscopy-output-pool-20260913/run-3671630/study.json""]"
cosem-v2-output-buffers-20260914,72,2026-09-14T16:38:23.692637+00:00,2026-09-14T16:51:30.781289+00:00,write-metadata.json,#/studies/cosem-v2-output-buffers-20260914,"[""Chucky""]","[""a8bf68e58388c3bb8ec55340f62f82b2b757e1df""]",[],"[""cw-us-e4a2-l40-234-079""]","[""cpu"",""gpu""]","[""discard"",""nfs""]","[""/mnt/main0/home/nclack/tmp/2026-09-07-chucky-microscopy-pr/worktree/build-microscopy-cosem-v2-20260914/run-3681071/sink/execution-0001"",""/mnt/main0/home/nclack/tmp/2026-09-07-chucky-microscopy-pr/worktree/build-microscopy-cosem-v2-20260914/run-3681071/sink/execution-0002"",""/mnt/main0/home/nclack/tmp/2026-09-07-chucky-microscopy-pr/worktree/build-microscopy-cosem-v2-20260914/run-3681071/sink/execution-0003"",""/mnt/main0/home/nclack/tmp/2026-09-07-chucky-microscopy-pr/worktree/build-microscopy-cosem-v2-20260914/run-3681071/sink/execution-0008"",""/mnt/main0/home/nclack/tmp/2026-09-07-chucky-microscopy-pr/worktree/build-microscopy-cosem-v2-20260914/run-3681071/sink/execution-0009"",""/mnt/main0/home/nclack/tmp/2026-09-07-chucky-microscopy-pr/worktree/build-microscopy-cosem-v2-20260914/run-3681071/sink/execution-0010"",""/mnt/main0/home/nclack/tmp/2026-09-07-chucky-microscopy-pr/worktree/build-microscopy-cosem-v2-20260914/run-3681071/sink/execution-0011"",""/mnt/main0/home/nclack/tmp/2026-09-07-chucky-microscopy-pr/worktree/build-microscopy-cosem-v2-20260914/run-3681071/sink/execution-0012"",""/mnt/main0/home/nclack/tmp/2026-09-07-chucky-microscopy-pr/worktree/build-microscopy-cosem-v2-20260914/run-3681071/sink/execution-0013"",""/mnt/main0/home/nclack/tmp/2026-09-07-chucky-microscopy-pr/worktree/build-microscopy-cosem-v2-20260914/run-3681071/sink/execution-0014"",""/mnt/main0/home/nclack/tmp/2026-09-07-chucky-microscopy-pr/worktree/build-microscopy-cosem-v2-20260914/run-3681071/sink/execution-0015"",""/mnt/main0/home/nclack/tmp/2026-09-07-chucky-microscopy-pr/worktree/build-microscopy-cosem-v2-20260914/run-3681071/sink/execution-0016"",""/mnt/main0/home/nclack/tmp/2026-09-07-chucky-microscopy-pr/worktree/build-microscopy-cosem-v2-20260914/run-3681071/sink/execution-0017"",""/mnt/main0/home/nclack/tmp/2026-09-07-chucky-microscopy-pr/worktree/build-microscopy-cosem-v2-20260914/run-3681071/sink/execution-0018"",""/mnt/main0/home/nclack/tmp/2026-09-07-chucky-microscopy-pr/worktree/build-microscopy-cosem-v2-20260914/run-3681071/sink/execution-0019"",""/mnt/main0/home/nclack/tmp/2026-09-07-chucky-microscopy-pr/worktree/build-microscopy-cosem-v2-20260914/run-3681071/sink/execution-0020"",""/mnt/main0/home/nclack/tmp/2026-09-07-chucky-microscopy-pr/worktree/build-microscopy-cosem-v2-20260914/run-3681071/sink/execution-0021"",""/mnt/main0/home/nclack/tmp/2026-09-07-chucky-microscopy-pr/worktree/build-microscopy-cosem-v2-20260914/run-3681071/sink/execution-0022"",""/mnt/main0/home/nclack/tmp/2026-09-07-chucky-microscopy-pr/worktree/build-microscopy-cosem-v2-20260914/run-3681071/sink/execution-0023"",""/mnt/main0/home/nclack/tmp/2026-09-07-chucky-microscopy-pr/worktree/build-microscopy-cosem-v2-20260914/run-3681071/sink/execution-0024"",""/mnt/main0/home/nclack/tmp/2026-09-07-chucky-microscopy-pr/worktree/build-microscopy-cosem-v2-20260914/run-3681071/sink/execution-0029"",""/mnt/main0/home/nclack/tmp/2026-09-07-chucky-microscopy-pr/worktree/build-microscopy-cosem-v2-20260914/run-3681071/sink/execution-0030"",""/mnt/main0/home/nclack/tmp/2026-09-07-chucky-microscopy-pr/worktree/build-microscopy-cosem-v2-20260914/run-3681071/sink/execution-0031"",""/mnt/main0/home/nclack/tmp/2026-09-07-chucky-microscopy-pr/worktree/build-microscopy-cosem-v2-20260914/run-3681071/sink/execution-0032"",""/mnt/main0/home/nclack/tmp/2026-09-07-chucky-microscopy-pr/worktree/build-microscopy-cosem-v2-20260914/run-3681071/sink/execution-0033"",""/mnt/main0/home/nclack/tmp/2026-09-07-chucky-microscopy-pr/worktree/build-microscopy-cosem-v2-20260914/run-3681071/sink/execution-0034"",""/mnt/main0/home/nclack/tmp/2026-09-07-chucky-microscopy-pr/worktree/build-microscopy-cosem-v2-20260914/run-3681071/sink/execution-0039"",""/mnt/main0/home/nclack/tmp/2026-09-07-chucky-microscopy-pr/worktree/build-microscopy-cosem-v2-20260914/run-3681071/sink/execution-0040"",""/mnt/main0/home/nclack/tmp/2026-09-07-chucky-microscopy-pr/worktree/build-microscopy-cosem-v2-20260914/run-3681071/sink/execution-0041"",""/mnt/main0/home/nclack/tmp/2026-09-07-chucky-microscopy-pr/worktree/build-microscopy-cosem-v2-20260914/run-3681071/sink/execution-0042"",""/mnt/main0/home/nclack/tmp/2026-09-07-chucky-microscopy-pr/worktree/build-microscopy-cosem-v2-20260914/run-3681071/sink/execution-0043"",""/mnt/main0/home/nclack/tmp/2026-09-07-chucky-microscopy-pr/worktree/build-microscopy-cosem-v2-20260914/run-3681071/sink/execution-0044"",""/mnt/main0/home/nclack/tmp/2026-09-07-chucky-microscopy-pr/worktree/build-microscopy-cosem-v2-20260914/run-3681071/sink/execution-0045"",""/mnt/main0/home/nclack/tmp/2026-09-07-chucky-microscopy-pr/worktree/build-microscopy-cosem-v2-20260914/run-3681071/sink/execution-0046"",""/mnt/main0/home/nclack/tmp/2026-09-07-chucky-microscopy-pr/worktree/build-microscopy-cosem-v2-20260914/run-3681071/sink/execution-0047"",""/mnt/main0/home/nclack/tmp/2026-09-07-chucky-microscopy-pr/worktree/build-microscopy-cosem-v2-20260914/run-3681071/sink/execution-0048"",""/mnt/main0/home/nclack/tmp/2026-09-07-chucky-microscopy-pr/worktree/build-microscopy-cosem-v2-20260914/run-3681071/sink/execution-0053"",""/mnt/main0/home/nclack/tmp/2026-09-07-chucky-microscopy-pr/worktree/build-microscopy-cosem-v2-20260914/run-3681071/sink/execution-0054"",""/mnt/main0/home/nclack/tmp/2026-09-07-chucky-microscopy-pr/worktree/build-microscopy-cosem-v2-20260914/run-3681071/sink/execution-0055"",""/mnt/main0/home/nclack/tmp/2026-09-07-chucky-microscopy-pr/worktree/build-microscopy-cosem-v2-20260914/run-3681071/sink/execution-0056"",""/mnt/main0/home/nclack/tmp/2026-09-07-chucky-microscopy-pr/worktree/build-microscopy-cosem-v2-20260914/run-3681071/sink/old-crop-01"",""/mnt/main0/home/nclack/tmp/2026-09-07-chucky-microscopy-pr/worktree/build-microscopy-cosem-v2-20260914/run-3681071/sink/old-crop-02"",""/mnt/main0/home/nclack/tmp/2026-09-07-chucky-microscopy-pr/worktree/build-microscopy-cosem-v2-20260914/run-3681071/sink/old-crop-03"",""/mnt/main0/home/nclack/tmp/2026-09-07-chucky-microscopy-pr/worktree/build-microscopy-cosem-v2-20260914/run-3681071/sink/old-crop-04"",""/mnt/main0/home/nclack/tmp/2026-09-07-chucky-microscopy-pr/worktree/build-microscopy-cosem-v2-20260914/run-3681071/sink/recovery-0001"",""/mnt/main0/home/nclack/tmp/2026-09-07-chucky-microscopy-pr/worktree/build-microscopy-cosem-v2-20260914/run-3681071/sink/recovery-0002"",""/mnt/main0/home/nclack/tmp/2026-09-07-chucky-microscopy-pr/worktree/build-microscopy-cosem-v2-20260914/run-3681071/sink/recovery-0003"",""/mnt/main0/home/nclack/tmp/2026-09-07-chucky-microscopy-pr/worktree/build-microscopy-cosem-v2-20260914/run-3681071/sink/recovery-0004"",""/mnt/main0/home/nclack/tmp/2026-09-07-chucky-microscopy-pr/worktree/build-microscopy-cosem-v2-20260914/run-3681071/sink/recovery-0005"",""/mnt/main0/home/nclack/tmp/2026-09-07-chucky-microscopy-pr/worktree/build-microscopy-cosem-v2-20260914/run-3681071/sink/recovery-0006"",""/mnt/main0/home/nclack/tmp/2026-09-07-chucky-microscopy-pr/worktree/build-microscopy-cosem-v2-20260914/run-3681071/sink/recovery-0007"",""/mnt/main0/home/nclack/tmp/2026-09-07-chucky-microscopy-pr/worktree/build-microscopy-cosem-v2-20260914/run-3681071/sink/recovery-0008"",""/mnt/main0/home/nclack/tmp/2026-09-07-chucky-microscopy-pr/worktree/build-microscopy-cosem-v2-20260914/run-3681071/sink/recovery-0009"",""/mnt/main0/home/nclack/tmp/2026-09-07-chucky-microscopy-pr/worktree/build-microscopy-cosem-v2-20260914/run-3681071/sink/recovery-0010"",""/mnt/main0/home/nclack/tmp/2026-09-07-chucky-microscopy-pr/worktree/build-microscopy-cosem-v2-20260914/run-3681071/sink/recovery-0011"",""/mnt/main0/home/nclack/tmp/2026-09-07-chucky-microscopy-pr/worktree/build-microscopy-cosem-v2-20260914/run-3681071/sink/recovery-0012""]","[""cosem-cos7-em""]","[""raw_pack_cyclic_streaming_replay""]","[""complete""]","[""historical""]","[""pass""]","[""/mnt/main0/home/nclack/tmp/2026-09-07-chucky-microscopy-pr/worktree/build-microscopy-cosem-v2-20260914/run-3681071/study.json""]"
