source_file,source_record,status,reason,details,action,phase,attempt,exit_code,performance_row
/mnt/main0/home/nclack/tmp/2026-09-16-damacy-pr160-pareto/allocation-1.log,line 79,failed_attempt_or_guard,"subprocess.CalledProcessError: Command '['/tmp/damacy-pr160-3715459-5R6rTw/venv/bin/python', '/mnt/main0/home/nclack/tmp/2026-09-16-damacy-pr160-pareto/repo/bench/cpu_pareto.py', 'generate', '--case', '/mnt/main0/home/nclack/tmp/2026-09-16-damacy-pr160-pareto/job-3715459/preflight/zeros-lz4-c256-b64/case.json', '--data', '/tmp/damacy-pr160-3715459-5R6rTw/preflight/array-data', '--audit', '/mnt/main0/home/nclack/tmp/2026-09-16-damacy-pr160-pareto/job-3715459/preflight/zeros-lz4-c256-b64/audit.json', '--shards', '1', '--small']' returned non-zero exit status 1.","[{""line"":79,""text"":""subprocess.CalledProcessError: Command '['/tmp/damacy-pr160-3715459-5R6rTw/venv/bin/python', '/mnt/main0/home/nclack/tmp/2026-09-16-damacy-pr160-pareto/repo/bench/cpu_pareto.py', 'generate', '--case', '/mnt/main0/home/nclack/tmp/2026-09-16-damacy-pr160-pareto/job-3715459/preflight/zeros-lz4-c256-b64/case.json', '--data', '/tmp/damacy-pr160-3715459-5R6rTw/preflight/array-data', '--audit', '/mnt/main0/home/nclack/tmp/2026-09-16-damacy-pr160-pareto/job-3715459/preflight/zeros-lz4-c256-b64/audit.json', '--shards', '1', '--small']' returned non-zero exit status 1.""}]",retained without fabricated timing; completed cases and later reruns remain separate,,,,
/mnt/main0/home/nclack/tmp/2026-09-16-damacy-pr160-pareto/allocation-2.log,line 80,failed_attempt_or_guard,"subprocess.CalledProcessError: Command '['/tmp/damacy-pr160-3715509-cIY2hr/venv/bin/python', '/mnt/main0/home/nclack/tmp/2026-09-16-damacy-pr160-pareto/repo/bench/cpu_pareto.py', 'measure', '--data', '/tmp/damacy-pr160-3715509-cIY2hr/preflight/array-data', '--audit', '/mnt/main0/home/nclack/tmp/2026-09-16-damacy-pr160-pareto/job-3715509/preflight/zeros-lz4-c256-b64/audit.json', '--output', '/mnt/main0/home/nclack/tmp/2026-09-16-damacy-pr160-pareto/job-3715509/preflight/zeros-lz4-c256-b64/measurements.json', '--workers', '32', '--io-workers', '8', '--repeats', '1', '--seconds', '0.1', '--min-gib', '0.01']' returned non-zero exit status 1.","[{""line"":80,""text"":""subprocess.CalledProcessError: Command '['/tmp/damacy-pr160-3715509-cIY2hr/venv/bin/python', '/mnt/main0/home/nclack/tmp/2026-09-16-damacy-pr160-pareto/repo/bench/cpu_pareto.py', 'measure', '--data', '/tmp/damacy-pr160-3715509-cIY2hr/preflight/array-data', '--audit', '/mnt/main0/home/nclack/tmp/2026-09-16-damacy-pr160-pareto/job-3715509/preflight/zeros-lz4-c256-b64/audit.json', '--output', '/mnt/main0/home/nclack/tmp/2026-09-16-damacy-pr160-pareto/job-3715509/preflight/zeros-lz4-c256-b64/measurements.json', '--workers', '32', '--io-workers', '8', '--repeats', '1', '--seconds', '0.1', '--min-gib', '0.01']' returned non-zero exit status 1.""}]",retained without fabricated timing; completed cases and later reruns remain separate,,,,
/mnt/main0/home/nclack/tmp/2026-09-16-damacy-pr160-pareto/allocation-storage-1.log,line 267,failed_attempt_or_guard,"subprocess.CalledProcessError: Command '['/tmp/damacy-pr160-storage-full-3717174-TZ6Z41/venv/bin/python', '/mnt/main0/home/nclack/tmp/2026-09-16-damacy-pr160-pareto/storage-job-3717174/sources/cpu_storage_bandwidth.py', '--data', '/tmp/damacy-pr160-storage-full-3717174-TZ6Z41/data/arrays', '--audit', '/mnt/main0/home/nclack/tmp/2026-09-16-damacy-pr160-pareto/storage-job-3717174/results/random12-zstd-c256-b128/audit.json', '--references', '/mnt/main0/home/nclack/tmp/2026-09-16-damacy-pr160-pareto/amplification-job-3716180/results/queries.json', '--workload', 'full-scan', '--cache', 'cold', '--workers', '32', '--io-workers', '8', '--repeats', '3', '--seconds', '10', '--min-gib', '1', '--output', '/mnt/main0/home/nclack/tmp/2026-09-16-damacy-pr160-pareto/storage-job-3717174/results/random12-z","[{""line"":267,""text"":""subprocess.CalledProcessError: Command '['/tmp/damacy-pr160-storage-full-3717174-TZ6Z41/venv/bin/python', '/mnt/main0/home/nclack/tmp/2026-09-16-damacy-pr160-pareto/storage-job-3717174/sources/cpu_storage_bandwidth.py', '--data', '/tmp/damacy-pr160-storage-full-3717174-TZ6Z41/data/arrays', '--audit', '/mnt/main0/home/nclack/tmp/2026-09-16-damacy-pr160-pareto/storage-job-3717174/results/random12-zstd-c256-b128/audit.json', '--references', '/mnt/main0/home/nclack/tmp/2026-09-16-damacy-pr160-pareto/amplification-job-3716180/results/queries.json', '--workload', 'full-scan', '--cache', 'cold', '--workers', '32', '--io-workers', '8', '--repeats', '3', '--seconds', '10', '--min-gib', '1', '--output', '/mnt/main0/home/nclack/tmp/2026-09-16-damacy-pr160-pareto/storage-job-3717174/results/random12-z""}]",retained without fabricated timing; completed cases and later reruns remain separate,,,,
/mnt/main0/home/nclack/tmp/2026-09-16-damacy-pr160-pareto/allocation-storage-2.log,line 85,failed_attempt_or_guard,[2026-09-17T01:56:47.122] error: *** STEP 3717755.0 ON cpu-turin-gp-l-243-179 CANCELLED AT 2026-09-17T01:56:47 DUE to SIGNAL Terminated ***,"[{""line"":85,""text"":""[2026-09-17T01:56:47.122] error: *** STEP 3717755.0 ON cpu-turin-gp-l-243-179 CANCELLED AT 2026-09-17T01:56:47 DUE to SIGNAL Terminated ***""}]",retained without fabricated timing; completed cases and later reruns remain separate,,,,
/mnt/main0/home/nclack/tmp/2026-09-16-damacy-pr160-pareto/allocation-storage-3.log,line 125,failed_attempt_or_guard,"subprocess.CalledProcessError: Command '['/tmp/damacy-pr160-storage-full-3717813-xWSoEi/venv/bin/python', '/mnt/main0/home/nclack/tmp/2026-09-16-damacy-pr160-pareto/storage-job-3717813/sources/cpu_storage_bandwidth.py', '--data', '/tmp/damacy-pr160-storage-full-3717813-xWSoEi/data/arrays', '--audit', '/mnt/main0/home/nclack/tmp/2026-09-16-damacy-pr160-pareto/storage-job-3717813/results/random12-zstd-c1024-b512/audit.json', '--references', '/mnt/main0/home/nclack/tmp/2026-09-16-damacy-pr160-pareto/amplification-job-3716180/results/queries.json', '--workload', 'full-scan', '--cache', 'cold', '--workers', '32', '--io-workers', '8', '--repeats', '3', '--seconds', '10', '--min-gib', '1', '--output', '/mnt/main0/home/nclack/tmp/2026-09-16-damacy-pr160-pareto/storage-job-3717813/results/random12-","[{""line"":125,""text"":""subprocess.CalledProcessError: Command '['/tmp/damacy-pr160-storage-full-3717813-xWSoEi/venv/bin/python', '/mnt/main0/home/nclack/tmp/2026-09-16-damacy-pr160-pareto/storage-job-3717813/sources/cpu_storage_bandwidth.py', '--data', '/tmp/damacy-pr160-storage-full-3717813-xWSoEi/data/arrays', '--audit', '/mnt/main0/home/nclack/tmp/2026-09-16-damacy-pr160-pareto/storage-job-3717813/results/random12-zstd-c1024-b512/audit.json', '--references', '/mnt/main0/home/nclack/tmp/2026-09-16-damacy-pr160-pareto/amplification-job-3716180/results/queries.json', '--workload', 'full-scan', '--cache', 'cold', '--workers', '32', '--io-workers', '8', '--repeats', '3', '--seconds', '10', '--min-gib', '1', '--output', '/mnt/main0/home/nclack/tmp/2026-09-16-damacy-pr160-pareto/storage-job-3717813/results/random12-""}]",retained without fabricated timing; completed cases and later reruns remain separate,,,,
/mnt/main0/home/nclack/tmp/2026-09-16-damacy-pr160-pareto/job-3715459/preflight/zeros-lz4-c256-b64/generate.log,line 13,failed_attempt_or_guard,RuntimeError: block request changed,"[{""line"":13,""text"":""RuntimeError: block request changed""}]",retained without fabricated timing; completed cases and later reruns remain separate,,,,
/mnt/main0/home/nclack/tmp/2026-09-16-damacy-pr160-pareto/job-3715509/preflight/zeros-lz4-c256-b64/measure.log,line 10,failed_attempt_or_guard,RuntimeError: not enough physical CPU cores,"[{""line"":10,""text"":""RuntimeError: not enough physical CPU cores""}]",retained without fabricated timing; completed cases and later reruns remain separate,,,,
/mnt/main0/home/nclack/tmp/2026-09-16-damacy-pr160-pareto/storage-job-3717174/results/random12-zstd-c256-b128/full-scan/measure.log,line 18,failed_attempt_or_guard,"RuntimeError: shard pages remain cached: [0, 0, 1, 0]","[{""line"":18,""text"":""RuntimeError: shard pages remain cached: [0, 0, 1, 0]""}]",retained without fabricated timing; completed cases and later reruns remain separate,,,,
/mnt/main0/home/nclack/tmp/2026-09-16-damacy-pr160-pareto/storage-job-3717813/results/random12-zstd-c1024-b512/full-scan/measure.log,line 16,failed_attempt_or_guard,"RuntimeError: shard pages remain cached: [0, 0, 0, 2]","[{""line"":16,""text"":""RuntimeError: shard pages remain cached: [0, 0, 0, 2]""}]",retained without fabricated timing; completed cases and later reruns remain separate,,,,
/mnt/main0/home/nclack/tmp/2026-09-23-damacy-pr160-shard-grid/allocation-10.log,line 161,failed_attempt_or_guard,[2026-09-23T20:47:13.007] error: *** STEP 3804241.0 ON cpu-turin-gp-l-244-025 CANCELLED AT 2026-09-23T20:47:13 DUE TO TIME LIMIT ***,"[{""line"":161,""text"":""[2026-09-23T20:47:13.007] error: *** STEP 3804241.0 ON cpu-turin-gp-l-244-025 CANCELLED AT 2026-09-23T20:47:13 DUE TO TIME LIMIT ***""}]",retained without fabricated timing; completed cases and later reruns remain separate,,,,
/mnt/main0/home/nclack/tmp/2026-09-23-damacy-pr160-shard-grid/allocation-4.log,line 48,failed_attempt_or_guard,"subprocess.CalledProcessError: Command '['/tmp/damacy-pr160-grid-3803664-w5d5l1/venv/bin/python', '/mnt/main0/home/nclack/tmp/2026-09-23-damacy-pr160-shard-grid/job-3803664/sources/shard_grid_measure.py', '--data', '/tmp/damacy-pr160-grid-3803664-w5d5l1/preflight-data/random12-zstd-c1024-b16', '--audit', '/mnt/main0/home/nclack/tmp/2026-09-23-damacy-pr160-shard-grid/job-3803664/preflight/random12-zstd-c1024-b16/audit.json', '--references', '/mnt/main0/home/nclack/tmp/2026-09-23-damacy-pr160-shard-grid/job-3803664/preflight/random12-zstd-c1024-b16/references.json', '--workers', '32', '--io-workers', '16', '--cores', '48', '--backend', 'tensorstore', '--workload', 'random-1x256x256', '--cache', 'cold', '--repeats', '1', '--repeat-index', '1', '--seconds', '0.1', '--min-gib', '0.01', '--outpu","[{""line"":48,""text"":""subprocess.CalledProcessError: Command '['/tmp/damacy-pr160-grid-3803664-w5d5l1/venv/bin/python', '/mnt/main0/home/nclack/tmp/2026-09-23-damacy-pr160-shard-grid/job-3803664/sources/shard_grid_measure.py', '--data', '/tmp/damacy-pr160-grid-3803664-w5d5l1/preflight-data/random12-zstd-c1024-b16', '--audit', '/mnt/main0/home/nclack/tmp/2026-09-23-damacy-pr160-shard-grid/job-3803664/preflight/random12-zstd-c1024-b16/audit.json', '--references', '/mnt/main0/home/nclack/tmp/2026-09-23-damacy-pr160-shard-grid/job-3803664/preflight/random12-zstd-c1024-b16/references.json', '--workers', '32', '--io-workers', '16', '--cores', '48', '--backend', 'tensorstore', '--workload', 'random-1x256x256', '--cache', 'cold', '--repeats', '1', '--repeat-index', '1', '--seconds', '0.1', '--min-gib', '0.01', '--outpu""}]",retained without fabricated timing; completed cases and later reruns remain separate,,,,
/mnt/main0/home/nclack/tmp/2026-09-23-damacy-pr160-shard-grid/allocation-5.log,line 48,failed_attempt_or_guard,"subprocess.CalledProcessError: Command '['/tmp/damacy-pr160-grid-3803719-v06SG3/venv/bin/python', '/mnt/main0/home/nclack/tmp/2026-09-23-damacy-pr160-shard-grid/job-3803719/sources/shard_grid_measure.py', '--data', '/tmp/damacy-pr160-grid-3803719-v06SG3/preflight-data/random12-zstd-c1024-b16', '--audit', '/mnt/main0/home/nclack/tmp/2026-09-23-damacy-pr160-shard-grid/job-3803719/preflight/random12-zstd-c1024-b16/audit.json', '--references', '/mnt/main0/home/nclack/tmp/2026-09-23-damacy-pr160-shard-grid/job-3803719/preflight/random12-zstd-c1024-b16/references.json', '--workers', '32', '--io-workers', '16', '--cores', '48', '--backend', 'tensorstore', '--workload', 'random-1x256x256', '--cache', 'cold', '--repeats', '1', '--repeat-index', '1', '--seconds', '0.1', '--min-gib', '0.01', '--outpu","[{""line"":48,""text"":""subprocess.CalledProcessError: Command '['/tmp/damacy-pr160-grid-3803719-v06SG3/venv/bin/python', '/mnt/main0/home/nclack/tmp/2026-09-23-damacy-pr160-shard-grid/job-3803719/sources/shard_grid_measure.py', '--data', '/tmp/damacy-pr160-grid-3803719-v06SG3/preflight-data/random12-zstd-c1024-b16', '--audit', '/mnt/main0/home/nclack/tmp/2026-09-23-damacy-pr160-shard-grid/job-3803719/preflight/random12-zstd-c1024-b16/audit.json', '--references', '/mnt/main0/home/nclack/tmp/2026-09-23-damacy-pr160-shard-grid/job-3803719/preflight/random12-zstd-c1024-b16/references.json', '--workers', '32', '--io-workers', '16', '--cores', '48', '--backend', 'tensorstore', '--workload', 'random-1x256x256', '--cache', 'cold', '--repeats', '1', '--repeat-index', '1', '--seconds', '0.1', '--min-gib', '0.01', '--outpu""}]",retained without fabricated timing; completed cases and later reruns remain separate,,,,
/mnt/main0/home/nclack/tmp/2026-09-23-damacy-pr160-shard-grid/allocation-6.log,line 113,failed_attempt_or_guard,"subprocess.CalledProcessError: Command '['/tmp/damacy-pr160-grid-3803739-G81bbm/venv/bin/python', '/mnt/main0/home/nclack/tmp/2026-09-23-damacy-pr160-shard-grid/job-3803739/sources/shard_grid_measure.py', '--data', '/tmp/damacy-pr160-grid-3803739-G81bbm/preflight-data/random12-zstd-c64-b16', '--audit', '/mnt/main0/home/nclack/tmp/2026-09-23-damacy-pr160-shard-grid/job-3803739/preflight/random12-zstd-c64-b16/audit.json', '--references', '/mnt/main0/home/nclack/tmp/2026-09-23-damacy-pr160-shard-grid/job-3803739/preflight/random12-zstd-c64-b16/references.json', '--workers', '32', '--io-workers', '16', '--cores', '48', '--backend', 'damacy', '--workload', 'aligned', '--cache', 'cold', '--repeats', '1', '--repeat-index', '1', '--seconds', '0.1', '--min-gib', '0.01', '--output', '/mnt/main0/home","[{""line"":113,""text"":""subprocess.CalledProcessError: Command '['/tmp/damacy-pr160-grid-3803739-G81bbm/venv/bin/python', '/mnt/main0/home/nclack/tmp/2026-09-23-damacy-pr160-shard-grid/job-3803739/sources/shard_grid_measure.py', '--data', '/tmp/damacy-pr160-grid-3803739-G81bbm/preflight-data/random12-zstd-c64-b16', '--audit', '/mnt/main0/home/nclack/tmp/2026-09-23-damacy-pr160-shard-grid/job-3803739/preflight/random12-zstd-c64-b16/audit.json', '--references', '/mnt/main0/home/nclack/tmp/2026-09-23-damacy-pr160-shard-grid/job-3803739/preflight/random12-zstd-c64-b16/references.json', '--workers', '32', '--io-workers', '16', '--cores', '48', '--backend', 'damacy', '--workload', 'aligned', '--cache', 'cold', '--repeats', '1', '--repeat-index', '1', '--seconds', '0.1', '--min-gib', '0.01', '--output', '/mnt/main0/home""}]",retained without fabricated timing; completed cases and later reruns remain separate,,,,
/mnt/main0/home/nclack/tmp/2026-09-23-damacy-pr160-shard-grid/allocation-7.log,line 256,failed_attempt_or_guard,"subprocess.CalledProcessError: Command '['/tmp/damacy-pr160-grid-3803792-UIi9DI/venv/bin/python', '/mnt/main0/home/nclack/tmp/2026-09-23-damacy-pr160-shard-grid/job-3803792/sources/shard_grid_measure.py', '--data', '/tmp/damacy-pr160-grid-3803792-UIi9DI/pilot-data/smooth4-lz4-c64-b16', '--audit', '/mnt/main0/home/nclack/tmp/2026-09-23-damacy-pr160-shard-grid/job-3803792/results/smooth4-lz4-c64-b16/audit.json', '--references', '/mnt/main0/home/nclack/tmp/2026-09-23-damacy-pr160-shard-grid/job-3803792/results/smooth4-lz4-c64-b16/references.json', '--workers', '32', '--io-workers', '16', '--cores', '48', '--backend', 'tensorstore', '--workload', 'random-1x256x256', '--cache', 'cold', '--query-limit', '512', '--trace', '/mnt/main0/home/nclack/tmp/2026-09-23-damacy-pr160-shard-grid/job-3803792/","[{""line"":256,""text"":""subprocess.CalledProcessError: Command '['/tmp/damacy-pr160-grid-3803792-UIi9DI/venv/bin/python', '/mnt/main0/home/nclack/tmp/2026-09-23-damacy-pr160-shard-grid/job-3803792/sources/shard_grid_measure.py', '--data', '/tmp/damacy-pr160-grid-3803792-UIi9DI/pilot-data/smooth4-lz4-c64-b16', '--audit', '/mnt/main0/home/nclack/tmp/2026-09-23-damacy-pr160-shard-grid/job-3803792/results/smooth4-lz4-c64-b16/audit.json', '--references', '/mnt/main0/home/nclack/tmp/2026-09-23-damacy-pr160-shard-grid/job-3803792/results/smooth4-lz4-c64-b16/references.json', '--workers', '32', '--io-workers', '16', '--cores', '48', '--backend', 'tensorstore', '--workload', 'random-1x256x256', '--cache', 'cold', '--query-limit', '512', '--trace', '/mnt/main0/home/nclack/tmp/2026-09-23-damacy-pr160-shard-grid/job-3803792/""}]",retained without fabricated timing; completed cases and later reruns remain separate,,,,
/mnt/main0/home/nclack/tmp/2026-09-23-damacy-pr160-shard-grid/allocation-8.log,line 256,failed_attempt_or_guard,"subprocess.CalledProcessError: Command '['/tmp/damacy-pr160-grid-3803936-Fixay9/venv/bin/python', '/mnt/main0/home/nclack/tmp/2026-09-23-damacy-pr160-shard-grid/job-3803936/sources/shard_grid_measure.py', '--data', '/tmp/damacy-pr160-grid-3803936-Fixay9/pilot-data/smooth4-lz4-c64-b16', '--audit', '/mnt/main0/home/nclack/tmp/2026-09-23-damacy-pr160-shard-grid/job-3803936/results/smooth4-lz4-c64-b16/audit.json', '--references', '/mnt/main0/home/nclack/tmp/2026-09-23-damacy-pr160-shard-grid/job-3803936/results/smooth4-lz4-c64-b16/references.json', '--workers', '32', '--io-workers', '16', '--cores', '48', '--backend', 'tensorstore', '--workload', 'random-1x256x256', '--cache', 'cold', '--query-limit', '512', '--trace', '/mnt/main0/home/nclack/tmp/2026-09-23-damacy-pr160-shard-grid/job-3803936/","[{""line"":256,""text"":""subprocess.CalledProcessError: Command '['/tmp/damacy-pr160-grid-3803936-Fixay9/venv/bin/python', '/mnt/main0/home/nclack/tmp/2026-09-23-damacy-pr160-shard-grid/job-3803936/sources/shard_grid_measure.py', '--data', '/tmp/damacy-pr160-grid-3803936-Fixay9/pilot-data/smooth4-lz4-c64-b16', '--audit', '/mnt/main0/home/nclack/tmp/2026-09-23-damacy-pr160-shard-grid/job-3803936/results/smooth4-lz4-c64-b16/audit.json', '--references', '/mnt/main0/home/nclack/tmp/2026-09-23-damacy-pr160-shard-grid/job-3803936/results/smooth4-lz4-c64-b16/references.json', '--workers', '32', '--io-workers', '16', '--cores', '48', '--backend', 'tensorstore', '--workload', 'random-1x256x256', '--cache', 'cold', '--query-limit', '512', '--trace', '/mnt/main0/home/nclack/tmp/2026-09-23-damacy-pr160-shard-grid/job-3803936/""}]",retained without fabricated timing; completed cases and later reruns remain separate,,,,
/mnt/main0/home/nclack/tmp/2026-09-23-damacy-pr160-shard-grid/job-3803664/preflight/random12-zstd-c1024-b16/random-1x256x256/cold/repeat-1/tensorstore/attempt-1.log,line 15,failed_attempt_or_guard,RuntimeError: TensorStore context limits changed,"[{""line"":15,""text"":""RuntimeError: TensorStore context limits changed""}]",retained without fabricated timing; completed cases and later reruns remain separate,,,,
/mnt/main0/home/nclack/tmp/2026-09-23-damacy-pr160-shard-grid/job-3803719/preflight/random12-zstd-c1024-b16/random-1x256x256/cold/repeat-1/tensorstore/attempt-1.log,line 15,failed_attempt_or_guard,RuntimeError: TensorStore file_io_mode.mode changed: {},"[{""line"":15,""text"":""RuntimeError: TensorStore file_io_mode.mode changed: {}""}]",retained without fabricated timing; completed cases and later reruns remain separate,,,,
/mnt/main0/home/nclack/tmp/2026-09-23-damacy-pr160-shard-grid/job-3803739/preflight/random12-zstd-c64-b16/aligned/cold/repeat-1/damacy/attempt-1.log,line 16,failed_attempt_or_guard,"RuntimeError: shard pages remain cached: [145, 0, 0, 0, 0, 0, 0, 0, 0, 0, 0, 0, 0, 0, 0, 0]","[{""line"":16,""text"":""RuntimeError: shard pages remain cached: [145, 0, 0, 0, 0, 0, 0, 0, 0, 0, 0, 0, 0, 0, 0, 0]""}]",retained without fabricated timing; completed cases and later reruns remain separate,,,,
/mnt/main0/home/nclack/tmp/2026-09-23-damacy-pr160-shard-grid/job-3803739/preflight/random12-zstd-c64-b16/aligned/cold/repeat-1/damacy/attempt-2.log,line 16,failed_attempt_or_guard,"RuntimeError: shard pages remain cached: [48, 0, 0, 0, 0, 0, 0, 0, 0, 0, 0, 0, 0, 0, 0, 0]","[{""line"":16,""text"":""RuntimeError: shard pages remain cached: [48, 0, 0, 0, 0, 0, 0, 0, 0, 0, 0, 0, 0, 0, 0, 0]""}]",retained without fabricated timing; completed cases and later reruns remain separate,,,,
/mnt/main0/home/nclack/tmp/2026-09-23-damacy-pr160-shard-grid/job-3803739/preflight/random12-zstd-c64-b16/aligned/cold/repeat-1/damacy/attempt-3.log,line 16,failed_attempt_or_guard,"RuntimeError: shard pages remain cached: [48, 0, 0, 0, 0, 0, 0, 0, 0, 0, 0, 80, 0, 0, 0, 0]","[{""line"":16,""text"":""RuntimeError: shard pages remain cached: [48, 0, 0, 0, 0, 0, 0, 0, 0, 0, 0, 80, 0, 0, 0, 0]""}]",retained without fabricated timing; completed cases and later reruns remain separate,,,,
/mnt/main0/home/nclack/tmp/2026-09-23-damacy-pr160-shard-grid/job-3803739/preflight/smooth4-lz4-c16-b16/aligned/cold/repeat-1/damacy/attempt-1.log,line 16,failed_attempt_or_guard,"RuntimeError: shard pages remain cached: [68, 0, 0, 0, 0, 0, 0, 0, 0, 0, 0, 0, 0, 0, 0, 0]","[{""line"":16,""text"":""RuntimeError: shard pages remain cached: [68, 0, 0, 0, 0, 0, 0, 0, 0, 0, 0, 0, 0, 0, 0, 0]""}]",retained without fabricated timing; completed cases and later reruns remain separate,,,,
/mnt/main0/home/nclack/tmp/2026-09-23-damacy-pr160-shard-grid/job-3803792/results/smooth4-lz4-c64-b16/concurrency/tensorstore/measure.log,line 13,failed_attempt_or_guard,RuntimeError: insufficient actual storage reads: 133992448 < 134012928,"[{""line"":13,""text"":""RuntimeError: insufficient actual storage reads: 133992448 < 134012928""}]",retained without fabricated timing; completed cases and later reruns remain separate,,,,
/mnt/main0/home/nclack/tmp/2026-09-23-damacy-pr160-shard-grid/job-3803936/results/smooth4-lz4-c64-b16/concurrency/tensorstore/measure.log,line 13,failed_attempt_or_guard,"RuntimeError: insufficient actual storage reads: 133992448 < 134012928; resident_pages_before=[0, 0, 0, 0, 0, 0, 0, 0, 0, 0, 0, 0, 0, 0, 0, 0]; eviction_attempts=1; process_io={'rchar': 126823389, 'wchar': 106972, 'syscr': 1776, 'syscw': 14, 'read_bytes': 133992448, 'write_bytes': 110592, 'cancelled_write_bytes': 0}","[{""line"":13,""text"":""RuntimeError: insufficient actual storage reads: 133992448 < 134012928; resident_pages_before=[0, 0, 0, 0, 0, 0, 0, 0, 0, 0, 0, 0, 0, 0, 0, 0]; eviction_attempts=1; process_io={'rchar': 126823389, 'wchar': 106972, 'syscr': 1776, 'syscw': 14, 'read_bytes': 133992448, 'write_bytes': 110592, 'cancelled_write_bytes': 0}""}]",retained without fabricated timing; completed cases and later reruns remain separate,,,,
/mnt/main0/home/nclack/tmp/2026-09-24-damacy-cold-chunks/allocation-1.log,line 72,failed_attempt_or_guard,"subprocess.CalledProcessError: Command '['/tmp/damacy-cold-chunks-3811370-oLNtJf/venv/bin/python', '/mnt/main0/home/nclack/tmp/2026-09-24-damacy-cold-chunks/job-3811370/sources/shard_grid_measure.py', '--data', '/tmp/damacy-cold-chunks-3811370-oLNtJf/preflight-data/smooth4-lz4-c128-b16', '--audit', '/mnt/main0/home/nclack/tmp/2026-09-24-damacy-cold-chunks/job-3811370/preflight/smooth4-lz4-c128-b16/audit.json', '--references', '/mnt/main0/home/nclack/tmp/2026-09-24-damacy-cold-chunks/job-3811370/preflight/smooth4-lz4-c128-b16/references.json', '--workers', '32', '--io-workers', '16', '--cores', '48', '--backend', 'damacy', '--implementation', 'chunks256-default', '--output', '/mnt/main0/home/nclack/tmp/2026-09-24-damacy-cold-chunks/job-3811370/preflight/smooth4-lz4-c128-b16/full-scan/cold/r","[{""line"":62,""text"":""RuntimeError: file-read mode differs from the measurement label""},{""line"":72,""text"":""subprocess.CalledProcessError: Command '['/tmp/damacy-cold-chunks-3811370-oLNtJf/venv/bin/python', '/mnt/main0/home/nclack/tmp/2026-09-24-damacy-cold-chunks/job-3811370/sources/shard_grid_measure.py', '--data', '/tmp/damacy-cold-chunks-3811370-oLNtJf/preflight-data/smooth4-lz4-c128-b16', '--audit', '/mnt/main0/home/nclack/tmp/2026-09-24-damacy-cold-chunks/job-3811370/preflight/smooth4-lz4-c128-b16/audit.json', '--references', '/mnt/main0/home/nclack/tmp/2026-09-24-damacy-cold-chunks/job-3811370/preflight/smooth4-lz4-c128-b16/references.json', '--workers', '32', '--io-workers', '16', '--cores', '48', '--backend', 'damacy', '--implementation', 'chunks256-default', '--output', '/mnt/main0/home/nclack/tmp/2026-09-24-damacy-cold-chunks/job-3811370/preflight/smooth4-lz4-c128-b16/full-scan/cold/r""}]",retained without fabricated timing; completed cases and later reruns remain separate,,,,
/mnt/main0/home/nclack/tmp/2026-09-24-damacy-cold-chunks/job-3811370/preflight/smooth4-lz4-c128-b16/full-scan/cold/repeat-1/chunks256-default/attempt-1.log,line 8,failed_attempt_or_guard,RuntimeError: file-read mode differs from the measurement label,"[{""line"":8,""text"":""RuntimeError: file-read mode differs from the measurement label""}]",retained without fabricated timing; completed cases and later reruns remain separate,,,,
/mnt/main0/home/nclack/tmp/2026-09-16-damacy-pr160-pareto/job-3715459/exit-code.txt,/,allocation_failed_or_canceled,nonzero retained exit status; consult associated failure logs,,no fabricated performance metrics,2026-09-16-damacy-pr160-pareto,job-3715459,1,False
/mnt/main0/home/nclack/tmp/2026-09-16-damacy-pr160-pareto/job-3715509/exit-code.txt,/,allocation_failed_or_canceled,nonzero retained exit status; consult associated failure logs,,no fabricated performance metrics,2026-09-16-damacy-pr160-pareto,job-3715509,1,False
/mnt/main0/home/nclack/tmp/2026-09-16-damacy-pr160-pareto/storage-job-3717174/exit-code.txt,/,allocation_failed_or_canceled,nonzero retained exit status; consult associated failure logs,,no fabricated performance metrics,2026-09-16-damacy-pr160-pareto,storage-job-3717174,1,False
/mnt/main0/home/nclack/tmp/2026-09-16-damacy-pr160-pareto/storage-job-3717813/exit-code.txt,/,allocation_failed_or_canceled,nonzero retained exit status; consult associated failure logs,,no fabricated performance metrics,2026-09-16-damacy-pr160-pareto,storage-job-3717813,1,False
/mnt/main0/home/nclack/tmp/2026-09-23-damacy-pr160-shard-grid/job-3803623/exit-code.txt,/,allocation_failed_or_canceled,nonzero retained exit status; consult associated failure logs,,no fabricated performance metrics,2026-09-23-damacy-pr160-shard-grid,job-3803623,1,False
/mnt/main0/home/nclack/tmp/2026-09-23-damacy-pr160-shard-grid/job-3803639/exit-code.txt,/,allocation_failed_or_canceled,nonzero retained exit status; consult associated failure logs,,no fabricated performance metrics,2026-09-23-damacy-pr160-shard-grid,job-3803639,1,False
/mnt/main0/home/nclack/tmp/2026-09-23-damacy-pr160-shard-grid/job-3803664/exit-code.txt,/,allocation_failed_or_canceled,nonzero retained exit status; consult associated failure logs,,no fabricated performance metrics,2026-09-23-damacy-pr160-shard-grid,job-3803664,1,False
/mnt/main0/home/nclack/tmp/2026-09-23-damacy-pr160-shard-grid/job-3803719/exit-code.txt,/,allocation_failed_or_canceled,nonzero retained exit status; consult associated failure logs,,no fabricated performance metrics,2026-09-23-damacy-pr160-shard-grid,job-3803719,1,False
/mnt/main0/home/nclack/tmp/2026-09-23-damacy-pr160-shard-grid/job-3803739/exit-code.txt,/,allocation_failed_or_canceled,nonzero retained exit status; consult associated failure logs,,no fabricated performance metrics,2026-09-23-damacy-pr160-shard-grid,job-3803739,1,False
/mnt/main0/home/nclack/tmp/2026-09-23-damacy-pr160-shard-grid/job-3803792/exit-code.txt,/,allocation_failed_or_canceled,nonzero retained exit status; consult associated failure logs,,no fabricated performance metrics,2026-09-23-damacy-pr160-shard-grid,job-3803792,1,False
/mnt/main0/home/nclack/tmp/2026-09-23-damacy-pr160-shard-grid/job-3803936/exit-code.txt,/,allocation_failed_or_canceled,nonzero retained exit status; consult associated failure logs,,no fabricated performance metrics,2026-09-23-damacy-pr160-shard-grid,job-3803936,1,False
/mnt/main0/home/nclack/tmp/2026-09-24-damacy-cold-chunks/job-3811370/exit-code.txt,/,allocation_failed_or_canceled,nonzero retained exit status; consult associated failure logs,,no fabricated performance metrics,2026-09-24-damacy-cold-chunks,job-3811370,1,False
/mnt/main0/home/nclack/tmp/2026-09-25-damacy-l40-nfs/job-3833138/started.txt,/,incomplete_at_inventory_snapshot,preparation started 2026-09-25T16:48:29Z; no finished/exit/results artifact at first inspection; root STATE was stale,,no read speed exported; not polled for new measurements,,,,
