study_id,comparison_group,input_id,backend,sink,codec,codec_level,shuffle,chunk_shape,raw_chunk_bytes,smaller_block_request_bytes,larger_block_request_bytes,smaller_request_summary_id,larger_request_summary_id,larger_request_median_gibs,smaller_request_median_gibs,larger_vs_smaller_median_ratio,matched_rounds,matched_round_ratio_median,matched_round_ratio_min,matched_round_ratio_max,ranges_overlap,effective_cpu_block_bytes_known,current_report_selected
reef-l40-microscopy-discovery-3667908,0b92a71cc513505ba7fc,dynacell-a549-phase,cpu,discard,blosc-lz4,3,bit,"[1,128,128]",65536,16384,65536,b7cdd18dc16c311b7578,4eeb147953af71413bc7,3.892543966907852,3.8916469039178336,1.0002305098618056,0,,,,true,false,false
reef-l40-microscopy-discovery-3667908,0b92a71cc513505ba7fc,dynacell-a549-phase,cpu,discard,blosc-lz4,3,bit,"[1,64,64]",16384,4096,16384,fa06ecd879ee31d2e641,7129b50d29e5a1633377,3.7159660263413845,3.7274627242871725,0.9969156772860857,0,,,,true,false,false
reef-l40-microscopy-discovery-3667908,0b92a71cc513505ba7fc,dynacell-a549-phase,cpu,discard,blosc-zstd,3,bit,"[1,256,256]",262144,16384,65536,3ef9dc98d4a396a9d69e,310b9cec1b63d81d4820,1.5459875634253937,1.2542130913432792,1.2326354860238462,0,,,,false,false,false
reef-l40-microscopy-discovery-3667908,0b92a71cc513505ba7fc,dynacell-a549-phase,cpu,discard,blosc-zstd,3,bit,"[1,256,256]",262144,16384,262144,3ef9dc98d4a396a9d69e,761a310172a2653a4c32,2.0831739392152016,1.2542130913432792,1.6609409944717561,0,,,,false,false,false
reef-l40-microscopy-discovery-3667908,0b92a71cc513505ba7fc,dynacell-a549-phase,cpu,discard,blosc-zstd,3,bit,"[1,256,256]",262144,65536,262144,310b9cec1b63d81d4820,761a310172a2653a4c32,2.0831739392152016,1.5459875634253937,1.3474713435595702,0,,,,false,false,false
reef-l40-microscopy-discovery-3667908,0b92a71cc513505ba7fc,dynacell-a549-phase,cpu,discard,blosc-lz4,3,bit,"[1,256,256]",262144,16384,65536,d2e5ef679f067b950410,84f1584f9b27016c4895,4.036132645263656,3.931228983467171,1.0266846989167149,0,,,,false,false,false
reef-l40-microscopy-discovery-3667908,0b92a71cc513505ba7fc,dynacell-a549-phase,cpu,discard,blosc-lz4,3,bit,"[1,256,256]",262144,16384,262144,d2e5ef679f067b950410,ee8348b7a281288fcc96,4.048760993181424,3.931228983467171,1.029897014447272,0,,,,false,false,false
reef-l40-microscopy-discovery-3667908,0b92a71cc513505ba7fc,dynacell-a549-phase,cpu,discard,blosc-lz4,3,bit,"[1,256,256]",262144,65536,262144,84f1584f9b27016c4895,ee8348b7a281288fcc96,4.048760993181424,4.036132645263656,1.003128823809244,0,,,,true,false,false
reef-l40-microscopy-discovery-3667908,0b92a71cc513505ba7fc,dynacell-a549-phase,cpu,discard,blosc-zstd,3,bit,"[1,64,64]",16384,4096,16384,6c886c9adf45c8da4244,a0009b043a3847d33e60,1.2493833021619787,0.696510965352856,1.7937740600092849,0,,,,false,false,false
reef-l40-microscopy-discovery-3667908,0b92a71cc513505ba7fc,dynacell-a549-phase,cpu,discard,blosc-zstd,3,bit,"[1,128,128]",65536,16384,65536,cf16f21c34fd7f84e896,8d3876520c71ef727f3a,1.5171900364809026,1.2568423489722007,1.2071442673153117,0,,,,false,false,false
reef-l40-microscopy-sinks-3671242,1149c116d290bccd8e3e,cosem-cos7-em,gpu,fs,blosc-zstd,3,bit,"[1,512,512]",262144,16384,262144,fe4807442f8d83c61ef5,9e74d6682fd07d5a8481,1.1307796107460166,1.1533138622287156,0.9804613018010963,8,0.9905238897814687,0.6009001612420815,1.063818487465154,true,false,false
reef-turin-microscopy-pareto-transfer-3710982,1520f15090443f4dab43,opencell-protein,cpu,fs,blosc-lz4,3,bit,"[1,64,128]",16384,4096,16384,af3f10679f94ce71c275,21786a3f04ad9b9f91c9,5.6154818810546905,4.634181226121189,1.211752757833955,3,1.1860895559855928,0.867811698555648,1.304469423178065,true,false,true
reef-l40-final-confirmation-3704091,15f36c0c355c6df9491c,bbbc022-mito,gpu,fs,blosc-zstd,3,bit,"[4,128,256]",262144,65536,262144,f881343f300fb40229fd,76d8bc12b1c3224e58fe,2.758598671475221,4.2144755799346205,0.6545532461047064,3,0.6553939218204279,0.6529945056841496,0.6589348400997426,false,false,true
reef-l40-final-confirmation-3704091,15f36c0c355c6df9491c,bbbc022-mito,gpu,fs,blosc-lz4,3,bit,"[4,128,256]",262144,16384,65536,765fa5c206f94e4ca5cf,f47205abd78e84b47971,5.41813507198253,6.172926391536313,0.8777255272979317,3,0.8777255272979317,0.846231889358451,1.097367029464404,true,false,true
reef-l40-final-confirmation-3704091,15f36c0c355c6df9491c,bbbc022-mito,gpu,fs,blosc-lz4,3,bit,"[4,64,128]",65536,16384,65536,093f364bf110e822c271,7c97bc39e038f1b9a35a,5.925741407118782,5.890867633756004,1.0059199723251195,3,1.1010016201325143,0.8808638912058789,1.2117820053420258,true,false,true
reef-l40-final-confirmation-3704091,15f36c0c355c6df9491c,bbbc022-mito,gpu,fs,blosc-lz4,3,bit,"[4,32,64]",16384,4096,16384,7b53c0b34f5e549f7743,c95c83a860feaeb0aa5f,6.3285697021378295,5.889656293471111,1.0745227542655196,3,1.0011756129119473,0.9608336286990465,1.0838607880043731,true,false,true
reef-turin-microscopy-pareto-core-3710982,1c3b0561cd4734fecc81,bbbc022-mito,cpu,fs,blosc-lz4,3,bit,"[4,64,128]",65536,16384,65536,e6efd7366b3270f4578e,9521fa62464f68d4f2df,5.581637821485618,5.209585129036242,1.0714169522589614,3,1.157818691924927,0.8618866295112794,1.2208934510169085,true,false,true
reef-turin-microscopy-pareto-core-3710982,1c3b0561cd4734fecc81,bbbc022-mito,cpu,fs,blosc-lz4,3,bit,"[4,32,64]",16384,4096,16384,e738488802a5acce7128,99e3598d8c8d96d71f3e,5.924794309195655,5.35961937105811,1.1054505738205,3,0.969854232182138,0.8838112134938781,1.1234197728573916,true,false,true
reef-turin-microscopy-pareto-core-3710982,1c3b0561cd4734fecc81,bbbc022-mito,cpu,fs,blosc-lz4,3,bit,"[4,128,256]",262144,16384,65536,7a039dc4943892667a07,d7a1ef0da526cf5419b1,5.1961122499143535,6.384152313770773,0.813907938679065,3,0.9246764911967179,0.7582669587575998,1.0514653543123547,true,false,true
reef-turin-microscopy-pareto-core-3710982,1c3b0561cd4734fecc81,bbbc022-mito,cpu,fs,blosc-zstd,3,bit,"[4,128,256]",262144,65536,262144,8d2ee38a4d45662cef02,b9340dd03e15f0699ead,4.342556429168754,4.38091296335647,0.991244625376367,3,0.991244625376367,0.8879282375697073,1.0318021963072026,true,false,true
reef-l40-final-discard-3702747,230f52a729ee4cc774c5,cosem-cos7-em,gpu,discard,blosc-lz4,3,bit,"[4,256,256]",262144,16384,65536,6412703a3d5e21b08945,dbf8fe36fbf9641babde,12.003565993601908,3.9837751904006153,3.0131132957818356,2,3.0131126119922786,2.9933604861465413,3.0328647378380165,false,false,false
reef-l40-final-discard-3702747,230f52a729ee4cc774c5,cosem-cos7-em,gpu,discard,blosc-lz4,3,bit,"[4,256,256]",262144,16384,262144,6412703a3d5e21b08945,992d5ac828cca4687462,4.490488136100945,3.9837751904006153,1.1271941616889716,2,1.127194160578661,1.1271620878603248,1.1272262332969973,false,false,false
reef-l40-final-discard-3702747,230f52a729ee4cc774c5,cosem-cos7-em,gpu,discard,blosc-lz4,3,bit,"[4,256,256]",262144,65536,262144,dbf8fe36fbf9641babde,992d5ac828cca4687462,4.490488136100945,12.003565993601908,0.37409617596091416,2,0.37411226748512183,0.3716704603518002,0.3765540746184435,false,false,false
reef-l40-final-discard-3702747,230f52a729ee4cc774c5,cosem-cos7-em,gpu,discard,blosc-lz4,3,bit,"[4,64,64]",16384,4096,16384,350803e01a6341737479,b7de68993ef9e4b473b5,3.9747979759532512,15.007578571451223,0.2648527180470321,2,0.26485274387692986,0.26476942824386224,0.2649360595099975,false,false,false
reef-l40-final-discard-3702747,230f52a729ee4cc774c5,cosem-cos7-em,gpu,discard,blosc-zstd,3,bit,"[4,256,256]",262144,16384,65536,01d0578785c01bf34c3b,3e2de72f1e20653bfdca,2.388589780746698,2.0298896744424093,1.1767091634686107,2,1.176709214052881,1.1763104012581749,1.1771080268475869,false,false,false
reef-l40-final-discard-3702747,230f52a729ee4cc774c5,cosem-cos7-em,gpu,discard,blosc-zstd,3,bit,"[4,256,256]",262144,16384,262144,01d0578785c01bf34c3b,4f584d915cb8e4670a90,3.597911737948132,2.0298896744424093,1.7724666435068412,2,1.772466607002603,1.772178802960218,1.772754411044988,false,false,false
reef-l40-final-discard-3702747,230f52a729ee4cc774c5,cosem-cos7-em,gpu,discard,blosc-zstd,3,bit,"[4,256,256]",262144,65536,262144,3e2de72f1e20653bfdca,4f584d915cb8e4670a90,3.597911737948132,2.388589780746698,1.5062911877749838,2,1.5062913479202273,1.5055362486196702,1.5070464472207845,false,false,false
reef-l40-final-discard-3702747,230f52a729ee4cc774c5,cosem-cos7-em,gpu,discard,blosc-lz4,3,bit,"[4,128,128]",65536,16384,65536,e328215f39a2daf96e83,55dc788c7ceecc55738f,11.91861270443183,4.022326806646706,2.9631139580048247,2,2.9631219114937455,2.916948153324453,3.0092956696630377,false,false,false
reef-l40-final-discard-3702747,230f52a729ee4cc774c5,cosem-cos7-em,gpu,discard,blosc-zstd,3,bit,"[4,64,64]",16384,4096,16384,0163e0f60133a2fd8778,e6b23366f92499acca6b,2.030787877227855,1.8229344780816552,1.1140213220197206,2,1.1140213306271451,1.113876324058274,1.1141663371960162,false,false,false
reef-l40-final-discard-3702747,230f52a729ee4cc774c5,cosem-cos7-em,gpu,discard,blosc-zstd,3,bit,"[4,128,128]",65536,16384,65536,fa92818ce57bf33ee26b,588df16d7f6b74cb974f,2.406894641519842,2.0414859976516295,1.1789915014301107,2,1.1789914916105522,1.1789343539427972,1.1790486292783073,false,false,false
reef-l40-filesystem-screen-3689339,29b18a9b07273621ee7f,bbbc022-mito,gpu,fs,blosc-zstd,3,bit,"[4,128,256]",262144,16384,65536,8b5ef7cf535a97e23428,3c722800597f2c8a4c86,4.19904775527825,3.576828425559977,1.1739583943339023,3,1.18438852275608,1.0908743542557355,1.187912462619599,false,false,false
reef-l40-filesystem-screen-3689339,29b18a9b07273621ee7f,bbbc022-mito,gpu,fs,blosc-zstd,3,bit,"[4,128,256]",262144,16384,262144,8b5ef7cf535a97e23428,50f73261c29596106dba,2.7124830288557287,3.576828425559977,0.7583486558852962,3,0.7597747575119895,0.7527811332002899,0.7672483549047515,false,false,false
reef-l40-filesystem-screen-3689339,29b18a9b07273621ee7f,bbbc022-mito,gpu,fs,blosc-zstd,3,bit,"[4,128,256]",262144,65536,262144,3c722800597f2c8a4c86,50f73261c29596106dba,2.7124830288557287,4.19904775527825,0.6459757513941362,3,0.6395881695158959,0.6355863120393663,0.7033333874900906,false,false,false
reef-l40-filesystem-screen-3689339,29b18a9b07273621ee7f,bbbc022-mito,gpu,fs,blosc-lz4,3,bit,"[4,128,256]",262144,16384,65536,fd791002d31b48a3c01f,75e353cefe86ab00ef32,5.453760784896958,5.20663006987408,1.0474646194767692,3,1.0493413322211385,0.8328692721388483,1.0627927469043212,true,false,false
reef-l40-filesystem-screen-3689339,29b18a9b07273621ee7f,bbbc022-mito,gpu,fs,blosc-lz4,3,bit,"[4,128,256]",262144,16384,262144,fd791002d31b48a3c01f,bdb6caa03e3dab7be8ea,2.689256294206336,5.20663006987408,0.5165061197196548,3,0.5165061197196548,0.4986631074726167,0.5244063215657689,false,false,false
reef-l40-filesystem-screen-3689339,29b18a9b07273621ee7f,bbbc022-mito,gpu,fs,blosc-lz4,3,bit,"[4,128,256]",262144,65536,262144,75e353cefe86ab00ef32,bdb6caa03e3dab7be8ea,2.689256294206336,5.453760784896958,0.493101256229218,3,0.4934229397907051,0.4922193607168483,0.5987291453219614,false,false,false
reef-l40-filesystem-screen-3689339,29b18a9b07273621ee7f,bbbc022-mito,gpu,fs,blosc-lz4,3,bit,"[4,64,128]",65536,16384,65536,e55a9b310d99fe0faa11,b267d6c913743d488b75,5.150440102775016,5.384787783515511,0.9564796812498525,3,0.9479373973453205,0.8236081918005796,1.2993098839984392,true,false,false
reef-l40-filesystem-screen-3689339,29b18a9b07273621ee7f,bbbc022-mito,gpu,fs,blosc-zstd,3,bit,"[4,32,64]",16384,4096,16384,384c4c15b533f79fc2be,e623c8b267832d6b6910,3.653985932679933,2.998497854598816,1.2186054851017454,3,1.2186054851017454,1.2056439527915574,1.22676039034294,false,false,false
reef-l40-filesystem-screen-3689339,29b18a9b07273621ee7f,bbbc022-mito,gpu,fs,blosc-lz4,3,bit,"[4,32,64]",16384,4096,16384,b9033ecb87d1f866f524,c19c61b4823274507ec2,5.298396962288092,5.393068198621348,0.9824457557652512,3,0.8908396604108403,0.87122823929016,1.2305874148587588,true,false,false
reef-l40-filesystem-screen-3689339,29b18a9b07273621ee7f,bbbc022-mito,gpu,fs,blosc-zstd,3,bit,"[4,64,128]",65536,16384,65536,203f45066ed685c3a565,0220487a09a502ee14ae,4.135056788318714,3.623070275974052,1.141312884748562,3,1.1333489216376942,1.1330561225622917,1.1735435899646278,false,false,false
reef-turin-microscopy-pareto-core-3710982,3a64046ea9492a417cde,bbbc022-mito,cpu,discard,blosc-lz4,3,bit,"[4,32,64]",16384,4096,16384,3be67a7a7eaad146735c,688cf30a533e62be21a5,13.11804478474913,13.133875818863443,0.9987946410996535,3,0.9915237981483315,0.9802267993341659,0.9987946410996535,true,false,true
reef-turin-microscopy-pareto-core-3710982,3a64046ea9492a417cde,bbbc022-mito,cpu,discard,blosc-lz4,3,bit,"[4,128,256]",262144,16384,65536,7fa73655e2c339b38b0e,26df9e4759c6c1d0001a,11.845906234033098,11.417266423875493,1.0375431205898151,3,1.0067263509686957,1.0014189257682242,1.0925277954411996,true,false,true
reef-turin-microscopy-pareto-core-3710982,3a64046ea9492a417cde,bbbc022-mito,cpu,discard,blosc-lz4,3,bit,"[4,64,128]",65536,16384,65536,270e89d05d4e6e8a806d,e360d5e1d086c1962752,12.744024483559677,12.92746454581907,0.9858100510266942,3,0.9793219918477483,0.9463632240884384,0.9858100510266942,true,false,true
reef-turin-microscopy-pareto-core-3710982,3a64046ea9492a417cde,bbbc022-mito,cpu,discard,blosc-zstd,3,bit,"[4,128,256]",262144,65536,262144,160b37ea9c54000e5c2b,180ebe4db7537b5569b6,5.415847576366814,5.58497786435542,0.9697169277844352,3,0.9912351892804606,0.9645578860513659,1.002158953276596,true,false,true
reef-l40-filesystem-screen-3689339,3bf812c0143b59a3f1fb,bbbc022-mito,cpu,fs,blosc-lz4,3,bit,"[4,32,64]",16384,4096,16384,6784e4d0dd7f6def7ff4,309cc11e853be2b1e2bb,1.8911847661232928,1.8798414363221119,1.006034195002837,3,1.0066020962071207,0.9882276781898013,1.0236084993968113,true,false,false
reef-l40-filesystem-screen-3689339,3bf812c0143b59a3f1fb,bbbc022-mito,cpu,fs,blosc-zstd,3,bit,"[4,32,64]",16384,4096,16384,903d75dac5473a14c374,2d8ddfc43e8481432596,0.624866346174051,0.4211069901553181,1.483866002660226,3,1.4829225397123804,1.4655412003432358,1.506215774228454,false,false,false
reef-l40-filesystem-screen-3689339,3bf812c0143b59a3f1fb,bbbc022-mito,cpu,fs,blosc-zstd,3,bit,"[4,64,128]",65536,16384,65536,668297d27c59d81e73f6,0b8addbfb7444403079e,0.6473685491206719,0.5331324107055568,1.2142734827618769,3,1.2225199254983332,1.207629050337603,1.2365147438628765,false,false,false
reef-l40-filesystem-screen-3689339,3bf812c0143b59a3f1fb,bbbc022-mito,cpu,fs,blosc-lz4,3,bit,"[4,128,256]",262144,16384,65536,44ead9020d172d5b714e,2856e7e421948c2a4b12,1.4877078882798207,1.5024324718528912,0.9901995039052163,3,0.991445091537023,0.9885700982219727,0.9947096138994131,false,false,false
reef-l40-filesystem-screen-3689339,3bf812c0143b59a3f1fb,bbbc022-mito,cpu,fs,blosc-lz4,3,bit,"[4,128,256]",262144,16384,262144,44ead9020d172d5b714e,4272fdf8faa854a9ac44,1.5178817548528507,1.5024324718528912,1.0102828468429643,3,1.0110618076038922,1.0102828468429643,1.0119964071908265,false,false,false
reef-l40-filesystem-screen-3689339,3bf812c0143b59a3f1fb,bbbc022-mito,cpu,fs,blosc-lz4,3,bit,"[4,128,256]",262144,65536,262144,2856e7e421948c2a4b12,4272fdf8faa854a9ac44,1.5178817548528507,1.4877078882798207,1.020282117753586,3,1.0207286473343098,1.0156560595433493,1.022751759761268,false,false,false
reef-l40-filesystem-screen-3689339,3bf812c0143b59a3f1fb,bbbc022-mito,cpu,fs,blosc-lz4,3,bit,"[4,64,128]",65536,16384,65536,c296ae15ad8d32ef9d5b,d52ffcb0c51e6eab8f96,1.5895277313672505,1.6005497140889053,0.9931136267592107,3,0.9931136267592107,0.975429124319646,1.0037766629580422,true,false,false
reef-l40-filesystem-screen-3689339,3bf812c0143b59a3f1fb,bbbc022-mito,cpu,fs,blosc-zstd,3,bit,"[4,128,256]",262144,16384,65536,2c1f418d8b143e411c04,cf18dcb52bbc57e2b731,0.5438337114222882,0.45250889979472264,1.2018188187436631,3,1.2127104134764763,1.2018188187436631,1.2164230876907838,false,false,false
reef-l40-filesystem-screen-3689339,3bf812c0143b59a3f1fb,bbbc022-mito,cpu,fs,blosc-zstd,3,bit,"[4,128,256]",262144,16384,262144,2c1f418d8b143e411c04,7ffd4e7f37893d7765e0,0.5333065329209515,0.45250889979472264,1.178554793425902,3,1.178554793425902,1.1710181760673712,1.199341574330595,false,false,false
reef-l40-filesystem-screen-3689339,3bf812c0143b59a3f1fb,bbbc022-mito,cpu,fs,blosc-zstd,3,bit,"[4,128,256]",262144,65536,262144,cf18dcb52bbc57e2b731,7ffd4e7f37893d7765e0,0.5333065329209515,0.5438337114222882,0.9806426518249394,3,0.9806426518249394,0.9626734217042792,0.9889760663408861,false,false,false
reef-l40-filesystem-screen-3689339,4c65c62c6c5a06b59ce1,cosem-cos7-em,gpu,fs,blosc-zstd,3,bit,"[4,128,128]",65536,16384,65536,2fbe7f7f8df32dde7460,206618d66c21162ac7b4,2.3911703001003377,2.0346944968431124,1.1751986864909243,3,1.176578522678647,1.1751986864909243,1.1775134148473125,false,false,false
reef-l40-filesystem-screen-3689339,4c65c62c6c5a06b59ce1,cosem-cos7-em,gpu,fs,blosc-zstd,3,bit,"[4,64,64]",16384,4096,16384,858f5149075a3e6a5255,49fdfbac0bda6aaab170,2.0213116121292516,1.8111708472242458,1.116024816337488,3,1.1120841069378544,1.1107261518200071,1.1160249397085582,false,false,false
reef-l40-filesystem-screen-3689339,4c65c62c6c5a06b59ce1,cosem-cos7-em,gpu,fs,blosc-zstd,3,bit,"[4,256,256]",262144,16384,65536,a18e97989460f36c709c,dab939c629a955b82ae5,2.377077394659918,2.0239584100265002,1.1744694865685477,3,1.174855099347503,1.1728475781093861,1.1767369147344031,false,false,false
reef-l40-filesystem-screen-3689339,4c65c62c6c5a06b59ce1,cosem-cos7-em,gpu,fs,blosc-zstd,3,bit,"[4,256,256]",262144,16384,262144,a18e97989460f36c709c,3fef8cbb13d174eca2ba,3.3769477763394558,2.0239584100265002,1.6684867434085469,3,1.6702839416590225,1.664135934695649,1.7406554862282266,false,false,false
reef-l40-filesystem-screen-3689339,4c65c62c6c5a06b59ce1,cosem-cos7-em,gpu,fs,blosc-zstd,3,bit,"[4,256,256]",262144,65536,262144,dab939c629a955b82ae5,3fef8cbb13d174eca2ba,3.3769477763394558,2.377077394659918,1.4206301334259193,3,1.4216935710511647,1.4188850842649245,1.4792223006117755,false,false,false
reef-l40-filesystem-screen-3689339,4c65c62c6c5a06b59ce1,cosem-cos7-em,gpu,fs,blosc-lz4,3,bit,"[4,256,256]",262144,16384,65536,838cf543edf13844c852,4677b4d1bdae5f2f0848,4.552426256474092,3.709924818772075,1.2270939382488273,3,1.1598181835863695,1.1446264840902212,1.2682149209484403,false,false,false
reef-l40-filesystem-screen-3689339,4c65c62c6c5a06b59ce1,cosem-cos7-em,gpu,fs,blosc-lz4,3,bit,"[4,256,256]",262144,16384,262144,838cf543edf13844c852,5d2c09016e9d6878110f,4.173148474198957,3.709924818772075,1.124860658383962,3,1.1178573303585209,1.0679705117951284,1.124860658383962,false,false,false
reef-l40-filesystem-screen-3689339,4c65c62c6c5a06b59ce1,cosem-cos7-em,gpu,fs,blosc-lz4,3,bit,"[4,256,256]",262144,65536,262144,4677b4d1bdae5f2f0848,5d2c09016e9d6878110f,4.173148474198957,4.552426256474092,0.9166866719179125,3,0.9208085602630999,0.8814415537096237,0.982731636930479,false,false,false
reef-l40-filesystem-screen-3689339,4c65c62c6c5a06b59ce1,cosem-cos7-em,gpu,fs,blosc-lz4,3,bit,"[4,128,128]",65536,16384,65536,ce5bb1ae7b36d2d1d3ed,49dc51e7666824236453,4.239571773234403,3.8785197614180076,1.0930901565612736,3,1.0997063364247952,0.9800739041575325,1.1482118721417982,true,false,false
reef-l40-filesystem-screen-3689339,4c65c62c6c5a06b59ce1,cosem-cos7-em,gpu,fs,blosc-lz4,3,bit,"[4,64,64]",16384,4096,16384,ece8a50463bd5b013b17,4e16d5f4ec40c79283f1,3.844163108516426,4.896243215143927,0.7851250314989562,3,0.7851250314989562,0.7259684669077533,1.0761133510893026,true,false,false
reef-l40-microscopy-sinks-3671242,50b27e625c4b0ac2e64c,bbbc010-brightfield,gpu,discard,blosc-lz4,3,bit,"[1,64,128]",16384,4096,16384,6785bec17b93419b52a7,8bd49f30b377a6e75c0a,9.869737107517953,17.665783596268433,0.558692290875948,8,0.5584346902256903,0.5425507202931803,0.5736000679043924,false,false,false
reef-l40-microscopy-sinks-3671242,574df6672bae000befd6,cosem-cos7-em,gpu,discard,blosc-zstd,3,bit,"[1,512,512]",262144,16384,262144,a623bb2cc50537ba02bf,553c9e5bffdbc5bbce01,4.150306064532479,2.0131893133356975,2.061557766594611,8,2.0614823583626674,2.0570225052097744,2.062879401041581,false,false,false
reef-l40-microscopy-discovery-3667908,5c8b4afe35cf1e7b247d,opencell-dna,cpu,discard,blosc-lz4,3,bit,"[1,128,256]",65536,16384,65536,60da70f9b28642aa7c59,b5c513170b0ac04e3f9c,2.040020158832049,2.0475054742582985,0.9963441780643048,0,,,,true,false,false
reef-l40-microscopy-discovery-3667908,5c8b4afe35cf1e7b247d,opencell-dna,cpu,discard,blosc-zstd,3,bit,"[1,64,128]",16384,4096,16384,d7e77e22d64dd5aa3fa3,5ba4bedb284c765c7d54,0.6837044826853583,0.4939116175483153,1.38426483280377,0,,,,false,false,false
reef-l40-microscopy-discovery-3667908,5c8b4afe35cf1e7b247d,opencell-dna,cpu,discard,blosc-zstd,3,bit,"[1,256,512]",262144,16384,65536,c3be4e99410578611412,900f0534e17d408df5c7,0.5119135734503937,0.5283469253013575,0.9688966641727107,0,,,,false,false,false
reef-l40-microscopy-discovery-3667908,5c8b4afe35cf1e7b247d,opencell-dna,cpu,discard,blosc-zstd,3,bit,"[1,256,512]",262144,16384,262144,c3be4e99410578611412,53cca6380bd242455f7b,0.5495666750960081,0.5283469253013575,1.0401625310539042,0,,,,false,false,false
reef-l40-microscopy-discovery-3667908,5c8b4afe35cf1e7b247d,opencell-dna,cpu,discard,blosc-zstd,3,bit,"[1,256,512]",262144,65536,262144,900f0534e17d408df5c7,53cca6380bd242455f7b,0.5495666750960081,0.5119135734503937,1.0735536301407784,0,,,,false,false,false
reef-l40-microscopy-discovery-3667908,5c8b4afe35cf1e7b247d,opencell-dna,cpu,discard,blosc-lz4,3,bit,"[1,256,512]",262144,16384,65536,48557ad44670e944c973,59029ea635e5383802d0,1.3290989456602087,1.3271551662580368,1.0014646210568223,0,,,,true,false,false
reef-l40-microscopy-discovery-3667908,5c8b4afe35cf1e7b247d,opencell-dna,cpu,discard,blosc-lz4,3,bit,"[1,256,512]",262144,16384,262144,48557ad44670e944c973,4ad3fb94cb4df34d565f,1.2986560954580522,1.3271551662580368,0.978526195335291,0,,,,false,false,false
reef-l40-microscopy-discovery-3667908,5c8b4afe35cf1e7b247d,opencell-dna,cpu,discard,blosc-lz4,3,bit,"[1,256,512]",262144,65536,262144,59029ea635e5383802d0,4ad3fb94cb4df34d565f,1.2986560954580522,1.3290989456602087,0.9770951212461955,0,,,,false,false,false
reef-l40-microscopy-discovery-3667908,5c8b4afe35cf1e7b247d,opencell-dna,cpu,discard,blosc-zstd,3,bit,"[1,128,256]",65536,16384,65536,f2280a48d43bbb3f4d5e,967c303fe534a7852042,0.726886070733602,0.6619172937534463,1.0981524090596664,0,,,,false,false,false
reef-l40-microscopy-discovery-3667908,5c8b4afe35cf1e7b247d,opencell-dna,cpu,discard,blosc-lz4,3,bit,"[1,64,128]",16384,4096,16384,af2f90ceae7b5c925702,c2431a89a05ea78e8e25,2.289228023577937,2.2859882012756794,1.0014172524164602,0,,,,true,false,false
reef-l40-microscopy-discovery-3667908,72c6b6c575ad45964344,cosem-cos7-em,cpu,discard,blosc-zstd,3,bit,"[1,512,512]",262144,16384,65536,7861581cf5d133c423af,dd7e166560387514fd30,2.141529655674417,1.6260120132084983,1.3170441781968654,0,,,,false,false,false
reef-l40-microscopy-discovery-3667908,72c6b6c575ad45964344,cosem-cos7-em,cpu,discard,blosc-zstd,3,bit,"[1,512,512]",262144,16384,262144,7861581cf5d133c423af,769ac02e5bf231a3c398,3.225400611316633,1.6260120132084983,1.9836265569478606,0,,,,false,false,false
reef-l40-microscopy-discovery-3667908,72c6b6c575ad45964344,cosem-cos7-em,cpu,discard,blosc-zstd,3,bit,"[1,512,512]",262144,65536,262144,dd7e166560387514fd30,769ac02e5bf231a3c398,3.225400611316633,2.141529655674417,1.5061199842693187,0,,,,false,false,false
reef-l40-microscopy-discovery-3667908,72c6b6c575ad45964344,cosem-cos7-em,cpu,discard,blosc-zstd,3,bit,"[1,128,128]",16384,4096,16384,ddcab14081a6a18c7003,dda87ef4ea2ec49e249e,0.9657887644104954,0.5919917678984864,1.6314226257553417,0,,,,false,false,false
reef-l40-microscopy-discovery-3667908,72c6b6c575ad45964344,cosem-cos7-em,cpu,discard,blosc-lz4,3,bit,"[1,256,256]",65536,16384,65536,1970c1ae4dc27f8ef535,f061f2511ed631234cd5,1.8281420835224562,1.8685969348430282,0.9783501457343606,0,,,,true,false,false
reef-l40-microscopy-discovery-3667908,72c6b6c575ad45964344,cosem-cos7-em,cpu,discard,blosc-lz4,3,bit,"[1,512,512]",262144,16384,65536,8a553eb9d81e4686a24b,a45d69f48d457c695a38,6.569714387924317,6.584244714752083,0.9977931672564947,0,,,,true,false,false
reef-l40-microscopy-discovery-3667908,72c6b6c575ad45964344,cosem-cos7-em,cpu,discard,blosc-lz4,3,bit,"[1,512,512]",262144,16384,262144,8a553eb9d81e4686a24b,f8423fc652b93fd31337,7.215315050453266,6.584244714752083,1.095845516538482,0,,,,false,false,false
reef-l40-microscopy-discovery-3667908,72c6b6c575ad45964344,cosem-cos7-em,cpu,discard,blosc-lz4,3,bit,"[1,512,512]",262144,65536,262144,a45d69f48d457c695a38,f8423fc652b93fd31337,7.215315050453266,6.569714387924317,1.0982692129989116,0,,,,false,false,false
reef-l40-microscopy-discovery-3667908,72c6b6c575ad45964344,cosem-cos7-em,cpu,discard,blosc-lz4,3,bit,"[1,128,128]",16384,4096,16384,d291a965857beddb3349,24fcf8dd7b538a4b3238,1.65168180814725,1.655466311753254,0.9977139349927356,0,,,,true,false,false
reef-l40-microscopy-discovery-3667908,72c6b6c575ad45964344,cosem-cos7-em,cpu,discard,blosc-zstd,3,bit,"[1,256,256]",65536,16384,65536,484f96bdfa72121020a2,bf2787cf97972bec74dd,1.1313829719313746,1.0506070219067378,1.0768850277414264,0,,,,false,false,false
reef-l40-microscopy-sinks-3671242,7c5116fc53bc75836388,cosem-cos7-em,cpu,discard,blosc-zstd,3,bit,"[1,512,512]",262144,16384,262144,8d774c431061d7cbcf85,d42fd6d50d222fe54755,3.248105993329376,1.6303707242084382,1.992249949720095,8,1.9975285601018182,1.9295083816504632,2.0181155342646973,false,false,false
reef-turin-microscopy-pareto-transfer-3710982,850f65dd7b1eacff8fbe,jump-scope-fluorescence,cpu,discard,blosc-lz4,3,bit,"[1,64,128]",16384,4096,16384,3c7ab3e04456507b3576,1a27e686bc6e95a86d8f,13.764491991143542,13.760299113955897,1.0003047082881644,3,1.0121909212254316,0.9881763758961261,1.022823876940679,true,false,true
reef-l40-final-discard-3702747,861abaa4329b321dcd37,bbbc022-mito,gpu,discard,blosc-lz4,3,bit,"[4,64,128]",65536,16384,65536,f881635c32c42698a637,9a593855a65c8a9dd858,6.599196365065387,7.3404342982267305,0.8990198804258205,2,0.8990210247759943,0.8981788939224169,0.8998631556295718,false,false,false
reef-l40-final-discard-3702747,861abaa4329b321dcd37,bbbc022-mito,gpu,discard,blosc-zstd,3,bit,"[4,128,256]",262144,16384,65536,ec00a08bc04055b7bf93,0106d2ca2dc88cad2079,4.315139911921749,3.6447491401765744,1.1839333095261246,2,1.1839333102545306,1.1836951687604225,1.1841714517486388,false,false,false
reef-l40-final-discard-3702747,861abaa4329b321dcd37,bbbc022-mito,gpu,discard,blosc-zstd,3,bit,"[4,128,256]",262144,16384,262144,ec00a08bc04055b7bf93,74be94d13a6d3a4f7d3d,2.7683937899507347,3.6447491401765744,0.7595567440936735,2,0.7595567438930227,0.7594911441274266,0.7596223436586189,false,false,false
reef-l40-final-discard-3702747,861abaa4329b321dcd37,bbbc022-mito,gpu,discard,blosc-zstd,3,bit,"[4,128,256]",262144,65536,262144,0106d2ca2dc88cad2079,74be94d13a6d3a4f7d3d,2.7683937899507347,4.315139911921749,0.6415536567660977,2,0.6415536933036329,0.6413692400757537,0.6417381465315121,false,false,false
reef-l40-final-discard-3702747,861abaa4329b321dcd37,bbbc022-mito,gpu,discard,blosc-lz4,3,bit,"[4,128,256]",262144,16384,65536,8b29893b2c38e1a0e1ea,2d2c346eb887e94ced8f,5.639705870773233,7.237422284019516,0.7792423392546685,2,0.7792427217778757,0.7789339129444716,0.7795515306112798,false,false,false
reef-l40-final-discard-3702747,861abaa4329b321dcd37,bbbc022-mito,gpu,discard,blosc-lz4,3,bit,"[4,128,256]",262144,16384,262144,8b29893b2c38e1a0e1ea,0b3da63ecfffb9cee86d,2.7008304598823507,7.237422284019516,0.3731757459898229,2,0.37317625614351124,0.3727644119407217,0.3735881003463008,false,false,false
reef-l40-final-discard-3702747,861abaa4329b321dcd37,bbbc022-mito,gpu,discard,blosc-lz4,3,bit,"[4,128,256]",262144,65536,262144,2d2c346eb887e94ced8f,0b3da63ecfffb9cee86d,2.7008304598823507,5.639705870773233,0.4788956235960676,2,0.4788959089507838,0.47855717378079443,0.47923464412077327,false,false,false
reef-l40-final-discard-3702747,861abaa4329b321dcd37,bbbc022-mito,gpu,discard,blosc-zstd,3,bit,"[4,64,128]",65536,16384,65536,a696b7314faadafb9e1b,b77fabb303f189946513,4.259580764214732,3.692896949803084,1.1534523768506093,2,1.153452387222548,1.1531189258233911,1.1537858486217047,false,false,false
reef-l40-final-discard-3702747,861abaa4329b321dcd37,bbbc022-mito,gpu,discard,blosc-zstd,3,bit,"[4,32,64]",16384,4096,16384,5a9c629c6267a9161672,50cd3117005d208bed2c,3.7368076211957915,3.0337422641572944,1.2317485454664332,2,1.2317485086382158,1.2314525146096575,1.2320445026667741,false,false,false
reef-l40-final-discard-3702747,861abaa4329b321dcd37,bbbc022-mito,gpu,discard,blosc-lz4,3,bit,"[4,32,64]",16384,4096,16384,b23a29aac4f5f1c349b7,f78e63469e936e0b293e,7.121036923959006,17.321918866271254,0.4110997735836811,2,0.4118948686839317,0.393943808964714,0.42984592840314945,false,false,false
reef-l40-filesystem-screen-3689339,87d6d2ded1a9f12b5a82,cosem-cos7-em,cpu,fs,blosc-zstd,3,bit,"[4,128,128]",65536,16384,65536,90db08c4174f41014256,51bad07fba80561fb1fd,0.7883831284085756,0.696782018737074,1.1314630791384797,3,1.1361358178866932,1.1182808551377759,1.1712248129010305,false,false,false
reef-l40-filesystem-screen-3689339,87d6d2ded1a9f12b5a82,cosem-cos7-em,cpu,fs,blosc-lz4,3,bit,"[4,128,128]",65536,16384,65536,a6a880194a0dcbe5ff6e,93aa80016f8a5ee847a1,1.3207576524983755,1.3203858582677317,1.0002815799853624,3,1.0043541324354295,0.9898867585637362,1.0116072542033652,true,false,false
reef-l40-filesystem-screen-3689339,87d6d2ded1a9f12b5a82,cosem-cos7-em,cpu,fs,blosc-zstd,3,bit,"[4,64,64]",16384,4096,16384,fb2b029af49216cdb5c8,ec2a8611fb798ff43b72,0.6802509820542284,0.4350782705383818,1.5635140344114657,3,1.578310274368485,1.5616836042346145,1.588733143817447,false,false,false
reef-l40-filesystem-screen-3689339,87d6d2ded1a9f12b5a82,cosem-cos7-em,cpu,fs,blosc-zstd,3,bit,"[4,256,256]",262144,16384,65536,15d56728e1a5808d37e0,1a568d3e96023ed21ba5,0.8025364540820225,0.7119290879694761,1.1272702122215172,3,1.1261290392034433,1.12606190111011,1.1678994190809637,false,false,false
reef-l40-filesystem-screen-3689339,87d6d2ded1a9f12b5a82,cosem-cos7-em,cpu,fs,blosc-zstd,3,bit,"[4,256,256]",262144,16384,262144,15d56728e1a5808d37e0,ff3a693be4ceecfab430,0.927482044753726,0.7119290879694761,1.3027730716819534,3,1.31652316799933,1.289593869418864,1.3225024443771174,false,false,false
reef-l40-filesystem-screen-3689339,87d6d2ded1a9f12b5a82,cosem-cos7-em,cpu,fs,blosc-zstd,3,bit,"[4,256,256]",262144,65536,262144,1a568d3e96023ed21ba5,ff3a693be4ceecfab430,0.927482044753726,0.8025364540820225,1.1556883678444514,3,1.1452246702845896,1.1323770033363088,1.1690695490194978,false,false,false
reef-l40-filesystem-screen-3689339,87d6d2ded1a9f12b5a82,cosem-cos7-em,cpu,fs,blosc-lz4,3,bit,"[4,256,256]",262144,16384,65536,b6137e52409092acf64c,e285e7851053d5d0a321,1.4305258535853647,1.4274094678787566,1.0021832457866762,3,0.9987163188872912,0.9567244498324028,1.0021832457866762,true,false,false
reef-l40-filesystem-screen-3689339,87d6d2ded1a9f12b5a82,cosem-cos7-em,cpu,fs,blosc-lz4,3,bit,"[4,256,256]",262144,16384,262144,b6137e52409092acf64c,9b43f31d692ab26714dc,1.4320139908046592,1.4274094678787566,1.0032257898168109,3,0.9897360071868768,0.9332655608938515,1.072176481258992,true,false,false
reef-l40-filesystem-screen-3689339,87d6d2ded1a9f12b5a82,cosem-cos7-em,cpu,fs,blosc-lz4,3,bit,"[4,256,256]",262144,65536,262144,e285e7851053d5d0a321,9b43f31d692ab26714dc,1.4320139908046592,1.4305258535853647,1.0010402728587986,3,0.9910081456259574,0.9754799943257845,1.0698407559361798,true,false,false
reef-l40-filesystem-screen-3689339,87d6d2ded1a9f12b5a82,cosem-cos7-em,cpu,fs,blosc-lz4,3,bit,"[4,64,64]",16384,4096,16384,893d06b38d308ed89952,a8b97e646c3cd3229b1c,1.286892819123931,1.3072859167709527,0.9844004303990412,3,0.9846908924135138,0.9818995307691994,0.9994496704123866,true,false,false
reef-turin-microscopy-pareto-transfer-3710982,8bc6f96198c9485fb82f,opencell-protein,cpu,discard,blosc-lz4,3,bit,"[1,64,128]",16384,4096,16384,2d0116aade6d3d202000,7cd3b45033b9bbf25358,11.123036742739911,11.219091144221023,0.991438308126181,3,0.9923021282950797,0.9534749855019211,1.0047751631383581,true,false,true
reef-l40-microscopy-sinks-3671242,8e0de7e73b927a367ddd,bbbc010-brightfield,cpu,discard,blosc-lz4,3,bit,"[1,64,128]",16384,4096,16384,06f5b1e5c545614f63e9,5d1a662f8ac21b7afe4e,2.137480535776063,2.1399345447965072,0.998853231737199,8,0.9996977183986991,0.9950459332996517,1.0040589020183202,true,false,false
reef-turin-microscopy-pareto-transfer-3710982,978f191684166aded307,opencell-dna,cpu,fs,blosc-lz4,3,bit,"[1,64,128]",16384,4096,16384,348fba091f078d0268a9,223e9c650af62d69a060,5.388890322031898,4.587672291942479,1.174645872482355,3,1.174645872482355,0.7662767189759986,1.3334501616477625,true,false,true
reef-l40-microscopy-discovery-3667908,9a353ca9733f54eaea9e,bbbc010-brightfield,gpu,discard,blosc-lz4,3,bit,"[1,256,512]",262144,16384,65536,f46fa1c745fe32d1ad77,8d02cd0230141a0eb1cf,3.6710118465420694,7.758511357176195,0.4731593056374901,0,,,,false,false,false
reef-l40-microscopy-discovery-3667908,9a353ca9733f54eaea9e,bbbc010-brightfield,gpu,discard,blosc-lz4,3,bit,"[1,256,512]",262144,16384,262144,f46fa1c745fe32d1ad77,f6063f042ad3647412fa,2.8879702893733508,7.758511357176195,0.37223252714609195,0,,,,false,false,false
reef-l40-microscopy-discovery-3667908,9a353ca9733f54eaea9e,bbbc010-brightfield,gpu,discard,blosc-lz4,3,bit,"[1,256,512]",262144,65536,262144,8d02cd0230141a0eb1cf,f6063f042ad3647412fa,2.8879702893733508,3.6710118465420694,0.7866959874002288,0,,,,false,false,false
reef-l40-microscopy-discovery-3667908,9a353ca9733f54eaea9e,bbbc010-brightfield,gpu,discard,blosc-zstd,3,bit,"[1,128,256]",65536,16384,65536,d5e2d9fd07139be3f513,e2a7db5947438cc14d05,6.554196271380616,6.354670812685725,1.0313982367578476,0,,,,false,false,false
reef-l40-microscopy-discovery-3667908,9a353ca9733f54eaea9e,bbbc010-brightfield,gpu,discard,blosc-zstd,3,bit,"[1,256,512]",262144,16384,65536,8aedf27bfd81488e69ac,2b362a5e78f9c5dd7b06,5.329056602808261,5.519729665412218,0.9654560867720109,0,,,,false,false,false
reef-l40-microscopy-discovery-3667908,9a353ca9733f54eaea9e,bbbc010-brightfield,gpu,discard,blosc-zstd,3,bit,"[1,256,512]",262144,16384,262144,8aedf27bfd81488e69ac,72e2363dc0c9d14d4179,2.380447128983793,5.519729665412218,0.4312615423722965,0,,,,false,false,false
reef-l40-microscopy-discovery-3667908,9a353ca9733f54eaea9e,bbbc010-brightfield,gpu,discard,blosc-zstd,3,bit,"[1,256,512]",262144,65536,262144,2b362a5e78f9c5dd7b06,72e2363dc0c9d14d4179,2.380447128983793,5.329056602808261,0.4466920332070343,0,,,,false,false,false
reef-l40-microscopy-discovery-3667908,9a353ca9733f54eaea9e,bbbc010-brightfield,gpu,discard,blosc-lz4,3,bit,"[1,128,256]",65536,16384,65536,a72b9bdda2c091c0123e,81130f9755dc658bbc64,6.034806834325084,10.373511867972592,0.5817515718044416,0,,,,false,false,false
reef-l40-microscopy-discovery-3667908,9a353ca9733f54eaea9e,bbbc010-brightfield,gpu,discard,blosc-zstd,3,bit,"[1,64,128]",16384,4096,16384,07bd16b2f05c210bd4d0,1f164558e7bb4cc23214,6.521995360861965,4.339520721562218,1.502929880817359,0,,,,false,false,false
reef-l40-microscopy-discovery-3667908,9a353ca9733f54eaea9e,bbbc010-brightfield,gpu,discard,blosc-lz4,3,bit,"[1,64,128]",16384,4096,16384,cab3543fc68ff8260fbb,5ecf32339f2fb9f2750b,9.682067575202904,16.972299539879096,0.5704629212119052,0,,,,false,false,false
reef-turin-microscopy-pareto-transfer-3710982,9f98cf2460f5b473d8f8,opencell-dna,cpu,discard,blosc-lz4,3,bit,"[1,64,128]",16384,4096,16384,953051bcea002a297132,68d7b686fc789f7effc5,11.28597166682089,11.48331744573151,0.9828145673196577,3,0.9955677345408023,0.9828145673196577,1.0140335751211635,true,false,true
reef-l40-final-confirmation-3704091,a71b575752472ba7fca6,bbbc022-mito,cpu,discard,blosc-zstd,3,bit,"[4,128,256]",262144,65536,262144,553a90c5b2980e3b3d6b,1f2078d8188f50730794,0.686778095716445,0.6949866768456665,0.9881888654808784,3,0.9919568097295277,0.9858409572376722,0.9955858445671336,true,false,false
reef-l40-final-confirmation-3704091,a71b575752472ba7fca6,bbbc022-mito,cpu,discard,blosc-lz4,3,bit,"[4,32,64]",16384,4096,16384,ed42ca98cb22ea28f08c,6939d64debb04a0a6552,2.4672059591825874,2.4666317514804557,1.0002327902013697,3,1.000197821029619,0.9995722709059272,1.0032965561957203,true,false,false
reef-l40-microscopy-discovery-3667908,ad11ed0d9823a9a46475,dynacell-a549-phase,gpu,discard,blosc-zstd,3,bit,"[1,128,128]",65536,16384,65536,2b7fc5902212947b2106,9c1f3c6db216cf2bb153,2.750017954513548,2.305102724665019,1.193013189862584,0,,,,false,false,false
reef-l40-microscopy-discovery-3667908,ad11ed0d9823a9a46475,dynacell-a549-phase,gpu,discard,blosc-zstd,3,bit,"[1,256,256]",262144,16384,65536,7d7b00a954d2bff661a7,2ea72d84193e22bfc7b0,2.736789044295847,2.2953296806903376,1.1923293927313905,0,,,,false,false,false
reef-l40-microscopy-discovery-3667908,ad11ed0d9823a9a46475,dynacell-a549-phase,gpu,discard,blosc-zstd,3,bit,"[1,256,256]",262144,16384,262144,7d7b00a954d2bff661a7,d48788aefb0b32f05919,4.352424874085115,2.2953296806903376,1.8962090329333825,0,,,,false,false,false
reef-l40-microscopy-discovery-3667908,ad11ed0d9823a9a46475,dynacell-a549-phase,gpu,discard,blosc-zstd,3,bit,"[1,256,256]",262144,65536,262144,2ea72d84193e22bfc7b0,d48788aefb0b32f05919,4.352424874085115,2.736789044295847,1.5903399215795082,0,,,,false,false,false
reef-l40-microscopy-discovery-3667908,ad11ed0d9823a9a46475,dynacell-a549-phase,gpu,discard,blosc-zstd,3,bit,"[1,64,64]",16384,4096,16384,e70bc29f119bb3b58cd6,7582cec7bb4d381480d2,2.2913582912075285,2.007382958065838,1.1414654498289194,0,,,,false,false,false
reef-l40-microscopy-discovery-3667908,ad11ed0d9823a9a46475,dynacell-a549-phase,gpu,discard,blosc-lz4,3,bit,"[1,256,256]",262144,16384,65536,cf45fd754b518471b221,f0318d5b81150e9dc11e,11.11653575647115,4.334400555275211,2.5647227603230385,0,,,,false,false,false
reef-l40-microscopy-discovery-3667908,ad11ed0d9823a9a46475,dynacell-a549-phase,gpu,discard,blosc-lz4,3,bit,"[1,256,256]",262144,16384,262144,cf45fd754b518471b221,e8fe9305c70e211bb699,4.429033073233395,4.334400555275211,1.0218328963258854,0,,,,false,false,false
reef-l40-microscopy-discovery-3667908,ad11ed0d9823a9a46475,dynacell-a549-phase,gpu,discard,blosc-lz4,3,bit,"[1,256,256]",262144,65536,262144,f0318d5b81150e9dc11e,e8fe9305c70e211bb699,4.429033073233395,11.11653575647115,0.39841846149374094,0,,,,false,false,false
reef-l40-microscopy-discovery-3667908,ad11ed0d9823a9a46475,dynacell-a549-phase,gpu,discard,blosc-lz4,3,bit,"[1,128,128]",65536,16384,65536,431b99aa310a0c0b1a49,a47240b7b435995e6b94,10.946958911487718,4.3690870814451355,2.505548346238698,0,,,,false,false,false
reef-l40-microscopy-discovery-3667908,ad11ed0d9823a9a46475,dynacell-a549-phase,gpu,discard,blosc-lz4,3,bit,"[1,64,64]",16384,4096,16384,19b2c862ae6b89bf5360,a0877dfbba3b4bba6cf1,4.29971707646035,16.419737685496035,0.2618627141807751,0,,,,false,false,false
reef-l40-final-confirmation-3704091,b2dae760faee831c03c9,bbbc022-mito,cpu,fs,blosc-lz4,3,bit,"[4,32,64]",16384,4096,16384,92b4cc013cf94060e689,1cc31fdbd7dc00251a39,1.8965054716415564,1.9043867348391903,0.9958615216891334,3,0.9991591120102054,0.986062582355371,1.0224976732272342,true,false,false
reef-l40-final-confirmation-3704091,b2dae760faee831c03c9,bbbc022-mito,cpu,fs,blosc-zstd,3,bit,"[4,128,256]",262144,65536,262144,b5b9a5c1e65f60b07381,d6bff022e2cb437c004e,0.5428090513680973,0.5433363572590614,0.9990295037614929,3,0.9978437010839138,0.9837446021240397,1.0009040751624418,true,false,false
reef-l40-final-discard-3702747,bd9db801ff04c068d9fa,cosem-cos7-em,cpu,discard,blosc-lz4,3,bit,"[4,64,64]",16384,4096,16384,e7e9ff992b48583fb501,19df92f5cb4d696972a1,1.6863588980699609,1.6863660152851812,0.9999957795548797,2,0.9999997802937701,0.9963526314552095,1.0036469291323307,true,false,false
reef-l40-final-discard-3702747,bd9db801ff04c068d9fa,cosem-cos7-em,cpu,discard,blosc-zstd,3,bit,"[4,64,64]",16384,4096,16384,cd3175fa42b6f50b0ca5,f99f2da0f5899f23c600,0.874314176550434,0.5415043770876058,1.6146022332317833,2,1.614635867285684,1.6061219967476148,1.623149737823753,false,false,false
reef-l40-final-discard-3702747,bd9db801ff04c068d9fa,cosem-cos7-em,cpu,discard,blosc-zstd,3,bit,"[4,128,128]",65536,16384,65536,0306c5f9e23409b7b7b1,c79a400184f03e01ad68,1.0004584390458995,0.8786408629153841,1.1386431945884206,2,1.1386467622644234,1.1325590598842017,1.1447344646446451,false,false,false
reef-l40-final-discard-3702747,bd9db801ff04c068d9fa,cosem-cos7-em,cpu,discard,blosc-zstd,3,bit,"[4,256,256]",262144,16384,65536,31f386d8a581a51ee111,576478cd3fd8ca3768f1,1.073237031992222,0.913766577709139,1.1745199027555635,2,1.1752343581711218,1.1431459981838352,1.2073227181584085,false,false,false
reef-l40-final-discard-3702747,bd9db801ff04c068d9fa,cosem-cos7-em,cpu,discard,blosc-zstd,3,bit,"[4,256,256]",262144,16384,262144,31f386d8a581a51ee111,d87a3ebd4acd82881ce2,1.2342439649027312,0.913766577709139,1.3507212837626934,2,1.351461016157626,1.318237390349847,1.3846846419654049,false,false,false
reef-l40-final-discard-3702747,bd9db801ff04c068d9fa,cosem-cos7-em,cpu,discard,blosc-zstd,3,bit,"[4,256,256]",262144,65536,262144,576478cd3fd8ca3768f1,d87a3ebd4acd82881ce2,1.2342439649027312,1.073237031992222,1.150019919282543,2,1.1500357023107868,1.1469051490040174,1.1531662556175561,false,false,false
reef-l40-final-discard-3702747,bd9db801ff04c068d9fa,cosem-cos7-em,cpu,discard,blosc-lz4,3,bit,"[4,256,256]",262144,16384,65536,07b17f6da19a6308ef9e,20fac5c925fe8e805b1b,1.9162156321019643,1.8055046305011666,1.0613185918942045,2,1.0658309402775803,0.9977015124275649,1.1339603681275956,true,false,false
reef-l40-final-discard-3702747,bd9db801ff04c068d9fa,cosem-cos7-em,cpu,discard,blosc-lz4,3,bit,"[4,256,256]",262144,16384,262144,07b17f6da19a6308ef9e,4079a7035aa29f21c7a2,1.8913633164796155,1.8055046305011666,1.047553844242768,2,1.0524464951774677,0.9785750915245506,1.1263178988303848,true,false,false
reef-l40-final-discard-3702747,bd9db801ff04c068d9fa,cosem-cos7-em,cpu,discard,blosc-lz4,3,bit,"[4,256,256]",262144,65536,262144,20fac5c925fe8e805b1b,4079a7035aa29f21c7a2,1.8913633164796155,1.9162156321019643,0.9870305224495599,2,0.9870449447607974,0.9808295159777028,0.9932603735438919,false,false,false
reef-l40-final-discard-3702747,bd9db801ff04c068d9fa,cosem-cos7-em,cpu,discard,blosc-lz4,3,bit,"[4,128,128]",65536,16384,65536,a2e190befae03335b97d,d9e40921ba4ce0650ec0,1.6853124827384114,1.6902598827995083,0.9970729944481065,2,0.9970731631107355,0.9940733871525204,1.0000729390689507,true,false,false
reef-l40-final-discard-3702747,bff1360f32984cfc0e62,bbbc022-mito,cpu,discard,blosc-zstd,3,bit,"[4,128,256]",262144,16384,65536,d508f40cd37952e3e8ad,5ac36091a7cd1caf8927,0.6925935953967222,0.5633869753366243,1.2293390257786787,2,1.2293464945186945,1.2265229367101111,1.2321700523272778,false,false,false
reef-l40-final-discard-3702747,bff1360f32984cfc0e62,bbbc022-mito,cpu,discard,blosc-zstd,3,bit,"[4,128,256]",262144,16384,262144,d508f40cd37952e3e8ad,12a2e99b76f4c951af02,0.6903762899357044,0.5633869753366243,1.2254033553459482,2,1.225405979808662,1.2244138014529684,1.2263981581643555,false,false,false
reef-l40-final-discard-3702747,bff1360f32984cfc0e62,bbbc022-mito,cpu,discard,blosc-zstd,3,bit,"[4,128,256]",262144,65536,262144,5ac36091a7cd1caf8927,12a2e99b76f4c951af02,0.6903762899357044,0.6925935953967222,0.996798547552627,2,0.9967980311586404,0.9953156675476567,0.9982803947696242,false,false,false
reef-l40-final-discard-3702747,bff1360f32984cfc0e62,bbbc022-mito,cpu,discard,blosc-lz4,3,bit,"[4,128,256]",262144,16384,65536,11970dc5bf5007cede31,ffb60907bc33c3d08c4d,1.904407903400588,1.8958023890923172,1.0045392464730414,2,1.0045339142494019,0.9986090336275846,1.010458794871219,true,false,false
reef-l40-final-discard-3702747,bff1360f32984cfc0e62,bbbc022-mito,cpu,discard,blosc-lz4,3,bit,"[4,128,256]",262144,16384,262144,11970dc5bf5007cede31,4b93e943dddce4a1ed57,1.9224826971746822,1.8958023890923172,1.014073359246656,2,1.0140626447690098,1.0021572924676188,1.0259679970704005,false,false,false
reef-l40-final-discard-3702747,bff1360f32984cfc0e62,bbbc022-mito,cpu,discard,blosc-lz4,3,bit,"[4,128,256]",262144,65536,262144,ffb60907bc33c3d08c4d,4b93e943dddce4a1ed57,1.9224826971746822,1.904407903400588,1.0094910306462281,2,1.009450937397105,1.0035532012234505,1.0153486735707598,true,false,false
reef-l40-final-discard-3702747,bff1360f32984cfc0e62,bbbc022-mito,cpu,discard,blosc-lz4,3,bit,"[4,64,128]",65536,16384,65536,13995f1212174a6682e5,448e7d6229f53ab49c43,1.9825297145521512,1.9806550620107837,1.00094648107958,2,1.000951851904739,0.9983269204664427,1.0035767833430351,true,false,false
reef-l40-final-discard-3702747,bff1360f32984cfc0e62,bbbc022-mito,cpu,discard,blosc-zstd,3,bit,"[4,32,64]",16384,4096,16384,b76bd2f546673d9cb5e1,ed29e7a271496d31c914,0.7840495086466581,0.5149172906040671,1.5226707724785524,2,1.5227480418459478,1.5088919596528323,1.5366041240390633,false,false,false
reef-l40-final-discard-3702747,bff1360f32984cfc0e62,bbbc022-mito,cpu,discard,blosc-zstd,3,bit,"[4,64,128]",65536,16384,65536,7da04be483739312fff9,f07e01e12f85e6bf6556,0.8144020496444769,0.6587070884216735,1.2363644842442243,2,1.2363948347682814,1.2233854861368014,1.2494041833997611,false,false,false
reef-l40-final-discard-3702747,bff1360f32984cfc0e62,bbbc022-mito,cpu,discard,blosc-lz4,3,bit,"[4,32,64]",16384,4096,16384,d44884415d5a9062a058,0750db12cc0e758c58fd,2.4746690893312246,2.46068509052173,1.0056829696995195,2,1.00568408415693,1.0054014023515723,1.0059667659622877,true,false,false
reef-l40-microscopy-discovery-3667908,c19016a4c6d32faf1f48,cosem-cos7-em,gpu,discard,blosc-lz4,3,bit,"[1,128,128]",16384,4096,16384,9a6d73f014917a996d8d,00cbb736e69f9654cd7e,3.8001118702038323,15.442325029126494,0.24608417858297005,0,,,,false,false,false
reef-l40-microscopy-discovery-3667908,c19016a4c6d32faf1f48,cosem-cos7-em,gpu,discard,blosc-zstd,3,bit,"[1,256,256]",65536,16384,65536,16924aa0c5f068585db1,7bc52fa63bd7e497f0e3,2.4127820453552364,2.0223254571468146,1.1930730718087756,0,,,,false,false,false
reef-l40-microscopy-discovery-3667908,c19016a4c6d32faf1f48,cosem-cos7-em,gpu,discard,blosc-zstd,3,bit,"[1,128,128]",16384,4096,16384,d4226bedb2744d153674,1f2492eeaa26b02a37f8,2.0127018407093438,1.7962652688392169,1.1204925439603877,0,,,,false,false,false
reef-l40-microscopy-discovery-3667908,c19016a4c6d32faf1f48,cosem-cos7-em,gpu,discard,blosc-zstd,3,bit,"[1,512,512]",262144,16384,65536,9ea09f6c5d8ef161b27b,5a3d31c7269e9cc8562d,2.4025660027525584,2.0043275253387995,1.1986893221687622,0,,,,false,false,false
reef-l40-microscopy-discovery-3667908,c19016a4c6d32faf1f48,cosem-cos7-em,gpu,discard,blosc-zstd,3,bit,"[1,512,512]",262144,16384,262144,9ea09f6c5d8ef161b27b,f5012b09f0e834bc329b,4.118022872138615,2.0043275253387995,2.0545658431959763,0,,,,false,false,false
reef-l40-microscopy-discovery-3667908,c19016a4c6d32faf1f48,cosem-cos7-em,gpu,discard,blosc-zstd,3,bit,"[1,512,512]",262144,65536,262144,5a3d31c7269e9cc8562d,f5012b09f0e834bc329b,4.118022872138615,2.4025660027525584,1.7140102987475483,0,,,,false,false,false
reef-l40-microscopy-discovery-3667908,c19016a4c6d32faf1f48,cosem-cos7-em,gpu,discard,blosc-lz4,3,bit,"[1,512,512]",262144,16384,65536,9f74f4f01bd4922d0ec3,82d8a0133735fffb2e88,12.60028243509916,3.7762395439572614,3.3367275270611825,0,,,,false,false,false
reef-l40-microscopy-discovery-3667908,c19016a4c6d32faf1f48,cosem-cos7-em,gpu,discard,blosc-lz4,3,bit,"[1,512,512]",262144,16384,262144,9f74f4f01bd4922d0ec3,2d38ff50d54d4b809558,4.837418051716663,3.7762395439572614,1.2810146166329675,0,,,,false,false,false
reef-l40-microscopy-discovery-3667908,c19016a4c6d32faf1f48,cosem-cos7-em,gpu,discard,blosc-lz4,3,bit,"[1,512,512]",262144,65536,262144,82d8a0133735fffb2e88,2d38ff50d54d4b809558,4.837418051716663,12.60028243509916,0.38391346199047277,0,,,,false,false,false
reef-l40-microscopy-discovery-3667908,c19016a4c6d32faf1f48,cosem-cos7-em,gpu,discard,blosc-lz4,3,bit,"[1,256,256]",65536,16384,65536,bb3dceb1ffe63b204f72,00476a984a3c7a6d81b4,12.954977287486606,3.831155872608677,3.381480085451448,0,,,,false,false,false
reef-l40-microscopy-sinks-3671242,cbb21d3dd66aef83aa76,bbbc010-brightfield,gpu,fs,blosc-lz4,3,bit,"[1,64,128]",16384,4096,16384,bd4f0200180d455eb3f5,43d87cb8ab725c6ce952,3.6426138370365533,4.163730991522539,0.8748437025477886,8,0.8273469854296934,0.6386588049812549,1.3457763745996165,true,false,false
reef-l40-microscopy-sinks-3671242,d84bed7ef9ee93ba3c48,cosem-cos7-em,cpu,fs,blosc-zstd,3,bit,"[1,512,512]",262144,16384,262144,a76f428b91df3ccee00d,d638eea2ac1f5bce662b,1.1768881853697448,1.0582641752747928,1.112093003681382,8,1.131186046964197,0.9624128819833653,1.7598019205174078,true,false,false
reef-l40-final-confirmation-3704091,dc640b9b984479f3d851,bbbc022-mito,gpu,discard,blosc-lz4,3,bit,"[4,64,128]",65536,16384,65536,cfa4d5ea7e16125506f4,05a4c834ca47834917c6,6.604205608661941,7.334838906902428,0.9003886373628565,3,0.901234092667746,0.8994404968303549,0.9033800751527735,false,false,true
reef-l40-final-confirmation-3704091,dc640b9b984479f3d851,bbbc022-mito,gpu,discard,blosc-zstd,3,bit,"[4,128,256]",262144,65536,262144,b2bc6959240cfcd3a49e,4ec4b88e0f23067d349a,2.768030716108597,4.314249076363729,0.6416019722351394,3,0.6416353381791665,0.6416019722351394,0.641700457372334,false,false,true
reef-l40-final-confirmation-3704091,dc640b9b984479f3d851,bbbc022-mito,gpu,discard,blosc-lz4,3,bit,"[4,128,256]",262144,16384,65536,29ea74ee4a3a87066784,903a1bfb3282b2480a7a,5.638707398395439,7.2284373176527295,0.7800728083544455,3,0.7800728083544455,0.7793564693138252,0.7802010302775948,false,false,true
reef-l40-final-confirmation-3704091,dc640b9b984479f3d851,bbbc022-mito,gpu,discard,blosc-lz4,3,bit,"[4,32,64]",16384,4096,16384,d9dc3abdd8a558345963,6d324dc82caaf331841e,7.1368853901955465,16.845857509380544,0.4236581833973962,3,0.4236581833973962,0.411745209553974,0.4264196782370732,false,false,true
reef-turin-microscopy-pareto-transfer-3710982,e874416df71f6edc956a,jump-scope-fluorescence,cpu,fs,blosc-lz4,3,bit,"[1,64,128]",16384,4096,16384,200fef79daed798ec878,1aa72fa34ffbd61eb321,4.8385838555309135,5.541321878241295,0.8731822409613541,3,0.8731822409613541,0.7643913077401171,1.2000677221550062,true,false,true
reef-l40-microscopy-discovery-3667908,eb9324137334a40ae163,bbbc010-brightfield,cpu,discard,blosc-lz4,3,bit,"[1,256,512]",262144,16384,65536,afbc6b8dc286dbb30305,c163642496bd0be8ed43,1.3410492240872491,1.3310389152576743,1.0075206732987494,0,,,,true,false,false
reef-l40-microscopy-discovery-3667908,eb9324137334a40ae163,bbbc010-brightfield,cpu,discard,blosc-lz4,3,bit,"[1,256,512]",262144,16384,262144,afbc6b8dc286dbb30305,8c107169cc1b8a80b932,1.3069117269936172,1.3310389152576743,0.9818734163310422,0,,,,true,false,false
reef-l40-microscopy-discovery-3667908,eb9324137334a40ae163,bbbc010-brightfield,cpu,discard,blosc-lz4,3,bit,"[1,256,512]",262144,65536,262144,c163642496bd0be8ed43,8c107169cc1b8a80b932,1.3069117269936172,1.3410492240872491,0.9745441878788106,0,,,,true,false,false
reef-l40-microscopy-discovery-3667908,eb9324137334a40ae163,bbbc010-brightfield,cpu,discard,blosc-zstd,3,bit,"[1,128,256]",65536,16384,65536,45db8c1f839e16e7309b,5e3790a442938e967c7f,0.8530645155639465,0.6702713456419831,1.272715178875631,0,,,,false,false,false
reef-l40-microscopy-discovery-3667908,eb9324137334a40ae163,bbbc010-brightfield,cpu,discard,blosc-lz4,3,bit,"[1,128,256]",65536,16384,65536,d702fdad722446cdeb4d,5392fa0bf41e2e4717ec,2.0902135929658723,2.0504637577484033,1.0193857780062,0,,,,false,false,false
reef-l40-microscopy-discovery-3667908,eb9324137334a40ae163,bbbc010-brightfield,cpu,discard,blosc-lz4,3,bit,"[1,64,128]",16384,4096,16384,b489ad64e4b34551b85f,38fdc7b1bb01d2cd59cc,2.13386762097389,2.135488926382292,0.9992407802314628,0,,,,true,false,false
reef-l40-microscopy-discovery-3667908,eb9324137334a40ae163,bbbc010-brightfield,cpu,discard,blosc-zstd,3,bit,"[1,256,512]",262144,16384,65536,d1a87e59295874b54561,23f37897176b7192bdfc,0.5990626423766917,0.522474003505482,1.1465884203947883,0,,,,false,false,false
reef-l40-microscopy-discovery-3667908,eb9324137334a40ae163,bbbc010-brightfield,cpu,discard,blosc-zstd,3,bit,"[1,256,512]",262144,16384,262144,d1a87e59295874b54561,ef91b96e896bd019ba34,0.615995647153859,0.522474003505482,1.1789976975330902,0,,,,false,false,false
reef-l40-microscopy-discovery-3667908,eb9324137334a40ae163,bbbc010-brightfield,cpu,discard,blosc-zstd,3,bit,"[1,256,512]",262144,65536,262144,23f37897176b7192bdfc,ef91b96e896bd019ba34,0.615995647153859,0.5990626423766917,1.0282658332857948,0,,,,false,false,false
reef-l40-microscopy-discovery-3667908,eb9324137334a40ae163,bbbc010-brightfield,cpu,discard,blosc-zstd,3,bit,"[1,64,128]",16384,4096,16384,9b4d270611c81a3be6f0,3a531858326c79585144,0.7227135209014134,0.5151193868111308,1.403001982463528,0,,,,false,false,false
reef-l40-microscopy-sinks-3671242,ec7767b198ea4d1d6bbe,bbbc010-brightfield,cpu,fs,blosc-lz4,3,bit,"[1,64,128]",16384,4096,16384,2483b720444bc4361b9b,d157b12bb35515592721,1.6512762000803325,1.6527518389533955,0.9991071624679011,8,0.9919793448195539,0.9618232862063941,1.0466065837099003,true,false,false
reef-l40-microscopy-discovery-3667908,ed3af1fb32a16b0b26d5,opencell-dna,gpu,discard,blosc-zstd,3,bit,"[1,256,512]",262144,16384,65536,55cbebc2a188a79fe502,89826a896b1951c50cae,3.7854377049237913,2.8036678233192505,1.350173395520953,0,,,,false,false,false
reef-l40-microscopy-discovery-3667908,ed3af1fb32a16b0b26d5,opencell-dna,gpu,discard,blosc-zstd,3,bit,"[1,256,512]",262144,16384,262144,55cbebc2a188a79fe502,26a56277f7d6656474a9,2.0775741152991727,2.8036678233192505,0.7410200659361784,0,,,,false,false,false
reef-l40-microscopy-discovery-3667908,ed3af1fb32a16b0b26d5,opencell-dna,gpu,discard,blosc-zstd,3,bit,"[1,256,512]",262144,65536,262144,89826a896b1951c50cae,26a56277f7d6656474a9,2.0775741152991727,3.7854377049237913,0.5488332597830978,0,,,,false,false,false
reef-l40-microscopy-discovery-3667908,ed3af1fb32a16b0b26d5,opencell-dna,gpu,discard,blosc-lz4,3,bit,"[1,64,128]",16384,4096,16384,0d94a62bffc377ae6728,6b75c26548360088ec25,5.855066058949997,16.541610141082703,0.3539598629766016,0,,,,false,false,false
reef-l40-microscopy-discovery-3667908,ed3af1fb32a16b0b26d5,opencell-dna,gpu,discard,blosc-zstd,3,bit,"[1,64,128]",16384,4096,16384,82ceb44210ab9d1262ff,4b26edf4f11329b33517,2.835334443266147,2.4274403468837074,1.1680346530064414,0,,,,false,false,false
reef-l40-microscopy-discovery-3667908,ed3af1fb32a16b0b26d5,opencell-dna,gpu,discard,blosc-lz4,3,bit,"[1,256,512]",262144,16384,65536,1bb7aa60deda2b368be3,9e4e122f101bf994933d,5.022678747796631,5.888196608391013,0.8530079890061806,0,,,,false,false,false
reef-l40-microscopy-discovery-3667908,ed3af1fb32a16b0b26d5,opencell-dna,gpu,discard,blosc-lz4,3,bit,"[1,256,512]",262144,16384,262144,1bb7aa60deda2b368be3,fa3add4184094fec040f,2.079753451307056,5.888196608391013,0.3532072024129238,0,,,,false,false,false
reef-l40-microscopy-discovery-3667908,ed3af1fb32a16b0b26d5,opencell-dna,gpu,discard,blosc-lz4,3,bit,"[1,256,512]",262144,65536,262144,9e4e122f101bf994933d,fa3add4184094fec040f,2.079753451307056,5.022678747796631,0.4140725608261151,0,,,,false,false,false
reef-l40-microscopy-discovery-3667908,ed3af1fb32a16b0b26d5,opencell-dna,gpu,discard,blosc-zstd,3,bit,"[1,128,256]",65536,16384,65536,3c9b090a594119eec03f,14aa2c856ead6e5bbb93,3.3536460845184846,2.8351942379571016,1.1828629021674908,0,,,,false,false,false
reef-l40-microscopy-discovery-3667908,ed3af1fb32a16b0b26d5,opencell-dna,gpu,discard,blosc-lz4,3,bit,"[1,128,256]",65536,16384,65536,9c0d3bcb7f03f026f6f0,29e8a1f34a2f687c9991,7.7683060338256755,5.925931779388646,1.3109003483376414,0,,,,false,false,false
