study_id,comparison_group,configuration_id,input_id,backend,worker_threads,sink,chunk_shape,codec,requested_duration_s,observations,first_run_id,last_run_id,first_gibs,last_gibs,last_over_first,median_gibs,min_gibs,max_gibs,observed_spread_percent,current_report_selected,run_ids
reef-l40-microscopy-discovery-3667908,00b269aaaae52033aba2,18b395d09c582cd2,cosem-cos7-em,gpu,4,discard,"[1,512,512]",blosc-zstd,8.0,4,reef-l40-microscopy-discovery-3667908/execution-0274,reef-l40-microscopy-discovery-3667908/execution-0300,4.153446335695793,4.158801856958472,1.001289416265392,4.155833808649707,4.153446335695793,4.158801856958472,0.1288675512368265,false,"[""reef-l40-microscopy-discovery-3667908/execution-0274"",""reef-l40-microscopy-discovery-3667908/execution-0287"",""reef-l40-microscopy-discovery-3667908/execution-0288"",""reef-l40-microscopy-discovery-3667908/execution-0300""]"
reef-l40-final-confirmation-3704091,01ab07e818ca148d0752,cffda44fcc84f9db,cosem-cos7-em,gpu,4,discard,"[4,256,256]",none,8.0,2,reef-l40-final-confirmation-3704091/execution-0008,reef-l40-final-confirmation-3704091/execution-0262,19.607473776546172,19.607030323010754,0.9999773834436566,19.607252049778463,19.607030323010754,19.607473776546172,0.0022616812100544692,true,"[""reef-l40-final-confirmation-3704091/execution-0008"",""reef-l40-final-confirmation-3704091/execution-0262""]"
reef-l40-microscopy-discovery-3667908,02645f1098b5034ba809,cf82bca425a9ab81,opencell-dna,gpu,4,discard,"[1,256,512]",blosc-lz4,8.0,4,reef-l40-microscopy-discovery-3667908/execution-0374,reef-l40-microscopy-discovery-3667908/execution-0400,2.1039424016728216,2.10377002458621,0.999918069483996,2.1037693862052507,2.1034974710662704,2.1039424016728216,0.021149210054521386,false,"[""reef-l40-microscopy-discovery-3667908/execution-0374"",""reef-l40-microscopy-discovery-3667908/execution-0387"",""reef-l40-microscopy-discovery-3667908/execution-0388"",""reef-l40-microscopy-discovery-3667908/execution-0400""]"
reef-turin-microscopy-workers-3708156,0b87fcd0f298fa1b7fca,1d98de710de8f67e,bbbc022-mito,cpu,4,fs,"[4,128,256]",none,8.0,1,reef-turin-microscopy-workers-3708156/execution-0004,reef-turin-microscopy-workers-3708156/execution-0004,3.103796200387739,3.103796200387739,1.0,3.103796200387739,3.103796200387739,3.103796200387739,0.0,false,"[""reef-turin-microscopy-workers-3708156/execution-0004""]"
reef-turin-microscopy-pareto-transfer-3710982,10b52c5871c22773bf76,0f9acc52376a671c,dynacell-a549-phase,cpu,32,discard,"[1,64,64]",none,8.0,2,reef-turin-microscopy-pareto-transfer-3710982/execution-0001,reef-turin-microscopy-pareto-transfer-3710982/execution-0266,20.69039822215008,20.8257571576662,1.0065421135960164,20.75807768990814,20.69039822215008,20.8257571576662,0.6520783742028607,true,"[""reef-turin-microscopy-pareto-transfer-3710982/execution-0001"",""reef-turin-microscopy-pareto-transfer-3710982/execution-0266""]"
reef-l40-microscopy-workers-3708541,1156e25309990cac04d1,412980c6c8ffb4c0,dynacell-a549-phase,gpu,4,discard,"[4,128,128]",none,8.0,2,reef-l40-microscopy-workers-3708541/execution-0005,reef-l40-microscopy-workers-3708541/execution-0110,20.01619121607933,19.945539449758968,0.9964702692156734,19.98086533291915,19.945539449758968,20.01619121607933,0.35359712976976143,false,"[""reef-l40-microscopy-workers-3708541/execution-0005"",""reef-l40-microscopy-workers-3708541/execution-0110""]"
reef-l40-final-transfer-3702747,11a433d1d53f8ddd4d10,982895af0f69e090,bbbc010-brightfield,gpu,4,discard,"[1,64,128]",none,8.0,2,reef-l40-final-transfer-3702747/execution-0020,reef-l40-final-transfer-3702747/execution-0233,15.434979990873801,15.449460269591153,1.0009381469056593,15.442220130232478,15.434979990873801,15.449460269591153,0.0937707052174637,true,"[""reef-l40-final-transfer-3702747/execution-0020"",""reef-l40-final-transfer-3702747/execution-0233""]"
reef-l40-microscopy-discovery-3667908,12ba9758d41deeafc0a9,7059f4f73a89ac82,bbbc010-brightfield,cpu,4,discard,"[1,256,512]",zstd,8.0,4,reef-l40-microscopy-discovery-3667908/execution-0174,reef-l40-microscopy-discovery-3667908/execution-0246,0.5640518297209026,0.5723521204080426,1.0147154751563292,0.5700173714617678,0.5640518297209026,0.5738565389056869,1.7200719970412144,false,"[""reef-l40-microscopy-discovery-3667908/execution-0174"",""reef-l40-microscopy-discovery-3667908/execution-0211"",""reef-l40-microscopy-discovery-3667908/execution-0212"",""reef-l40-microscopy-discovery-3667908/execution-0246""]"
reef-l40-final-refinement-3704091,13576dc79a21ebb7fe23,779b1e4b83699f81,dynacell-a549-phase,gpu,4,fs,"[1,64,64]",none,8.0,2,reef-l40-final-refinement-3704091/execution-0001,reef-l40-final-refinement-3704091/execution-0052,5.719250945444658,6.377190171068897,1.115039404967583,6.048220558256778,5.719250945444658,6.377190171068897,10.878228055457534,true,"[""reef-l40-final-refinement-3704091/execution-0001"",""reef-l40-final-refinement-3704091/execution-0052""]"
reef-turin-microscopy-workers-3708156,1689e86e0b6696b06669,c49c38e734ea3a67,opencell-dna,cpu,4,discard,"[4,128,256]",none,8.0,1,reef-turin-microscopy-workers-3708156/execution-0007,reef-turin-microscopy-workers-3708156/execution-0007,5.222971709641817,5.222971709641817,1.0,5.222971709641817,5.222971709641817,5.222971709641817,0.0,false,"[""reef-turin-microscopy-workers-3708156/execution-0007""]"
reef-l40-final-transfer-3702747,170e75bad1dacfde153e,5e9cfc60d14b0dce,jump-scope-fluorescence,cpu,4,fs,"[1,64,128]",none,8.0,2,reef-l40-final-transfer-3702747/execution-0008,reef-l40-final-transfer-3702747/execution-0224,2.3079981734862667,2.2906651848469646,0.9924900336410923,2.299331679166616,2.2906651848469646,2.3079981734862667,0.7538272445141269,false,"[""reef-l40-final-transfer-3702747/execution-0008"",""reef-l40-final-transfer-3702747/execution-0224""]"
reef-l40-microscopy-pilot-3667862,1712848705221d12af90,749cbca8def45c3c,bbbc010-brightfield,gpu,4,discard,"[1,256,512]",zstd,8.0,2,reef-l40-microscopy-pilot-3667862/execution-0007,reef-l40-microscopy-pilot-3667862/execution-0012,0.7720903851413015,0.772007738218836,0.9998929569334678,0.7720490616800687,0.772007738218836,0.7720903851413015,0.010704879594784182,false,"[""reef-l40-microscopy-pilot-3667862/execution-0007"",""reef-l40-microscopy-pilot-3667862/execution-0012""]"
reef-l40-filesystem-screen-3689339,17fa43e05a93d9e97150,2876513d45ff6833,cosem-cos7-em,cpu,4,fs,"[4,256,256]",none,8.0,6,reef-l40-filesystem-screen-3689339/execution-0004,reef-l40-filesystem-screen-3689339/execution-0299,1.6541474840481385,1.6580109535586922,1.0023356257817464,1.6547686704112787,1.6518665113605646,1.6706633494046987,1.1359193813756656,false,"[""reef-l40-filesystem-screen-3689339/execution-0004"",""reef-l40-filesystem-screen-3689339/execution-0098"",""reef-l40-filesystem-screen-3689339/execution-0102"",""reef-l40-filesystem-screen-3689339/execution-0198"",""reef-l40-filesystem-screen-3689339/execution-0204"",""reef-l40-filesystem-screen-3689339/execution-0299""]"
reef-l40-microscopy-pilot-3667862,196e425e538da6ff52f5,b0a3c94c4cbfc2b4,opencell-dna,cpu,4,discard,"[1,256,512]",blosc-lz4,8.0,2,reef-l40-microscopy-pilot-3667862/execution-0001,reef-l40-microscopy-pilot-3667862/execution-0006,1.3114122777846795,1.2877363514005056,0.9819462370566113,1.2995743145925926,1.2877363514005056,1.3114122777846795,1.8218216625492605,false,"[""reef-l40-microscopy-pilot-3667862/execution-0001"",""reef-l40-microscopy-pilot-3667862/execution-0006""]"
reef-l40-microscopy-workers-3708541,19f2ff05060d4b1b0382,025ba0ea1909a497,opencell-dna,gpu,4,fs,"[4,128,256]",none,8.0,2,reef-l40-microscopy-workers-3708541/execution-0008,reef-l40-microscopy-workers-3708541/execution-0109,3.371499255470307,2.957833773096655,0.8773051835314887,3.164666514283481,2.957833773096655,3.371499255470307,13.07137673137452,false,"[""reef-l40-microscopy-workers-3708541/execution-0008"",""reef-l40-microscopy-workers-3708541/execution-0109""]"
reef-turin-microscopy-workers-3708156,1a50e696137bf8eaf63e,cb4a4c7b991eee4e,bbbc010-brightfield,cpu,4,fs,"[4,128,256]",none,8.0,1,reef-turin-microscopy-workers-3708156/execution-0001,reef-turin-microscopy-workers-3708156/execution-0001,3.920618819025153,3.920618819025153,1.0,3.920618819025153,3.920618819025153,3.920618819025153,0.0,false,"[""reef-turin-microscopy-workers-3708156/execution-0001""]"
reef-turin-microscopy-pareto-3710801,1ac6ec108c31a874af40,e73d56845aeaa7fd,dynacell-a549-phase,cpu,32,discard,"[4,128,128]",none,8.0,1,reef-turin-microscopy-pareto-3710801/execution-0008,reef-turin-microscopy-pareto-3710801/execution-0008,25.600762243561615,25.600762243561615,1.0,25.600762243561615,25.600762243561615,25.600762243561615,0.0,false,"[""reef-turin-microscopy-pareto-3710801/execution-0008""]"
reef-l40-microscopy-workers-3708541,1bd95aa3262cf0a219be,c7dde749208e0331,bbbc010-brightfield,gpu,4,fs,"[4,128,256]",none,8.0,2,reef-l40-microscopy-workers-3708541/execution-0001,reef-l40-microscopy-workers-3708541/execution-0102,3.510358968227415,3.6829713670452406,1.0491722927427527,3.5966651676363277,3.510358968227415,3.6829713670452406,4.79923459017075,false,"[""reef-l40-microscopy-workers-3708541/execution-0001"",""reef-l40-microscopy-workers-3708541/execution-0102""]"
reef-l40-final-confirmation-3704091,1bdefb5f215b2de5efe3,2876513d45ff6833,cosem-cos7-em,cpu,4,fs,"[4,256,256]",none,8.0,2,reef-l40-final-confirmation-3704091/execution-0002,reef-l40-final-confirmation-3704091/execution-0266,1.6689020215777703,1.6668979541839097,0.998799170132249,1.66789998788084,1.6668979541839097,1.6689020215777703,0.12015512970935915,false,"[""reef-l40-final-confirmation-3704091/execution-0002"",""reef-l40-final-confirmation-3704091/execution-0266""]"
reef-l40-microscopy-sinks-3671242,22291c87e15b801d1b5d,01cfb67fbf68e82e,bbbc010-brightfield,gpu,4,fs,"[1,128,256]",zstd,8.0,4,reef-l40-microscopy-sinks-3671242/execution-0002,reef-l40-microscopy-sinks-3671242/execution-0414,3.372844313570537,3.3562977062674086,0.9950941680775026,3.3528766835811714,3.3332121883273027,3.372844313570537,1.1820334889532373,false,"[""reef-l40-microscopy-sinks-3671242/execution-0002"",""reef-l40-microscopy-sinks-3671242/execution-0203"",""reef-l40-microscopy-sinks-3671242/execution-0216"",""reef-l40-microscopy-sinks-3671242/execution-0414""]"
reef-l40-microscopy-pilot-3667862,236def5137ddee01e23c,18b395d09c582cd2,cosem-cos7-em,gpu,4,discard,"[1,512,512]",blosc-zstd,8.0,2,reef-l40-microscopy-pilot-3667862/execution-0031,reef-l40-microscopy-pilot-3667862/execution-0036,4.1518449372372235,4.154451609287781,1.0006278346349544,4.153148273262502,4.1518449372372235,4.154451609287781,0.06276376086399307,false,"[""reef-l40-microscopy-pilot-3667862/execution-0031"",""reef-l40-microscopy-pilot-3667862/execution-0036""]"
reef-l40-final-discard-3702747,260e2e640acdef3d4b55,4ff82ac8b3cc4ede,bbbc022-mito,cpu,4,discard,"[4,128,256]",none,8.0,4,reef-l40-final-discard-3702747/execution-0001,reef-l40-final-discard-3702747/execution-0199,2.7675124363092416,2.8147564997661982,1.0170709489276808,2.8097396276981814,2.7675124363092416,2.815206765510391,1.6974643746695457,false,"[""reef-l40-final-discard-3702747/execution-0001"",""reef-l40-final-discard-3702747/execution-0100"",""reef-l40-final-discard-3702747/execution-0102"",""reef-l40-final-discard-3702747/execution-0199""]"
reef-l40-filesystem-screen-3689339,2653f73717a09ad36c68,4c68c812d6eb2765,cosem-cos7-em,gpu,4,fs,"[4,256,256]",none,8.0,6,reef-l40-filesystem-screen-3689339/execution-0003,reef-l40-filesystem-screen-3689339/execution-0298,4.129410635338734,5.580001182696568,1.3512827072570475,4.606578472817384,3.44512429436089,5.580001182696568,46.344090325025704,false,"[""reef-l40-filesystem-screen-3689339/execution-0003"",""reef-l40-filesystem-screen-3689339/execution-0097"",""reef-l40-filesystem-screen-3689339/execution-0101"",""reef-l40-filesystem-screen-3689339/execution-0197"",""reef-l40-filesystem-screen-3689339/execution-0202"",""reef-l40-filesystem-screen-3689339/execution-0298""]"
reef-l40-final-confirmation-3704091,2bef96f2e9e8b6ab4c4e,e420ddf89da8cd45,bbbc022-mito,cpu,4,fs,"[4,128,256]",none,8.0,2,reef-l40-final-confirmation-3704091/execution-0005,reef-l40-final-confirmation-3704091/execution-0264,1.9444548833318038,1.9360905983606915,0.995698390822635,1.9402727408462477,1.9360905983606915,1.9444548833318038,0.43108810400872966,false,"[""reef-l40-final-confirmation-3704091/execution-0005"",""reef-l40-final-confirmation-3704091/execution-0264""]"
reef-l40-microscopy-pilot-3667862,2e3cd2b06dda8f419b50,c4ef531aae37aabd,cosem-cos7-em,cpu,4,discard,"[1,512,512]",blosc-zstd,8.0,2,reef-l40-microscopy-pilot-3667862/execution-0013,reef-l40-microscopy-pilot-3667862/execution-0018,3.2308073872527965,3.2436111708925854,1.0039630290837847,3.237209279072691,3.2308073872527965,3.2436111708925854,0.3955191813689797,false,"[""reef-l40-microscopy-pilot-3667862/execution-0013"",""reef-l40-microscopy-pilot-3667862/execution-0018""]"
reef-l40-microscopy-sinks-3671242,2e4ff25c00b66ab119c1,444d0d599aaccc0a,bbbc010-brightfield,gpu,4,discard,"[1,128,256]",zstd,8.0,4,reef-l40-microscopy-sinks-3671242/execution-0004,reef-l40-microscopy-sinks-3671242/execution-0412,3.4135600295293798,3.415306557577058,1.000511644158172,3.413434921044506,3.4039322365009834,3.415306557577058,0.33322214540988193,false,"[""reef-l40-microscopy-sinks-3671242/execution-0004"",""reef-l40-microscopy-sinks-3671242/execution-0204"",""reef-l40-microscopy-sinks-3671242/execution-0215"",""reef-l40-microscopy-sinks-3671242/execution-0412""]"
reef-l40-final-transfer-3702747,31dde40f38bb0e06d10d,d3afa0d420c3622f,bbbc010-brightfield,gpu,4,fs,"[1,64,128]",none,8.0,2,reef-l40-final-transfer-3702747/execution-0016,reef-l40-final-transfer-3702747/execution-0228,3.8614901311749383,3.20193582291682,0.8291969457766204,3.5317129770458795,3.20193582291682,3.8614901311749383,18.67519564995358,true,"[""reef-l40-final-transfer-3702747/execution-0016"",""reef-l40-final-transfer-3702747/execution-0228""]"
reef-l40-final-refinement-3704091,350911a424c76d39bf3c,c326d711da915c04,dynacell-a549-phase,gpu,4,discard,"[1,64,64]",none,8.0,2,reef-l40-final-refinement-3704091/execution-0002,reef-l40-final-refinement-3704091/execution-0051,18.975795883973746,18.930952007004738,0.9976367854479884,18.95337394548924,18.930952007004738,18.975795883973746,0.23660102469344424,true,"[""reef-l40-final-refinement-3704091/execution-0002"",""reef-l40-final-refinement-3704091/execution-0051""]"
reef-l40-microscopy-discovery-3667908,354c49c333be3bd06fa2,749cbca8def45c3c,bbbc010-brightfield,gpu,4,discard,"[1,256,512]",zstd,8.0,4,reef-l40-microscopy-discovery-3667908/execution-0074,reef-l40-microscopy-discovery-3667908/execution-0100,0.7675380864046628,0.7681681838885064,1.0008209331823454,0.7705713802995732,0.7675380864046628,0.773381375132798,0.7583059632792928,false,"[""reef-l40-microscopy-discovery-3667908/execution-0074"",""reef-l40-microscopy-discovery-3667908/execution-0087"",""reef-l40-microscopy-discovery-3667908/execution-0088"",""reef-l40-microscopy-discovery-3667908/execution-0100""]"
reef-turin-microscopy-pareto-3710801,359f33d41f111be8f383,d8c5728d70daa86d,cosem-cos7-em,cpu,32,discard,"[4,256,256]",none,8.0,1,reef-turin-microscopy-pareto-3710801/execution-0001,reef-turin-microscopy-pareto-3710801/execution-0001,12.237259433731458,12.237259433731458,1.0,12.237259433731458,12.237259433731458,12.237259433731458,0.0,false,"[""reef-turin-microscopy-pareto-3710801/execution-0001""]"
reef-l40-final-discard-3702747,3cfea020c9280e73f172,cffda44fcc84f9db,cosem-cos7-em,gpu,4,discard,"[4,256,256]",none,8.0,4,reef-l40-final-discard-3702747/execution-0003,reef-l40-final-discard-3702747/execution-0197,19.954701724776733,19.919081171414142,0.9982149293006789,20.02446193692019,19.919081171414142,20.120877440576397,1.0077487714673234,false,"[""reef-l40-final-discard-3702747/execution-0003"",""reef-l40-final-discard-3702747/execution-0097"",""reef-l40-final-discard-3702747/execution-0104"",""reef-l40-final-discard-3702747/execution-0197""]"
reef-l40-final-transfer-3702747,3e4b422519e788278014,a2097c39000a7504,opencell-dna,gpu,4,fs,"[1,64,128]",none,8.0,2,reef-l40-final-transfer-3702747/execution-0013,reef-l40-final-transfer-3702747/execution-0238,3.5347630979915112,4.061788580087295,1.149097822820218,3.7982758390394027,3.5347630979915112,4.061788580087295,13.875387265951437,true,"[""reef-l40-final-transfer-3702747/execution-0013"",""reef-l40-final-transfer-3702747/execution-0238""]"
reef-l40-final-transfer-3702747,40cc0d66eeca69c3a75b,05b367e7f7c4e0b0,jump-scope-fluorescence,gpu,4,fs,"[1,64,128]",none,8.0,2,reef-l40-final-transfer-3702747/execution-0014,reef-l40-final-transfer-3702747/execution-0231,4.763061334578805,3.8404843970631615,0.8063058875983955,4.3017728658209835,3.8404843970631615,4.763061334578805,21.446435371932914,true,"[""reef-l40-final-transfer-3702747/execution-0014"",""reef-l40-final-transfer-3702747/execution-0231""]"
reef-l40-final-transfer-3702747,41d883cadffad6352222,7640fe507c901d25,opencell-protein,cpu,4,discard,"[1,64,128]",none,8.0,2,reef-l40-final-transfer-3702747/execution-0009,reef-l40-final-transfer-3702747/execution-0225,2.9215409772889753,2.923398774529581,1.0006358963488953,2.922469875909278,2.9215409772889753,2.923398774529581,0.06356942310749154,false,"[""reef-l40-final-transfer-3702747/execution-0009"",""reef-l40-final-transfer-3702747/execution-0225""]"
reef-l40-final-transfer-3702747,46e8c0762222985e96b7,0b4ac787a45568bb,jump-scope-fluorescence,cpu,4,discard,"[1,64,128]",none,8.0,2,reef-l40-final-transfer-3702747/execution-0001,reef-l40-final-transfer-3702747/execution-0240,3.2056778171306943,3.175026920542742,0.9904385598502263,3.1903523688367184,3.175026920542742,3.2056778171306943,0.9607370297823393,false,"[""reef-l40-final-transfer-3702747/execution-0001"",""reef-l40-final-transfer-3702747/execution-0240""]"
reef-turin-microscopy-workers-3708156,49d3c51538b283541acd,141fd9dcf6475754,cosem-cos7-em,cpu,4,fs,"[4,256,256]",none,8.0,1,reef-turin-microscopy-workers-3708156/execution-0006,reef-turin-microscopy-workers-3708156/execution-0006,2.5233190238987606,2.5233190238987606,1.0,2.5233190238987606,2.5233190238987606,2.5233190238987606,0.0,false,"[""reef-turin-microscopy-workers-3708156/execution-0006""]"
reef-l40-microscopy-workers-3708541,4a4be61ba6b14f510923,f641fc33ff86954d,cosem-cos7-em,gpu,4,discard,"[4,256,256]",none,8.0,2,reef-l40-microscopy-workers-3708541/execution-0009,reef-l40-microscopy-workers-3708541/execution-0104,19.560567617383985,19.752861228846367,1.0098306764519187,19.656714423115176,19.560567617383985,19.752861228846367,0.9782591704962453,false,"[""reef-l40-microscopy-workers-3708541/execution-0009"",""reef-l40-microscopy-workers-3708541/execution-0104""]"
reef-l40-final-transfer-3702747,4b561f35b3a964968bf7,b837435760898245,dynacell-a549-phase,cpu,4,fs,"[1,64,64]",none,8.0,2,reef-l40-final-transfer-3702747/execution-0002,reef-l40-final-transfer-3702747/execution-0230,3.7070842325380813,3.6606920124455486,0.9874855230735424,3.683888122491815,3.6606920124455486,3.7070842325380813,1.2593276057784437,false,"[""reef-l40-final-transfer-3702747/execution-0002"",""reef-l40-final-transfer-3702747/execution-0230""]"
reef-l40-final-discard-3702747,4e3697aa9c7592bd0aa6,84c6ee7893e1103b,cosem-cos7-em,cpu,4,discard,"[4,256,256]",none,8.0,4,reef-l40-final-discard-3702747/execution-0002,reef-l40-final-discard-3702747/execution-0198,2.2219160337062926,2.2574983903060946,1.0160142669930008,2.244303405799476,2.2219160337062926,2.2574983903060946,1.5854521500013765,false,"[""reef-l40-final-discard-3702747/execution-0002"",""reef-l40-final-discard-3702747/execution-0099"",""reef-l40-final-discard-3702747/execution-0101"",""reef-l40-final-discard-3702747/execution-0198""]"
reef-l40-final-transfer-3702747,502af5ed65554afe04a0,1b3eb78f0e270002,opencell-protein,gpu,4,fs,"[1,64,128]",none,8.0,2,reef-l40-final-transfer-3702747/execution-0010,reef-l40-final-transfer-3702747/execution-0232,4.503935578176605,3.6146440582314283,0.8025523446085342,4.059289818204016,3.6146440582314283,4.503935578176605,21.90756412506246,true,"[""reef-l40-final-transfer-3702747/execution-0010"",""reef-l40-final-transfer-3702747/execution-0232""]"
reef-turin-microscopy-workers-3708156,550347f8cbced3777be3,6ac260d33c880026,dynacell-a549-phase,cpu,4,fs,"[4,128,128]",none,8.0,1,reef-turin-microscopy-workers-3708156/execution-0010,reef-turin-microscopy-workers-3708156/execution-0010,3.3341137487524293,3.3341137487524293,1.0,3.3341137487524293,3.3341137487524293,3.3341137487524293,0.0,false,"[""reef-turin-microscopy-workers-3708156/execution-0010""]"
reef-turin-microscopy-workers-3708156,5a081d796a0887f3a175,b9f808da88d9bc0c,opencell-dna,cpu,4,fs,"[4,128,256]",none,8.0,1,reef-turin-microscopy-workers-3708156/execution-0008,reef-turin-microscopy-workers-3708156/execution-0008,2.60467776748085,2.60467776748085,1.0,2.60467776748085,2.60467776748085,2.60467776748085,0.0,false,"[""reef-turin-microscopy-workers-3708156/execution-0008""]"
reef-turin-microscopy-workers-3708278,61165521dde7b50682a1,d8c5728d70daa86d,cosem-cos7-em,cpu,32,discard,"[4,256,256]",none,8.0,2,reef-turin-microscopy-workers-3708278/execution-0009,reef-turin-microscopy-workers-3708278/execution-0104,12.328726593028367,12.718588539263273,1.031622239595723,12.52365756614582,12.328726593028367,12.718588539263273,3.1130038822587043,false,"[""reef-turin-microscopy-workers-3708278/execution-0009"",""reef-turin-microscopy-workers-3708278/execution-0104""]"
reef-turin-microscopy-pareto-transfer-3710982,63a8a16cc64f5853ff46,b6275128cdfe498a,opencell-dna,cpu,32,fs,"[1,64,128]",none,8.0,2,reef-turin-microscopy-pareto-transfer-3710982/execution-0004,reef-turin-microscopy-pareto-transfer-3710982/execution-0264,3.3807896664853048,3.238346577944591,0.9578669179118738,3.309568122214948,3.238346577944591,3.3807896664853048,4.303978140972155,true,"[""reef-turin-microscopy-pareto-transfer-3710982/execution-0004"",""reef-turin-microscopy-pareto-transfer-3710982/execution-0264""]"
reef-l40-final-confirmation-3704091,649f1792ba960707dcf7,84c6ee7893e1103b,cosem-cos7-em,cpu,4,discard,"[4,256,256]",none,8.0,2,reef-l40-final-confirmation-3704091/execution-0003,reef-l40-final-confirmation-3704091/execution-0263,2.2249084503269563,2.259791158277447,1.0156782666474948,2.2423498043022017,2.2249084503269563,2.259791158277447,1.5556318592025353,false,"[""reef-l40-final-confirmation-3704091/execution-0003"",""reef-l40-final-confirmation-3704091/execution-0263""]"
reef-l40-microscopy-discovery-3667908,660c9b58252b7c014d71,c4ef531aae37aabd,cosem-cos7-em,cpu,4,discard,"[1,512,512]",blosc-zstd,8.0,4,reef-l40-microscopy-discovery-3667908/execution-0101,reef-l40-microscopy-discovery-3667908/execution-0173,3.219268052607771,3.2440923620779447,1.0077111657260305,3.2457269404219735,3.219268052607771,3.2571636119366847,1.1675522933542548,false,"[""reef-l40-microscopy-discovery-3667908/execution-0101"",""reef-l40-microscopy-discovery-3667908/execution-0138"",""reef-l40-microscopy-discovery-3667908/execution-0139"",""reef-l40-microscopy-discovery-3667908/execution-0173""]"
reef-turin-microscopy-pareto-transfer-3710982,67dffa0cc593a567f234,f1730e1101c5ab78,dynacell-a549-phase,cpu,32,fs,"[1,64,64]",none,8.0,2,reef-turin-microscopy-pareto-transfer-3710982/execution-0009,reef-turin-microscopy-pareto-transfer-3710982/execution-0268,4.412320132656367,3.5155686326049462,0.7967619136665984,3.9639443826306566,3.5155686326049462,4.412320132656367,22.622706412855752,true,"[""reef-turin-microscopy-pareto-transfer-3710982/execution-0009"",""reef-turin-microscopy-pareto-transfer-3710982/execution-0268""]"
reef-turin-microscopy-workers-3708278,68f17a1b04571046441f,0b1b761d06511af4,opencell-dna,cpu,32,fs,"[4,128,256]",none,8.0,2,reef-turin-microscopy-workers-3708278/execution-0008,reef-turin-microscopy-workers-3708278/execution-0109,2.221420153841358,3.2026617305013185,1.4417181391656877,2.7120409421713383,2.221420153841358,3.2026617305013185,36.18092785407399,false,"[""reef-turin-microscopy-workers-3708278/execution-0008"",""reef-turin-microscopy-workers-3708278/execution-0109""]"
reef-l40-final-transfer-3702747,69bb246d9a2d9e09c781,622b534795f4cf92,opencell-dna,gpu,4,discard,"[1,64,128]",none,8.0,2,reef-l40-final-transfer-3702747/execution-0005,reef-l40-final-transfer-3702747/execution-0221,16.562696291509372,16.586421918237008,1.0014324736932958,16.574559104873188,16.562696291509372,16.586421918237008,0.1431448437181057,true,"[""reef-l40-final-transfer-3702747/execution-0005"",""reef-l40-final-transfer-3702747/execution-0221""]"
reef-l40-microscopy-discovery-3667908,6cf7540f80acdbc5fc96,6f511d5541c16e67,dynacell-a549-phase,cpu,4,discard,"[1,256,256]",lz4,8.0,4,reef-l40-microscopy-discovery-3667908/execution-0301,reef-l40-microscopy-discovery-3667908/execution-0373,5.081729647249447,5.107052450695182,1.0049831071708903,5.088961303801084,5.080375627619057,5.107052450695182,0.5242095878425934,false,"[""reef-l40-microscopy-discovery-3667908/execution-0301"",""reef-l40-microscopy-discovery-3667908/execution-0338"",""reef-l40-microscopy-discovery-3667908/execution-0339"",""reef-l40-microscopy-discovery-3667908/execution-0373""]"
reef-turin-microscopy-workers-3708278,6efd058dd4300f58d19e,b27d7b7a04c7e61f,bbbc010-brightfield,cpu,32,discard,"[4,128,256]",none,8.0,2,reef-turin-microscopy-workers-3708278/execution-0003,reef-turin-microscopy-workers-3708278/execution-0106,12.372609330709917,13.533828420512863,1.0938540172702858,12.953218875611391,12.372609330709917,13.533828420512863,8.964714492621718,false,"[""reef-turin-microscopy-workers-3708278/execution-0003"",""reef-turin-microscopy-workers-3708278/execution-0106""]"
reef-turin-microscopy-pareto-core-3710982,6fb96c3c0dbdbd071fcd,80e25f95c5f860a2,cosem-cos7-em,cpu,32,fs,"[4,256,256]",none,8.0,2,reef-turin-microscopy-pareto-core-3710982/execution-0001,reef-turin-microscopy-pareto-core-3710982/execution-0156,5.05279642324308,5.2017580051032475,1.0294810179121678,5.127277214173164,5.05279642324308,5.2017580051032475,2.905276536411908,true,"[""reef-turin-microscopy-pareto-core-3710982/execution-0001"",""reef-turin-microscopy-pareto-core-3710982/execution-0156""]"
reef-turin-microscopy-pareto-3710801,7e08c89f4679b560b331,98071aec581016f1,opencell-protein,cpu,32,discard,"[4,128,256]",none,8.0,1,reef-turin-microscopy-pareto-3710801/execution-0006,reef-turin-microscopy-pareto-3710801/execution-0006,14.369779486915512,14.369779486915512,1.0,14.369779486915512,14.369779486915512,14.369779486915512,0.0,false,"[""reef-turin-microscopy-pareto-3710801/execution-0006""]"
reef-turin-microscopy-workers-3708278,801c63e39c0c3e8a6a73,24a2869d359c07c2,bbbc022-mito,cpu,32,fs,"[4,128,256]",none,8.0,2,reef-turin-microscopy-workers-3708278/execution-0004,reef-turin-microscopy-workers-3708278/execution-0101,3.384916833092045,3.5961973398322344,1.0624182268452338,3.4905570864621396,3.384916833092045,3.5961973398322344,6.052916526121996,false,"[""reef-turin-microscopy-workers-3708278/execution-0004"",""reef-turin-microscopy-workers-3708278/execution-0101""]"
reef-turin-microscopy-pareto-transfer-3710982,81d4e3757d19a70ce7b8,0d277c5f44ca984c,bbbc010-brightfield,cpu,32,discard,"[1,64,128]",none,8.0,2,reef-turin-microscopy-pareto-transfer-3710982/execution-0003,reef-turin-microscopy-pareto-transfer-3710982/execution-0263,13.931317249964522,14.894408606479754,1.069131392188896,14.412862928222138,13.931317249964522,14.894408606479754,6.682165516397037,true,"[""reef-turin-microscopy-pareto-transfer-3710982/execution-0003"",""reef-turin-microscopy-pareto-transfer-3710982/execution-0263""]"
reef-turin-microscopy-pareto-3710801,833630254402a8ea84eb,3fb9563ddba50783,opencell-dna,cpu,32,discard,"[4,128,256]",none,8.0,1,reef-turin-microscopy-pareto-3710801/execution-0002,reef-turin-microscopy-pareto-3710801/execution-0002,14.66648221264294,14.66648221264294,1.0,14.66648221264294,14.66648221264294,14.66648221264294,0.0,false,"[""reef-turin-microscopy-pareto-3710801/execution-0002""]"
reef-turin-microscopy-pareto-3710801,83ef86be5f209ef171ab,bc5756243536794e,bbbc010-brightfield,cpu,32,fs,"[4,128,256]",none,8.0,1,reef-turin-microscopy-pareto-3710801/execution-0004,reef-turin-microscopy-pareto-3710801/execution-0004,2.79793666289759,2.79793666289759,1.0,2.79793666289759,2.79793666289759,2.79793666289759,0.0,false,"[""reef-turin-microscopy-pareto-3710801/execution-0004""]"
reef-l40-microscopy-pilot-3667862,8aa56f8ba1cca3f0f4f1,c8ab4272ddb917d8,dynacell-a549-phase,gpu,4,discard,"[1,256,256]",lz4,8.0,2,reef-l40-microscopy-pilot-3667862/execution-0025,reef-l40-microscopy-pilot-3667862/execution-0030,3.1097718315185627,3.1215754637956454,1.0037956586259638,3.115673647657104,3.1097718315185627,3.1215754637956454,0.3788468758901847,false,"[""reef-l40-microscopy-pilot-3667862/execution-0025"",""reef-l40-microscopy-pilot-3667862/execution-0030""]"
reef-turin-microscopy-pareto-3710801,8ce08fe92e7bbdb56941,51b0953c989ab50e,dynacell-a549-phase,cpu,32,fs,"[4,128,128]",none,8.0,1,reef-turin-microscopy-pareto-3710801/execution-0007,reef-turin-microscopy-pareto-3710801/execution-0007,4.414208693239493,4.414208693239493,1.0,4.414208693239493,4.414208693239493,4.414208693239493,0.0,false,"[""reef-turin-microscopy-pareto-3710801/execution-0007""]"
reef-l40-microscopy-workers-3708541,8d44f3ad59a897991d3d,ce0bfcea36488e0a,bbbc022-mito,gpu,4,fs,"[4,128,256]",none,8.0,2,reef-l40-microscopy-workers-3708541/execution-0004,reef-l40-microscopy-workers-3708541/execution-0101,2.947366703452926,3.2413196923532093,1.099734107926207,3.0943431979030676,2.947366703452926,3.2413196923532093,9.499689274915772,false,"[""reef-l40-microscopy-workers-3708541/execution-0004"",""reef-l40-microscopy-workers-3708541/execution-0101""]"
reef-l40-microscopy-pilot-3667862,8da903c5568299057a7c,7059f4f73a89ac82,bbbc010-brightfield,cpu,4,discard,"[1,256,512]",zstd,8.0,2,reef-l40-microscopy-pilot-3667862/execution-0019,reef-l40-microscopy-pilot-3667862/execution-0024,0.570801484975162,0.5695823818900002,0.9978642257995968,0.5701919334325811,0.5695823818900002,0.570801484975162,0.2138057404324831,false,"[""reef-l40-microscopy-pilot-3667862/execution-0019"",""reef-l40-microscopy-pilot-3667862/execution-0024""]"
reef-turin-microscopy-pareto-transfer-3710982,8f097d6c83c9f0536fe4,bffb9260718c8525,bbbc010-brightfield,cpu,32,fs,"[1,64,128]",none,8.0,2,reef-turin-microscopy-pareto-transfer-3710982/execution-0010,reef-turin-microscopy-pareto-transfer-3710982/execution-0271,2.6201631374350476,2.7062288612985763,1.0328474676381338,2.663195999366812,2.6201631374350476,2.7062288612985763,3.231670665020197,true,"[""reef-turin-microscopy-pareto-transfer-3710982/execution-0010"",""reef-turin-microscopy-pareto-transfer-3710982/execution-0271""]"
reef-l40-final-transfer-3702747,8f0ca542018ce8073742,d7be92218a743232,jump-scope-fluorescence,gpu,4,discard,"[1,64,128]",none,8.0,2,reef-l40-final-transfer-3702747/execution-0015,reef-l40-final-transfer-3702747/execution-0226,18.001062733179705,18.00426979553502,1.0001781596121768,18.002666264357362,18.001062733179705,18.00426979553502,0.017814374316680127,true,"[""reef-l40-final-transfer-3702747/execution-0015"",""reef-l40-final-transfer-3702747/execution-0226""]"
reef-turin-microscopy-pareto-core-3710982,9172ecfa89573d0af76c,d8c5728d70daa86d,cosem-cos7-em,cpu,32,discard,"[4,256,256]",none,8.0,2,reef-turin-microscopy-pareto-core-3710982/execution-0002,reef-turin-microscopy-pareto-core-3710982/execution-0155,12.744951493213442,12.639142832319893,0.9916979942254083,12.692047162766666,12.639142832319893,12.744951493213442,0.833661107121861,true,"[""reef-turin-microscopy-pareto-core-3710982/execution-0002"",""reef-turin-microscopy-pareto-core-3710982/execution-0155""]"
reef-turin-microscopy-workers-3708156,91e73ef88b4fdaf4fb7a,39ede8821c260ec5,bbbc010-brightfield,cpu,4,discard,"[4,128,256]",none,8.0,1,reef-turin-microscopy-workers-3708156/execution-0003,reef-turin-microscopy-workers-3708156/execution-0003,5.311307085876483,5.311307085876483,1.0,5.311307085876483,5.311307085876483,5.311307085876483,0.0,false,"[""reef-turin-microscopy-workers-3708156/execution-0003""]"
reef-turin-microscopy-workers-3708278,92040cd933fe6b619bad,3fb9563ddba50783,opencell-dna,cpu,32,discard,"[4,128,256]",none,8.0,2,reef-turin-microscopy-workers-3708278/execution-0007,reef-turin-microscopy-workers-3708278/execution-0107,14.427398422813141,15.891479137147918,1.101479190594731,15.15943877998053,14.427398422813141,15.891479137147918,9.657882033655717,false,"[""reef-turin-microscopy-workers-3708278/execution-0007"",""reef-turin-microscopy-workers-3708278/execution-0107""]"
reef-l40-final-transfer-3702747,928395065ea7d5166257,3b3e34c382d61cef,bbbc010-brightfield,cpu,4,fs,"[1,64,128]",none,8.0,2,reef-l40-final-transfer-3702747/execution-0011,reef-l40-final-transfer-3702747/execution-0234,1.9640990344179348,1.9673404891145527,1.0016503519628166,1.9657197617662439,1.9640990344179348,1.9673404891145527,0.16489912548396227,false,"[""reef-l40-final-transfer-3702747/execution-0011"",""reef-l40-final-transfer-3702747/execution-0234""]"
reef-l40-microscopy-sinks-3671242,944e1233537803ab83b1,a85401f2f6682bec,cosem-cos7-em,gpu,4,fs,"[1,512,512]",zstd,8.0,4,reef-l40-microscopy-sinks-3671242/execution-0006,reef-l40-microscopy-sinks-3671242/execution-0410,1.378213071381926,1.3543405115441123,0.9826786145527724,1.3917042721394313,1.3543405115441123,1.4578366022055385,7.43664388572468,false,"[""reef-l40-microscopy-sinks-3671242/execution-0006"",""reef-l40-microscopy-sinks-3671242/execution-0201"",""reef-l40-microscopy-sinks-3671242/execution-0214"",""reef-l40-microscopy-sinks-3671242/execution-0410""]"
reef-l40-final-confirmation-3704091,945a2a1edb7d0c908c85,4c68c812d6eb2765,cosem-cos7-em,gpu,4,fs,"[4,256,256]",none,8.0,2,reef-l40-final-confirmation-3704091/execution-0004,reef-l40-final-confirmation-3704091/execution-0267,4.291432968851775,5.362496567979251,1.2495818079651964,4.826964768415513,4.291432968851775,5.362496567979251,22.18917374611501,true,"[""reef-l40-final-confirmation-3704091/execution-0004"",""reef-l40-final-confirmation-3704091/execution-0267""]"
reef-l40-microscopy-sinks-3671242,9e20a9777ba012992bea,6d8453e4130a33a8,bbbc010-brightfield,cpu,4,fs,"[1,128,256]",zstd,8.0,4,reef-l40-microscopy-sinks-3671242/execution-0008,reef-l40-microscopy-sinks-3671242/execution-0413,0.5308319162697899,0.5038185665172624,0.9491112931898424,0.5077269558348565,0.5038185665172624,0.5308319162697899,5.3204482137666576,false,"[""reef-l40-microscopy-sinks-3671242/execution-0008"",""reef-l40-microscopy-sinks-3671242/execution-0208"",""reef-l40-microscopy-sinks-3671242/execution-0213"",""reef-l40-microscopy-sinks-3671242/execution-0413""]"
reef-turin-microscopy-pareto-transfer-3710982,9eb84eb340ac4fdffb94,5ae251e7e8ad56bf,opencell-protein,cpu,32,fs,"[1,64,128]",none,8.0,2,reef-turin-microscopy-pareto-transfer-3710982/execution-0006,reef-turin-microscopy-pareto-transfer-3710982/execution-0265,3.819050554329961,2.5974061040619785,0.6801182825708062,3.2082283291959697,2.5974061040619785,3.819050554329961,38.07847587251201,true,"[""reef-turin-microscopy-pareto-transfer-3710982/execution-0006"",""reef-turin-microscopy-pareto-transfer-3710982/execution-0265""]"
reef-l40-microscopy-workers-3708541,a00f17409748a953a766,a85ede33b8dfcc9c,opencell-dna,gpu,4,discard,"[4,128,256]",none,8.0,2,reef-l40-microscopy-workers-3708541/execution-0007,reef-l40-microscopy-workers-3708541/execution-0107,14.82997316183482,14.727887377321151,0.9931162529156567,14.778930269577986,14.727887377321151,14.82997316183482,0.6907521901217006,false,"[""reef-l40-microscopy-workers-3708541/execution-0007"",""reef-l40-microscopy-workers-3708541/execution-0107""]"
reef-turin-microscopy-pareto-3710801,a0b32bc3bdcfda1fdb1b,e7048cb3e211b61d,bbbc022-mito,cpu,32,discard,"[4,128,256]",none,8.0,1,reef-turin-microscopy-pareto-3710801/execution-0003,reef-turin-microscopy-pareto-3710801/execution-0003,13.79385445201823,13.79385445201823,1.0,13.79385445201823,13.79385445201823,13.79385445201823,0.0,false,"[""reef-turin-microscopy-pareto-3710801/execution-0003""]"
reef-l40-microscopy-workers-3708541,a0e6f2722c2e3e258867,836178dff2e21511,bbbc022-mito,gpu,4,discard,"[4,128,256]",none,8.0,2,reef-l40-microscopy-workers-3708541/execution-0002,reef-l40-microscopy-workers-3708541/execution-0108,14.895285739365171,14.845035525182825,0.9966264350304106,14.870160632273997,14.845035525182825,14.895285739365171,0.3379265054695123,false,"[""reef-l40-microscopy-workers-3708541/execution-0002"",""reef-l40-microscopy-workers-3708541/execution-0108""]"
reef-turin-microscopy-pareto-transfer-3710982,a689793d121b80c7394d,23178d1652212a0f,jump-scope-fluorescence,cpu,32,discard,"[1,64,128]",none,8.0,2,reef-turin-microscopy-pareto-transfer-3710982/execution-0008,reef-turin-microscopy-pareto-transfer-3710982/execution-0267,17.536290709736303,18.27791481569677,1.0422908195487837,17.907102762716537,17.536290709736303,18.27791481569677,4.1415080696614215,true,"[""reef-turin-microscopy-pareto-transfer-3710982/execution-0008"",""reef-turin-microscopy-pareto-transfer-3710982/execution-0267""]"
reef-turin-microscopy-workers-3708278,a7442a88c54654d055ca,e7048cb3e211b61d,bbbc022-mito,cpu,32,discard,"[4,128,256]",none,8.0,2,reef-turin-microscopy-workers-3708278/execution-0002,reef-turin-microscopy-workers-3708278/execution-0108,11.112772032091748,15.406731322338853,1.3863985761470585,13.2597516772153,11.112772032091748,15.406731322338853,32.383406528084286,false,"[""reef-turin-microscopy-workers-3708278/execution-0002"",""reef-turin-microscopy-workers-3708278/execution-0108""]"
reef-turin-microscopy-workers-3708278,a9b5d09dae4e2a560ac0,e73d56845aeaa7fd,dynacell-a549-phase,cpu,32,discard,"[4,128,128]",none,8.0,2,reef-turin-microscopy-workers-3708278/execution-0005,reef-turin-microscopy-workers-3708278/execution-0110,22.313745307624917,25.202446441384495,1.1294583716868216,23.758095874504704,22.313745307624917,25.202446441384495,12.158807460910632,false,"[""reef-turin-microscopy-workers-3708278/execution-0005"",""reef-turin-microscopy-workers-3708278/execution-0110""]"
reef-turin-microscopy-pareto-3710801,aa344050f355d61ec42b,24a2869d359c07c2,bbbc022-mito,cpu,32,fs,"[4,128,256]",none,8.0,1,reef-turin-microscopy-pareto-3710801/execution-0005,reef-turin-microscopy-pareto-3710801/execution-0005,3.4739905888373377,3.4739905888373377,1.0,3.4739905888373377,3.4739905888373377,3.4739905888373377,0.0,false,"[""reef-turin-microscopy-pareto-3710801/execution-0005""]"
reef-l40-final-transfer-3702747,ad6a672f1ed5a6769154,55cfd1cea508cbd9,opencell-protein,gpu,4,discard,"[1,64,128]",none,8.0,2,reef-l40-final-transfer-3702747/execution-0018,reef-l40-final-transfer-3702747/execution-0239,16.55227478574513,16.5745368048054,1.0013449522406095,16.563405795275266,16.55227478574513,16.5745368048054,0.1344048400155807,true,"[""reef-l40-final-transfer-3702747/execution-0018"",""reef-l40-final-transfer-3702747/execution-0239""]"
reef-l40-microscopy-discovery-3667908,aeaa046a7c5f48896763,b0a3c94c4cbfc2b4,opencell-dna,cpu,4,discard,"[1,256,512]",blosc-lz4,8.0,4,reef-l40-microscopy-discovery-3667908/execution-0001,reef-l40-microscopy-discovery-3667908/execution-0073,1.320565382486433,1.3194832157319942,0.999180527697613,1.3193763629037103,1.3172368601105144,1.320565382486433,0.2522799763210127,false,"[""reef-l40-microscopy-discovery-3667908/execution-0001"",""reef-l40-microscopy-discovery-3667908/execution-0038"",""reef-l40-microscopy-discovery-3667908/execution-0039"",""reef-l40-microscopy-discovery-3667908/execution-0073""]"
reef-l40-final-discard-3702747,b25f7097dfdee64469cf,f4a86faf7f6d6adc,bbbc022-mito,gpu,4,discard,"[4,128,256]",none,8.0,4,reef-l40-final-discard-3702747/execution-0004,reef-l40-final-discard-3702747/execution-0200,14.700643248218045,14.973873793221914,1.0185862985986678,14.891454228517652,14.700643248218045,14.973873793221914,1.8348143895887847,false,"[""reef-l40-final-discard-3702747/execution-0004"",""reef-l40-final-discard-3702747/execution-0098"",""reef-l40-final-discard-3702747/execution-0103"",""reef-l40-final-discard-3702747/execution-0200""]"
reef-l40-final-transfer-3702747,b5c9a1921f4bf1f69c69,c326d711da915c04,dynacell-a549-phase,gpu,4,discard,"[1,64,64]",none,8.0,2,reef-l40-final-transfer-3702747/execution-0003,reef-l40-final-transfer-3702747/execution-0222,18.97290072783094,18.956094400854965,0.9991141930684684,18.964497564342953,18.956094400854965,18.97290072783094,0.08861994323315703,false,"[""reef-l40-final-transfer-3702747/execution-0003"",""reef-l40-final-transfer-3702747/execution-0222""]"
reef-turin-microscopy-workers-3708278,b69a6de75e03dc6ffd72,80e25f95c5f860a2,cosem-cos7-em,cpu,32,fs,"[4,256,256]",none,8.0,2,reef-turin-microscopy-workers-3708278/execution-0006,reef-turin-microscopy-workers-3708278/execution-0105,4.542952199419252,5.737506883484643,1.262946786941341,5.140229541451948,4.542952199419252,5.737506883484643,23.239325684431755,false,"[""reef-turin-microscopy-workers-3708278/execution-0006"",""reef-turin-microscopy-workers-3708278/execution-0105""]"
reef-l40-final-transfer-3702747,b9cd02d0adf260c54f38,779b1e4b83699f81,dynacell-a549-phase,gpu,4,fs,"[1,64,64]",none,8.0,2,reef-l40-final-transfer-3702747/execution-0017,reef-l40-final-transfer-3702747/execution-0223,5.210300069038383,5.00206499097331,0.9600339567192135,5.106182530005847,5.00206499097331,5.210300069038383,4.078097029266096,false,"[""reef-l40-final-transfer-3702747/execution-0017"",""reef-l40-final-transfer-3702747/execution-0223""]"
reef-l40-final-transfer-3702747,bd5668eacdb65ea81f13,aa20a3bd430b3fde,opencell-dna,cpu,4,discard,"[1,64,128]",none,8.0,2,reef-l40-final-transfer-3702747/execution-0007,reef-l40-final-transfer-3702747/execution-0227,2.8880706226068593,2.940771018088928,1.01824761315376,2.9144208203478934,2.8880706226068593,2.940771018088928,1.808263072859114,false,"[""reef-l40-final-transfer-3702747/execution-0007"",""reef-l40-final-transfer-3702747/execution-0227""]"
reef-l40-microscopy-workers-3708541,bf7009d29a4229face98,12daacf8fc93d608,bbbc010-brightfield,gpu,4,discard,"[4,128,256]",none,8.0,2,reef-l40-microscopy-workers-3708541/execution-0003,reef-l40-microscopy-workers-3708541/execution-0106,14.592441538956956,14.893571136822771,1.0206359982366144,14.743006337889863,14.592441538956956,14.893571136822771,2.042525051976035,false,"[""reef-l40-microscopy-workers-3708541/execution-0003"",""reef-l40-microscopy-workers-3708541/execution-0106""]"
reef-l40-final-transfer-3702747,c265c0f4a149c6c857e9,f2105580d92b2688,opencell-protein,cpu,4,fs,"[1,64,128]",none,8.0,2,reef-l40-final-transfer-3702747/execution-0012,reef-l40-final-transfer-3702747/execution-0237,2.1287947640315146,2.090383748534172,0.9819564496557669,2.1095892562828436,2.090383748534172,2.1287947640315146,1.820781717718064,false,"[""reef-l40-final-transfer-3702747/execution-0012"",""reef-l40-final-transfer-3702747/execution-0237""]"
reef-l40-microscopy-workers-3708541,c4fa03dcdaabe24bdb5e,2b2d708762b4b36c,cosem-cos7-em,gpu,4,fs,"[4,256,256]",none,8.0,2,reef-l40-microscopy-workers-3708541/execution-0006,reef-l40-microscopy-workers-3708541/execution-0105,5.009353643712013,4.576157966194887,0.9135226401791586,4.79275580495345,4.576157966194887,5.009353643712013,9.038550995429524,false,"[""reef-l40-microscopy-workers-3708541/execution-0006"",""reef-l40-microscopy-workers-3708541/execution-0105""]"
reef-l40-microscopy-sinks-3671242,c57c5717b417a2a1e250,ca7a2222663330a1,bbbc010-brightfield,cpu,4,discard,"[1,128,256]",zstd,8.0,4,reef-l40-microscopy-sinks-3671242/execution-0001,reef-l40-microscopy-sinks-3671242/execution-0409,0.6619983955816771,0.6603693088710186,0.9975391379774765,0.663755011224377,0.6603693088710186,0.6683992828854081,1.2097797950447355,false,"[""reef-l40-microscopy-sinks-3671242/execution-0001"",""reef-l40-microscopy-sinks-3671242/execution-0206"",""reef-l40-microscopy-sinks-3671242/execution-0211"",""reef-l40-microscopy-sinks-3671242/execution-0409""]"
reef-l40-microscopy-sinks-3671242,c8cf85821547d11ccff0,1ed1d8c8c094afc4,cosem-cos7-em,gpu,4,discard,"[1,512,512]",zstd,8.0,4,reef-l40-microscopy-sinks-3671242/execution-0003,reef-l40-microscopy-sinks-3671242/execution-0416,4.692902307507799,4.684564585844391,0.9982233336393836,4.6881114376367305,4.683256053574369,4.692902307507799,0.20575991125101206,false,"[""reef-l40-microscopy-sinks-3671242/execution-0003"",""reef-l40-microscopy-sinks-3671242/execution-0207"",""reef-l40-microscopy-sinks-3671242/execution-0210"",""reef-l40-microscopy-sinks-3671242/execution-0416""]"
reef-l40-final-confirmation-3704091,cd1a79511a525aada7a6,4ff82ac8b3cc4ede,bbbc022-mito,cpu,4,discard,"[4,128,256]",none,8.0,2,reef-l40-final-confirmation-3704091/execution-0007,reef-l40-final-confirmation-3704091/execution-0265,2.7347129133671704,2.8273886226878076,1.0338886428873912,2.781050768027489,2.7347129133671704,2.8273886226878076,3.332399048089622,false,"[""reef-l40-final-confirmation-3704091/execution-0007"",""reef-l40-final-confirmation-3704091/execution-0265""]"
reef-l40-microscopy-workers-3708541,cd9e2a1c3af6a1137570,9e5a13369145f447,dynacell-a549-phase,gpu,4,fs,"[4,128,128]",none,8.0,2,reef-l40-microscopy-workers-3708541/execution-0010,reef-l40-microscopy-workers-3708541/execution-0103,3.681810577093022,4.3478641153478,1.180903803796626,4.0148373462204106,3.681810577093022,4.3478641153478,16.589801299965607,false,"[""reef-l40-microscopy-workers-3708541/execution-0010"",""reef-l40-microscopy-workers-3708541/execution-0103""]"
reef-turin-microscopy-pareto-transfer-3710982,cf542f59bb481f4b733c,1b7501b045efbfae,opencell-dna,cpu,32,discard,"[1,64,128]",none,8.0,2,reef-turin-microscopy-pareto-transfer-3710982/execution-0007,reef-turin-microscopy-pareto-transfer-3710982/execution-0272,15.279391639377975,15.350339165181628,1.0046433475545458,15.314865402279802,15.279391639377975,15.350339165181628,0.4632592186745042,true,"[""reef-turin-microscopy-pareto-transfer-3710982/execution-0007"",""reef-turin-microscopy-pareto-transfer-3710982/execution-0272""]"
reef-turin-microscopy-pareto-transfer-3710982,d3ba8586acef6dc8c62f,650646e8f7456e8a,jump-scope-fluorescence,cpu,32,fs,"[1,64,128]",none,8.0,2,reef-turin-microscopy-pareto-transfer-3710982/execution-0005,reef-turin-microscopy-pareto-transfer-3710982/execution-0270,2.8016988514489114,3.1182319842748543,1.1129789993889765,2.959965417861883,2.8016988514489114,3.1182319842748543,10.693811857254369,true,"[""reef-turin-microscopy-pareto-transfer-3710982/execution-0005"",""reef-turin-microscopy-pareto-transfer-3710982/execution-0270""]"
reef-l40-microscopy-pilot-3667862,d513654296dfe34ff273,cf82bca425a9ab81,opencell-dna,gpu,4,discard,"[1,256,512]",blosc-lz4,8.0,2,reef-l40-microscopy-pilot-3667862/execution-0043,reef-l40-microscopy-pilot-3667862/execution-0048,2.1035309141135823,2.1037580230853536,1.0001079655973903,2.1036444685994677,2.1035309141135823,2.1037580230853536,0.010795976941985953,false,"[""reef-l40-microscopy-pilot-3667862/execution-0043"",""reef-l40-microscopy-pilot-3667862/execution-0048""]"
reef-turin-microscopy-workers-3708278,d9c610f893a54fb46f1d,51b0953c989ab50e,dynacell-a549-phase,cpu,32,fs,"[4,128,128]",none,8.0,2,reef-turin-microscopy-workers-3708278/execution-0010,reef-turin-microscopy-workers-3708278/execution-0103,2.8457905132384234,4.114138891022959,1.445692812553934,3.479964702130691,2.8457905132384234,4.114138891022959,36.44716215104019,false,"[""reef-turin-microscopy-workers-3708278/execution-0010"",""reef-turin-microscopy-workers-3708278/execution-0103""]"
reef-l40-microscopy-discovery-3667908,dd7293fe37df38fb7e30,c8ab4272ddb917d8,dynacell-a549-phase,gpu,4,discard,"[1,256,256]",lz4,8.0,4,reef-l40-microscopy-discovery-3667908/execution-0247,reef-l40-microscopy-discovery-3667908/execution-0273,3.1263487532987044,3.11442798446548,0.9961869996683362,3.120388368882092,3.1143231073818947,3.1279703332776467,0.4373566454691444,false,"[""reef-l40-microscopy-discovery-3667908/execution-0247"",""reef-l40-microscopy-discovery-3667908/execution-0260"",""reef-l40-microscopy-discovery-3667908/execution-0261"",""reef-l40-microscopy-discovery-3667908/execution-0273""]"
reef-l40-final-transfer-3702747,e1e6c0ccf0ff98fa2e0b,eb248a420fefb195,dynacell-a549-phase,cpu,4,discard,"[1,64,64]",none,8.0,2,reef-l40-final-transfer-3702747/execution-0004,reef-l40-final-transfer-3702747/execution-0236,5.4999312083772,5.51723836585313,1.0031467952634696,5.508584787115165,5.4999312083772,5.51723836585313,0.31418518811604856,false,"[""reef-l40-final-transfer-3702747/execution-0004"",""reef-l40-final-transfer-3702747/execution-0236""]"
reef-turin-microscopy-workers-3708156,e3367802b65354e4d8fd,95cdf1b6750764aa,cosem-cos7-em,cpu,4,discard,"[4,256,256]",none,8.0,1,reef-turin-microscopy-workers-3708156/execution-0009,reef-turin-microscopy-workers-3708156/execution-0009,2.9901179558098017,2.9901179558098017,1.0,2.9901179558098017,2.9901179558098017,2.9901179558098017,0.0,false,"[""reef-turin-microscopy-workers-3708156/execution-0009""]"
reef-l40-microscopy-sinks-3671242,e4a2e113c0dea9b605fd,437ac0f6459716ac,cosem-cos7-em,cpu,4,fs,"[1,512,512]",zstd,8.0,4,reef-l40-microscopy-sinks-3671242/execution-0005,reef-l40-microscopy-sinks-3671242/execution-0411,1.3363963911986614,1.423524340883583,1.0651961874925249,1.4319674674650953,1.3363963911986614,1.5271092624262308,13.318240502011832,false,"[""reef-l40-microscopy-sinks-3671242/execution-0005"",""reef-l40-microscopy-sinks-3671242/execution-0205"",""reef-l40-microscopy-sinks-3671242/execution-0212"",""reef-l40-microscopy-sinks-3671242/execution-0411""]"
reef-l40-filesystem-screen-3689339,e818dfac544fe109c5b5,e3868c1fa3dafe8d,bbbc022-mito,gpu,4,fs,"[4,128,256]",none,8.0,6,reef-l40-filesystem-screen-3689339/execution-0002,reef-l40-filesystem-screen-3689339/execution-0297,2.500313414740625,3.4592275253407854,1.3835175642168984,3.028951184971839,2.0565730664186535,4.374467747568627,76.52466281563807,false,"[""reef-l40-filesystem-screen-3689339/execution-0002"",""reef-l40-filesystem-screen-3689339/execution-0100"",""reef-l40-filesystem-screen-3689339/execution-0103"",""reef-l40-filesystem-screen-3689339/execution-0199"",""reef-l40-filesystem-screen-3689339/execution-0203"",""reef-l40-filesystem-screen-3689339/execution-0297""]"
reef-l40-final-confirmation-3704091,ecc4bb6d80c833d250a7,e3868c1fa3dafe8d,bbbc022-mito,gpu,4,fs,"[4,128,256]",none,8.0,2,reef-l40-final-confirmation-3704091/execution-0006,reef-l40-final-confirmation-3704091/execution-0268,2.6330223060608566,3.759363168466941,1.427774903316771,3.1961927372638987,2.6330223060608566,3.759363168466941,35.24007952568869,true,"[""reef-l40-final-confirmation-3704091/execution-0006"",""reef-l40-final-confirmation-3704091/execution-0268""]"
reef-l40-final-confirmation-3704091,ed46c6dbd3df41050864,f4a86faf7f6d6adc,bbbc022-mito,gpu,4,discard,"[4,128,256]",none,8.0,2,reef-l40-final-confirmation-3704091/execution-0001,reef-l40-final-confirmation-3704091/execution-0261,14.840089931396388,14.82855822494292,0.9992229355410394,14.834324078169654,14.82855822494292,14.840089931396388,0.077736649089648,true,"[""reef-l40-final-confirmation-3704091/execution-0001"",""reef-l40-final-confirmation-3704091/execution-0261""]"
reef-l40-microscopy-pilot-3667862,ee3f65d3efb2c6993bdd,6f511d5541c16e67,dynacell-a549-phase,cpu,4,discard,"[1,256,256]",lz4,8.0,2,reef-l40-microscopy-pilot-3667862/execution-0037,reef-l40-microscopy-pilot-3667862/execution-0042,5.093787333280405,5.157342577334968,1.012477011680351,5.125564955307686,5.093787333280405,5.157342577334968,1.2399656351784163,false,"[""reef-l40-microscopy-pilot-3667862/execution-0037"",""reef-l40-microscopy-pilot-3667862/execution-0042""]"
reef-l40-final-transfer-3702747,f00198cf4e0c8005b99f,65542ce47a3f92f9,bbbc010-brightfield,cpu,4,discard,"[1,64,128]",none,8.0,2,reef-l40-final-transfer-3702747/execution-0019,reef-l40-final-transfer-3702747/execution-0229,2.7554525511821746,2.7548720360607444,0.9997893213145038,2.7551622936214595,2.7548720360607444,2.7554525511821746,0.02107008805884746,false,"[""reef-l40-final-transfer-3702747/execution-0019"",""reef-l40-final-transfer-3702747/execution-0229""]"
reef-turin-microscopy-pareto-core-3710982,f0226ada0b847d4c2c10,24a2869d359c07c2,bbbc022-mito,cpu,32,fs,"[4,128,256]",none,8.0,2,reef-turin-microscopy-pareto-core-3710982/execution-0004,reef-turin-microscopy-pareto-core-3710982/execution-0157,3.7302197633924017,2.9943792593675833,0.8027353478617524,3.3622995113799927,2.9943792593675833,3.7302197633924017,21.885037354176887,true,"[""reef-turin-microscopy-pareto-core-3710982/execution-0004"",""reef-turin-microscopy-pareto-core-3710982/execution-0157""]"
reef-turin-microscopy-pareto-core-3710982,f3f38509ad221bac0823,e7048cb3e211b61d,bbbc022-mito,cpu,32,discard,"[4,128,256]",none,8.0,2,reef-turin-microscopy-pareto-core-3710982/execution-0003,reef-turin-microscopy-pareto-core-3710982/execution-0158,14.764688290445047,14.222569362138994,0.9632827380001727,14.49362882629202,14.222569362138994,14.764688290445047,3.7403947265616977,true,"[""reef-turin-microscopy-pareto-core-3710982/execution-0003"",""reef-turin-microscopy-pareto-core-3710982/execution-0158""]"
reef-turin-microscopy-workers-3708156,f54f6056148ca40f0f6e,811934a41df5c397,bbbc022-mito,cpu,4,discard,"[4,128,256]",none,8.0,1,reef-turin-microscopy-workers-3708156/execution-0002,reef-turin-microscopy-workers-3708156/execution-0002,4.9702232671433855,4.9702232671433855,1.0,4.9702232671433855,4.9702232671433855,4.9702232671433855,0.0,false,"[""reef-turin-microscopy-workers-3708156/execution-0002""]"
reef-l40-final-transfer-3702747,f5d4ec7375a7986922ee,0e3068cb932ede5b,opencell-dna,cpu,4,fs,"[1,64,128]",none,8.0,2,reef-l40-final-transfer-3702747/execution-0006,reef-l40-final-transfer-3702747/execution-0235,2.132396726093003,2.0883064048662434,0.9793235842621357,2.110351565479623,2.0883064048662434,2.132396726093003,2.089240577161328,false,"[""reef-l40-final-transfer-3702747/execution-0006"",""reef-l40-final-transfer-3702747/execution-0235""]"
reef-turin-microscopy-pareto-transfer-3710982,f7dc014c098dda36f737,940077648e1a1325,opencell-protein,cpu,32,discard,"[1,64,128]",none,8.0,2,reef-turin-microscopy-pareto-transfer-3710982/execution-0002,reef-turin-microscopy-pareto-transfer-3710982/execution-0269,15.301533947738566,15.437193473127506,1.0088657467840987,15.369363710433035,15.301533947738566,15.437193473127506,0.8826619497386964,true,"[""reef-turin-microscopy-pareto-transfer-3710982/execution-0002"",""reef-turin-microscopy-pareto-transfer-3710982/execution-0269""]"
reef-l40-microscopy-sinks-3671242,fa2a633515d63d934750,e7bf11189021bf06,cosem-cos7-em,cpu,4,discard,"[1,512,512]",zstd,8.0,4,reef-l40-microscopy-sinks-3671242/execution-0007,reef-l40-microscopy-sinks-3671242/execution-0415,3.31499887082851,3.3225225018823545,1.002269572735017,3.318181174992996,3.2812494374996604,3.3225225018823545,1.2438460170210959,false,"[""reef-l40-microscopy-sinks-3671242/execution-0007"",""reef-l40-microscopy-sinks-3671242/execution-0202"",""reef-l40-microscopy-sinks-3671242/execution-0209"",""reef-l40-microscopy-sinks-3671242/execution-0415""]"
reef-l40-filesystem-screen-3689339,fba315ec92e481ab8714,e420ddf89da8cd45,bbbc022-mito,cpu,4,fs,"[4,128,256]",none,8.0,6,reef-l40-filesystem-screen-3689339/execution-0001,reef-l40-filesystem-screen-3689339/execution-0300,1.9049042835152088,1.9128600093264898,1.0041764438665652,1.9153695870435263,1.9031153821295967,1.948691881924384,2.3795146431836636,false,"[""reef-l40-filesystem-screen-3689339/execution-0001"",""reef-l40-filesystem-screen-3689339/execution-0099"",""reef-l40-filesystem-screen-3689339/execution-0104"",""reef-l40-filesystem-screen-3689339/execution-0200"",""reef-l40-filesystem-screen-3689339/execution-0201"",""reef-l40-filesystem-screen-3689339/execution-0300""]"
reef-turin-microscopy-workers-3708278,fdaf0c8f42ed388211c9,bc5756243536794e,bbbc010-brightfield,cpu,32,fs,"[4,128,256]",none,8.0,2,reef-turin-microscopy-workers-3708278/execution-0001,reef-turin-microscopy-workers-3708278/execution-0102,3.3773648362485553,3.545639830120686,1.0498243459119578,3.4615023331846206,3.3773648362485553,3.545639830120686,4.861328338823212,false,"[""reef-turin-microscopy-workers-3708278/execution-0001"",""reef-turin-microscopy-workers-3708278/execution-0102""]"
reef-turin-microscopy-workers-3708156,fe8d2de38547d2ee64d4,595c04412e9e17fb,dynacell-a549-phase,cpu,4,discard,"[4,128,128]",none,8.0,1,reef-turin-microscopy-workers-3708156/execution-0005,reef-turin-microscopy-workers-3708156/execution-0005,10.644130862824117,10.644130862824117,1.0,10.644130862824117,10.644130862824117,10.644130862824117,0.0,false,"[""reef-turin-microscopy-workers-3708156/execution-0005""]"
