group_id,phase,policy_id,trace_sha256,machine_id,hostname,job_id,layout_id,backend,workload,chunk_bytes,chunk_kib,chunk_shape,n,useful_source_gib_per_second_n,useful_source_gib_per_second_median,useful_source_gib_per_second_min,useful_source_gib_per_second_max,output_float32_gib_per_second_n,output_float32_gib_per_second_median,output_float32_gib_per_second_min,output_float32_gib_per_second_max,active_seconds_n,active_seconds_median,active_seconds_min,active_seconds_max,measurement_wall_seconds_n,measurement_wall_seconds_median,measurement_wall_seconds_min,measurement_wall_seconds_max,cache_control_seconds_n,cache_control_seconds_median,cache_control_seconds_min,cache_control_seconds_max,useful_source_bytes_n,useful_source_bytes_median,useful_source_bytes_min,useful_source_bytes_max,output_float32_bytes_n,output_float32_bytes_median,output_float32_bytes_min,output_float32_bytes_max,reader_bytes_n,reader_bytes_median,reader_bytes_min,reader_bytes_max,decoded_bytes_n,decoded_bytes_median,decoded_bytes_min,decoded_bytes_max,decoded_amplification_n,decoded_amplification_median,decoded_amplification_min,decoded_amplification_max,passes_n,passes_median,passes_min,passes_max,peak_rss_kib_n,peak_rss_kib_median,peak_rss_kib_min,peak_rss_kib_max,nfs_payload_read_bytes_shared_n,nfs_payload_read_bytes_shared_median,nfs_payload_read_bytes_shared_min,nfs_payload_read_bytes_shared_max
1248286ad0f80735282201b9cfe08040e6f63202cd66da1afca40db377585918,measurement,4635ae43d5402f62f178e4e3015dde9198bccf4931704696e6e68f1f0a436a61,512b8afa04e4411769586a4b5ce6c3312db637b56da2817e8de96b11c098b42e,414bf43edde9f9b70c911ccee227982d6d357b6ffd48836461511dc86e6655a7,cw-us-e4a1-h100-221-159,3836384,c128,damacy,translated-256,131072,128.0,"[1,256,256]",3,3,0.40722510260239686,0.3917309203222936,0.4425535174945397,3,0.8144502052047937,0.7834618406445872,0.8851070349890794,3,10.211090808734298,10.168261740356684,11.050399327650666,3,12.37011980637908,12.331301089376211,12.626594942063093,3,2.132079528644681,1.546997256577015,2.1355710811913013,3,4831838208,4294967296,4831838208,3,9663676416,8589934592,9663676416,3,9446495265.0,8396884680.0,9446495265.0,3,19199950848.0,17066622976.0,19199950848.0,3,3.9736328125,3.9736328125,3.9736328125,3,9,8,9,3,170768,168240,176404,3,10171527168,9042919424,10172325888
b2c91c00e1bb63c8eb5dc8884f3ea404f9b393aab014d7bd08c0d9643e169253,measurement,4635ae43d5402f62f178e4e3015dde9198bccf4931704696e6e68f1f0a436a61,512b8afa04e4411769586a4b5ce6c3312db637b56da2817e8de96b11c098b42e,414bf43edde9f9b70c911ccee227982d6d357b6ffd48836461511dc86e6655a7,cw-us-e4a1-h100-221-159,3836384,c128,tensorstore,translated-256,131072,128.0,"[1,256,256]",3,3,0.3665591712687952,0.3618700893418944,0.36805172722786633,3,0.7331183425375905,0.7237401786837888,0.7361034544557327,3,10.91229005716741,10.86803757213056,11.0536905862391,3,13.097175516188145,13.003864554688334,13.148390790447593,3,2.075459588319063,2.0731072071939707,2.210493393242359,3,4294967296,4294967296,4294967296,3,8589934592,8589934592,8589934592,3,8387652652,8387394056,8390275212,0,,,,0,,,,3,8,8,8,3,338396,333928,341324,3,8981540864,8980541440,8986316800
fe915562b75cead25531a90795b60acb43e52bf65a5f23da807af2c44278e5d4,measurement,4635ae43d5402f62f178e4e3015dde9198bccf4931704696e6e68f1f0a436a61,512b8afa04e4411769586a4b5ce6c3312db637b56da2817e8de96b11c098b42e,414bf43edde9f9b70c911ccee227982d6d357b6ffd48836461511dc86e6655a7,cw-us-e4a1-h100-221-159,3836384,c16,damacy,translated-256,16384,16.0,"[1,64,128]",3,3,0.16408269552214072,0.1308647741179123,0.18520017390800445,3,0.32816539104428144,0.2617295482358246,0.3704003478160089,3,11.462213648483157,10.79912592843175,12.188975770026445,3,12.031754057854414,11.437156641855836,12.898947352543473,3,0.6211780365556479,0.5552502851933241,0.693237179890275,3,2147483648,1610612736,2147483648,3,4294967296,3221225472,4294967296,3,2060969180.0,1545726885.0,2060969180.0,3,4001169408.0,3000877056.0,4001169408.0,3,1.863189697265625,1.863189697265625,1.863189697265625,3,4,3,4,3,207760,207584,209208,3,3932868608,2955800576,3937755136
9dd66ba806ca5886c78797d355fd6a8d9c58c5fe9fab65016c74cbf788568061,measurement,4635ae43d5402f62f178e4e3015dde9198bccf4931704696e6e68f1f0a436a61,512b8afa04e4411769586a4b5ce6c3312db637b56da2817e8de96b11c098b42e,414bf43edde9f9b70c911ccee227982d6d357b6ffd48836461511dc86e6655a7,cw-us-e4a1-h100-221-159,3836384,c16,tensorstore,translated-256,16384,16.0,"[1,64,128]",3,3,0.13512217573753924,0.13115653491233456,0.16050712895692745,3,0.27024435147507847,0.2623130698246691,0.3210142579138549,3,11.436715684831142,11.101064587011933,12.460505729541183,3,12.076992375776172,11.720261543989182,13.934483071789145,3,0.6330051477998495,0.6123617552220821,1.4642914943397045,3,1610612736,1610612736,2147483648,3,3221225472,3221225472,4294967296,3,1544846311,1544379508,2059678826,0,,,,0,,,,3,3,3,4,3,516768,512064,581520,3,1869959168,1866190848,2510733312
84d6393b04c02ee4e62a3b29fb05450087227673f44ede0233cb2a6ddafe8548,measurement,4635ae43d5402f62f178e4e3015dde9198bccf4931704696e6e68f1f0a436a61,512b8afa04e4411769586a4b5ce6c3312db637b56da2817e8de96b11c098b42e,414bf43edde9f9b70c911ccee227982d6d357b6ffd48836461511dc86e6655a7,cw-us-e4a1-h100-221-159,3836384,c256,damacy,translated-256,262144,256.0,"[1,256,512]",3,3,0.587025284295544,0.4805851453999379,0.5923341395966611,3,1.174050568591088,0.9611702907998758,1.1846682791933223,3,10.221024818718433,10.129417838528752,10.403983660042286,3,12.539055407047272,12.35097399353981,13.157953057438135,3,2.2806760128587484,1.9151837639510632,2.991106152534485,3,6442450944,5368709120,6442450944,3,12884901888,10737418240,12884901888,3,15585846600.0,12988205500.0,15585846600.0,3,36647731200.0,30539776000.0,36647731200.0,3,5.6884765625,5.6884765625,5.6884765625,3,12,10,12,3,183188,173984,187008,3,16868900864,14058369024,16871575552
0b2247bf784988a2d3eee8d28272814ac6ca535c44b6d837d488c98983e6be13,measurement,4635ae43d5402f62f178e4e3015dde9198bccf4931704696e6e68f1f0a436a61,512b8afa04e4411769586a4b5ce6c3312db637b56da2817e8de96b11c098b42e,414bf43edde9f9b70c911ccee227982d6d357b6ffd48836461511dc86e6655a7,cw-us-e4a1-h100-221-159,3836384,c256,tensorstore,translated-256,262144,256.0,"[1,256,512]",3,3,0.5098371077658188,0.49524181940706524,0.5366733986254492,3,1.0196742155316376,0.9904836388141305,1.0733467972508983,3,10.787759298458695,10.248318649828434,11.105685716494918,3,13.94350273348391,13.511182554066181,14.414235152304173,3,3.237344454973936,3.1301351618021727,3.28296678327024,3,5905580032,5905580032,5905580032,3,11811160064,11811160064,11811160064,3,14266951746,14266484582,14270024787,0,,,,0,,,,3,11,11,11,3,351316,349548,359772,3,15357272064,15356301312,15360344064
1b074e05bc2440c306c3dc49897cea9807050086108d1353ce8ca2de3ccb8d0d,measurement,4635ae43d5402f62f178e4e3015dde9198bccf4931704696e6e68f1f0a436a61,512b8afa04e4411769586a4b5ce6c3312db637b56da2817e8de96b11c098b42e,414bf43edde9f9b70c911ccee227982d6d357b6ffd48836461511dc86e6655a7,cw-us-e4a1-h100-221-159,3836384,c32,damacy,translated-256,32768,32.0,"[1,128,128]",3,3,0.24920387386266718,0.2328868331964586,0.28374400923970017,3,0.49840774772533436,0.4657736663929172,0.5674880184794003,3,10.572910448536277,10.03194678016007,10.734827579930425,3,11.375333169475198,10.76741648837924,12.130242737010121,3,0.7807341068983078,0.7159707210958004,1.37499457038939,3,2684354560,2684354560,3221225472,3,5368709120,5368709120,6442450944,3,3066819915.0,3066819915.0,3680183898.0,3,6000312320.0,6000312320.0,7200374784.0,3,2.23529052734375,2.23529052734375,2.23529052734375,3,5,5,6,3,170588,169696,174992,3,3599257600,3596308480,4312608768
c24ebdd3c82763d858daadfa4191681b1dad0fd46b998ccd1203aba44ac5e289,measurement,4635ae43d5402f62f178e4e3015dde9198bccf4931704696e6e68f1f0a436a61,512b8afa04e4411769586a4b5ce6c3312db637b56da2817e8de96b11c098b42e,414bf43edde9f9b70c911ccee227982d6d357b6ffd48836461511dc86e6655a7,cw-us-e4a1-h100-221-159,3836384,c32,tensorstore,translated-256,32768,32.0,"[1,128,128]",3,3,0.23528000811445438,0.21595102004438058,0.24781943940137607,3,0.47056001622890875,0.43190204008876115,0.49563887880275215,3,11.576699195429683,10.625637171790004,12.105587871745229,3,12.618990646675229,11.67714312300086,13.38795636035502,3,1.040111368522048,1.0307248365134,1.2683051731437445,3,2684354560,2684354560,3221225472,3,5368709120,5368709120,6442450944,3,3064802270,3064785311,3677605725,0,,,,0,,,,3,5,5,6,3,404696,400232,418200,3,3384492032,3383496704,4066922496
1a2f942481d85a31b807e6ff774802ff7d4fcb1c10b6d535c9b82f914534f15c,measurement,4635ae43d5402f62f178e4e3015dde9198bccf4931704696e6e68f1f0a436a61,512b8afa04e4411769586a4b5ce6c3312db637b56da2817e8de96b11c098b42e,414bf43edde9f9b70c911ccee227982d6d357b6ffd48836461511dc86e6655a7,cw-us-e4a1-h100-221-159,3836384,c512,damacy,translated-256,524288,512.0,"[1,512,512]",3,3,0.5991596763821847,0.34521325980021417,0.6377175266603915,3,1.1983193527643694,0.6904265196004283,1.275435053320783,3,10.138660380616784,10.014025036245584,10.192600529640913,3,12.392607480287552,11.534156192094088,12.761168036609888,3,2.3419273514300585,1.3715898599475622,2.528953768312931,3,6442450944,3758096384,6979321856,3,12884901888,7516192768,13958643712,3,15886255020.0,9266982095.0,17210109605.0,3,37874565120.0,22093496320.0,41030778880.0,3,5.87890625,5.87890625,5.87890625,3,12,7,13,3,222844,218372,223868,3,17228660736,10049916928,18661105664
d2e8bd5d8df5766de43fdee0f609b0e9c782a04d43facac9c2117a892271a1cd,measurement,4635ae43d5402f62f178e4e3015dde9198bccf4931704696e6e68f1f0a436a61,512b8afa04e4411769586a4b5ce6c3312db637b56da2817e8de96b11c098b42e,414bf43edde9f9b70c911ccee227982d6d357b6ffd48836461511dc86e6655a7,cw-us-e4a1-h100-221-159,3836384,c512,tensorstore,translated-256,524288,512.0,"[1,512,512]",3,3,0.5429729311439232,0.38981518695122996,0.5546757019531411,3,1.0859458622878464,0.7796303739024599,1.1093514039062822,3,10.261272864416242,10.129418401047587,10.817131485790014,3,12.895445499569178,12.298592459410429,13.75652670674026,3,2.7400624696165323,2.018497183918953,2.9098818376660347,3,5905580032,4294967296,6442450944,3,11811160064,8589934592,12884901888,3,14540116553,10574812171,15864764242,0,,,,0,,,,3,11,8,12,3,309524,299696,315360,3,15667245056,11398623232,17085800448
a755881726835457e30a2491a5f476f3b0052c6da1d8ee8829b245ce0c129bdb,measurement,4635ae43d5402f62f178e4e3015dde9198bccf4931704696e6e68f1f0a436a61,512b8afa04e4411769586a4b5ce6c3312db637b56da2817e8de96b11c098b42e,414bf43edde9f9b70c911ccee227982d6d357b6ffd48836461511dc86e6655a7,cw-us-e4a1-h100-221-159,3836384,c64,damacy,translated-256,65536,64.0,"[1,128,256]",3,3,0.39892386789050843,0.29445773903594746,0.4144791494445364,3,0.7978477357810169,0.5889154780718949,0.8289582988890728,3,10.856999697163701,10.188219232484698,11.280347861349583,3,12.237193176522851,11.121798710897565,12.66578640975058,3,1.3521513920277357,0.9127595517784357,1.3569315671920776,3,4831838208,3221225472,4831838208,3,9663676416,6442450944,9663676416,3,7158633732.0,4772422488.0,7158633732.0,3,14405861376.0,9603907584.0,14405861376.0,3,2.9814453125,2.9814453125,2.9814453125,3,9,6,9,3,163424,160304,166504,3,7445557248,4965916672,7447007232
96e61d84409f56aedccf30f9986afb1d9f77acac234af30071f418f33f900e47,measurement,4635ae43d5402f62f178e4e3015dde9198bccf4931704696e6e68f1f0a436a61,512b8afa04e4411769586a4b5ce6c3312db637b56da2817e8de96b11c098b42e,414bf43edde9f9b70c911ccee227982d6d357b6ffd48836461511dc86e6655a7,cw-us-e4a1-h100-221-159,3836384,c64,tensorstore,translated-256,65536,64.0,"[1,128,256]",3,3,0.34545070861827587,0.2673728294350932,0.39624236768792115,3,0.6909014172365517,0.5347456588701864,0.7924847353758423,3,10.131691476330161,10.09483166411519,11.220287440344691,3,11.732042567804456,11.56568136997521,12.594293236732483,3,1.4177294075489044,1.3600379582494497,1.6193759851157665,3,3758096384,3221225472,4294967296,3,7516192768,6442450944,8589934592,3,5561808767,4767326647,6357172705,0,,,,0,,,,3,7,6,8,3,351684,334968,358176,3,5793619968,4967239680,6621859840
f3144beae917b2409525ff4220d5d27f6735763c65ebf864cd3e5918ac2cdd0a,measurement,4635ae43d5402f62f178e4e3015dde9198bccf4931704696e6e68f1f0a436a61,5248277298803e9c822a8b001eb8ad2e40195401bbffc3d2ed6f03c5e22cae70,414bf43edde9f9b70c911ccee227982d6d357b6ffd48836461511dc86e6655a7,cw-us-e4a1-h100-221-159,3836384,c128,damacy,translated-512,131072,128.0,"[1,256,256]",3,3,1.2320091738597194,0.818408757353283,1.2825661851095838,3,2.464018347719439,1.636817514706566,2.5651323702191675,3,11.363551747053862,10.91561602242291,12.218833083286881,3,12.839453106746078,12.426775462925434,13.32879463583231,3,1.450742470100522,1.0899826623499393,1.4869234170764685,3,15032385536,10737418240,15032385536,3,30064771072,21474836480,30064771072,3,11029489009.0,7878206435.0,11029489009.0,3,32443858944.0,23174184960.0,32443858944.0,3,2.15826416015625,2.15826416015625,2.15826416015625,3,7,5,7,3,359028,357820,360516,3,12504640319,8933364013,12505295679
b3d979cbbad283a8cb8e0ef6a688a98e0b917c5646bd4dd4d6b5ff50ed7094cb,measurement,4635ae43d5402f62f178e4e3015dde9198bccf4931704696e6e68f1f0a436a61,5248277298803e9c822a8b001eb8ad2e40195401bbffc3d2ed6f03c5e22cae70,414bf43edde9f9b70c911ccee227982d6d357b6ffd48836461511dc86e6655a7,cw-us-e4a1-h100-221-159,3836384,c128,tensorstore,translated-512,131072,128.0,"[1,256,256]",3,3,1.2168876172204792,0.9047693391685886,1.2229372341357834,3,2.4337752344409584,1.8095386783371772,2.4458744682715667,3,11.447848351672292,11.052540760487318,11.504760013893247,3,13.691972998902202,12.670466115698218,13.83715245872736,3,2.2274408601224422,1.6057599987834692,2.315643424168229,3,15032385536,10737418240,15032385536,3,30064771072,21474836480,30064771072,3,11016415529,7866864383,11016419098,0,,,,0,,,,3,7,5,7,3,630032,623432,632624,3,12322156544,8812052480,12340771761
2cc76297101df4d51e3bc53768f9e715cdc81e85c2d8f4f96209319078de0a28,measurement,4635ae43d5402f62f178e4e3015dde9198bccf4931704696e6e68f1f0a436a61,5248277298803e9c822a8b001eb8ad2e40195401bbffc3d2ed6f03c5e22cae70,414bf43edde9f9b70c911ccee227982d6d357b6ffd48836461511dc86e6655a7,cw-us-e4a1-h100-221-159,3836384,c16,damacy,translated-512,16384,16.0,"[1,64,128]",3,3,0.4879021793577229,0.3233137602961848,0.589596863422204,3,0.9758043587154458,0.6466275205923696,1.179193726844408,3,12.297547036781907,10.176444910466671,12.371882954612374,3,13.205157915130258,11.091212939471006,13.644810736179352,3,0.9000887461006641,0.8928965348750353,1.2603582926094532,3,6442450944,4294967296,6442450944,3,12884901888,8589934592,12884901888,3,4133319894.0,2755546596.0,4133319894.0,3,8913420288.0,5942280192.0,8913420288.0,3,1.383544921875,1.383544921875,1.383544921875,3,3,2,3,3,413184,412544,413860,3,10236009680,6860948609,10294423394
863d8b3c9252acf9afa3a2cbc425154a2dbacf7b42b155bd6f394a8bc7eee74d,measurement,4635ae43d5402f62f178e4e3015dde9198bccf4931704696e6e68f1f0a436a61,5248277298803e9c822a8b001eb8ad2e40195401bbffc3d2ed6f03c5e22cae70,414bf43edde9f9b70c911ccee227982d6d357b6ffd48836461511dc86e6655a7,cw-us-e4a1-h100-221-159,3836384,c16,tensorstore,translated-512,16384,16.0,"[1,64,128]",3,3,0.495496170092008,0.2673404146238026,0.5093975274390607,3,0.990992340184016,0.5346808292476052,1.0187950548781215,3,12.109074423089623,11.778620187193155,14.962197188287973,3,13.059075765311718,12.587061012163758,15.66886729374528,3,0.8008444253355265,0.7016142904758453,0.9425004310905933,3,6442450944,4294967296,6442450944,3,12884901888,8589934592,12884901888,3,4128662781,2751814852,4128712491,0,,,,0,,,,3,3,2,3,3,962104,910616,1002504,3,5312962560,3521626112,5365874688
4af78da01ce45db204916d30ddf4ffc259847f8721eac4e9b8002304f2cf960b,measurement,4635ae43d5402f62f178e4e3015dde9198bccf4931704696e6e68f1f0a436a61,5248277298803e9c822a8b001eb8ad2e40195401bbffc3d2ed6f03c5e22cae70,414bf43edde9f9b70c911ccee227982d6d357b6ffd48836461511dc86e6655a7,cw-us-e4a1-h100-221-159,3836384,c256,damacy,translated-512,262144,256.0,"[1,256,512]",3,3,1.27381610769724,0.7167352940373739,1.3370044960326404,3,2.54763221539448,1.4334705880747478,2.6740089920652808,3,10.99059739895165,10.471168976277113,11.161721860989928,3,12.042048843577504,11.97767349332571,12.558458618819714,3,1.4820276536047459,0.8624340854585171,1.5432436354458332,3,15032385536,8589934592,15032385536,3,30064771072,17179869184,30064771072,3,11128008136.0,6358861792.0,11128008136.0,3,43208933376.0,24690819072.0,43208933376.0,3,2.8743896484375,2.8743896484375,2.8743896484375,3,7,4,7,3,369036,368540,369324,3,12571845388,7183272678,12573367065
b5d08a84bd5470dd93a0bc12dff34b3e5c09a31ac341631b04c0c02bee1d2b3e,measurement,4635ae43d5402f62f178e4e3015dde9198bccf4931704696e6e68f1f0a436a61,5248277298803e9c822a8b001eb8ad2e40195401bbffc3d2ed6f03c5e22cae70,414bf43edde9f9b70c911ccee227982d6d357b6ffd48836461511dc86e6655a7,cw-us-e4a1-h100-221-159,3836384,c256,tensorstore,translated-512,262144,256.0,"[1,256,512]",3,3,1.167431416930217,1.040256623169621,1.2315162256473275,3,2.334862833860434,2.080513246339242,2.463032451294655,3,11.368100320920348,10.278976414352655,11.535615090280771,3,13.469777734950185,12.143090389668941,13.567357994616032,3,1.9196269027888775,1.8496476486325264,2.182462438941002,3,12884901888,12884901888,15032385536,3,25769803776,25769803776,30064771072,3,9527232582,9527134555,11113427795,0,,,,0,,,,3,6,6,7,3,600768,576284,601780,3,10632349173,10622801348,12395828922
881835d4a42495a32a6e6a09de928d948046d2df83de7b2757c369e0663b01e2,measurement,4635ae43d5402f62f178e4e3015dde9198bccf4931704696e6e68f1f0a436a61,5248277298803e9c822a8b001eb8ad2e40195401bbffc3d2ed6f03c5e22cae70,414bf43edde9f9b70c911ccee227982d6d357b6ffd48836461511dc86e6655a7,cw-us-e4a1-h100-221-159,3836384,c32,damacy,translated-512,32768,32.0,"[1,128,128]",3,3,0.6332322890906558,0.43395302410195835,0.6720904266958223,3,1.2664645781813115,0.8679060482039167,1.3441808533916446,3,12.633594555780292,11.90316017344594,13.826381351798773,3,13.412083460018039,13.251768589019775,14.429783202707767,3,0.760478476062417,0.5890810638666153,1.3313338067382574,3,8589934592,6442450944,8589934592,3,17179869184,12884901888,17179869184,3,5507825864.0,4130869398.0,5507825864.0,3,13071548416.0,9803661312.0,13071548416.0,3,1.521728515625,1.521728515625,1.521728515625,3,4,3,4,3,375508,371508,379308,3,6448025600,4833505280,6451109888
0c0d9b8a8d8b09dc20f70b4ba3677112b1edce450c0bdaa5417337880f39123d,measurement,4635ae43d5402f62f178e4e3015dde9198bccf4931704696e6e68f1f0a436a61,5248277298803e9c822a8b001eb8ad2e40195401bbffc3d2ed6f03c5e22cae70,414bf43edde9f9b70c911ccee227982d6d357b6ffd48836461511dc86e6655a7,cw-us-e4a1-h100-221-159,3836384,c32,tensorstore,translated-512,32768,32.0,"[1,128,128]",3,3,0.6642674370097401,0.4804875547721332,0.7216733113989576,3,1.3285348740194802,0.9609751095442663,1.4433466227979153,3,12.043342115357518,11.085348278284073,12.487316144630313,3,13.04788776859641,12.101421251893044,13.281224647536874,3,0.9946655984967947,0.7863275278359652,1.0067066997289658,3,8589934592,6442450944,8589934592,3,17179869184,12884901888,17179869184,3,5501438873,4127722616,5503082989,0,,,,0,,,,3,4,3,4,3,725724,718508,762624,3,6149730304,4625936384,6156365824
e2af60e98d3dcd5d26b982bbf7702719205d1e04001686fd18927799a602cd7a,measurement,4635ae43d5402f62f178e4e3015dde9198bccf4931704696e6e68f1f0a436a61,5248277298803e9c822a8b001eb8ad2e40195401bbffc3d2ed6f03c5e22cae70,414bf43edde9f9b70c911ccee227982d6d357b6ffd48836461511dc86e6655a7,cw-us-e4a1-h100-221-159,3836384,c512,damacy,translated-512,524288,512.0,"[1,512,512]",3,3,1.196106380133928,0.9747011410059986,1.440325559704521,3,2.392212760267856,1.9494022820119972,2.880651119409042,3,10.259555036202073,10.0325524546206,11.10859964415431,3,11.942197958007455,11.397012785077095,13.4566036965698,3,1.6628435663878918,1.3422630596905947,2.3212003521621227,3,12884901888,10737418240,17179869184,3,25769803776,21474836480,34359738368,3,9556268112.0,7963556760.0,12741690816.0,3,48419045376.0,40349204480.0,64558727168.0,3,3.7578125,3.7578125,3.7578125,3,6,5,8,3,388732,388488,389748,3,10760230764,8968841434,14348129085
ad9702a96d95b61e0d10c6d796c898419dd2897c1d4e1fc84418b0d6498e5e9f,measurement,4635ae43d5402f62f178e4e3015dde9198bccf4931704696e6e68f1f0a436a61,5248277298803e9c822a8b001eb8ad2e40195401bbffc3d2ed6f03c5e22cae70,414bf43edde9f9b70c911ccee227982d6d357b6ffd48836461511dc86e6655a7,cw-us-e4a1-h100-221-159,3836384,c512,tensorstore,translated-512,524288,512.0,"[1,512,512]",3,3,1.0881671243607323,0.7805938086000562,1.2794906451005712,3,2.1763342487214645,1.5611876172001125,2.5589812902011424,3,10.941854130476713,10.248608062043786,11.027717830613256,3,12.594748696312308,11.319834040477872,12.889488313347101,3,1.552092732861638,1.0613629594445229,1.928711462765932,3,12884901888,8589934592,15032385536,3,25769803776,17179869184,30064771072,3,9544109650,6361529872,11133774559,0,,,,0,,,,3,6,4,7,3,570112,552264,580572,3,10638837612,7089449544,12416108030
cbcbd3dd65cd2132e5a53b809247bad60f63cc71d965fbf553cf87f4b81c3e31,measurement,4635ae43d5402f62f178e4e3015dde9198bccf4931704696e6e68f1f0a436a61,5248277298803e9c822a8b001eb8ad2e40195401bbffc3d2ed6f03c5e22cae70,414bf43edde9f9b70c911ccee227982d6d357b6ffd48836461511dc86e6655a7,cw-us-e4a1-h100-221-159,3836384,c64,damacy,translated-512,65536,64.0,"[1,128,256]",3,3,1.1661681760706728,0.67781627771637,1.2802196532962524,3,2.3323363521413456,1.35563255543274,2.560439306592505,3,10.935623401775956,10.290111020207405,11.802608262747526,3,12.424253704026341,11.640196425840259,12.707194440066814,3,1.327940883114934,0.8868510443717241,1.465175686404109,3,12884901888,8589934592,15032385536,3,25769803776,17179869184,30064771072,3,9449155842.0,6299437228.0,11024015149.0,3,23535157248.0,15690104832.0,27457683456.0,3,1.826568603515625,1.826568603515625,1.826568603515625,3,6,4,7,3,358784,355204,359668,3,10732268277,7153628803,12517692718
e7f2457a1f9f0f0cbea68d7ff5ff277818563501469c3c76c086ccf0079b6d5e,measurement,4635ae43d5402f62f178e4e3015dde9198bccf4931704696e6e68f1f0a436a61,5248277298803e9c822a8b001eb8ad2e40195401bbffc3d2ed6f03c5e22cae70,414bf43edde9f9b70c911ccee227982d6d357b6ffd48836461511dc86e6655a7,cw-us-e4a1-h100-221-159,3836384,c64,tensorstore,translated-512,65536,64.0,"[1,128,256]",3,3,1.1216078197140662,0.7474655538166257,1.1514465368296043,3,2.2432156394281324,1.4949311076332514,2.3028930736592086,3,10.698926834389567,10.421673621982336,10.702834343537688,3,11.913019105792046,11.850805528461933,13.024953354150057,3,1.47555866651237,1.1370644196867943,2.311584021896124,3,12884901888,8589934592,12884901888,3,25769803776,17179869184,25769803776,3,9436228007,6289579821,9437833705,0,,,,0,,,,3,6,4,6,3,684072,626824,692236,3,10563706880,7053070336,10565591040
4c824186357a2faf7d383c2d49fd6773ef86d5a6b41d34748eae23c6b122d2ae,measurement,4635ae43d5402f62f178e4e3015dde9198bccf4931704696e6e68f1f0a436a61,5746d4568c32ac96a201bfe577c16b89032fe609298f651278613a75d9be68b3,414bf43edde9f9b70c911ccee227982d6d357b6ffd48836461511dc86e6655a7,cw-us-e4a1-h100-221-159,3836384,c128,damacy,full-scan,131072,128.0,"[1,256,256]",3,3,1.5878461856510244,1.4306621789009866,1.8734650967181192,3,3.175692371302049,2.861324357801973,3.7469301934362385,3,13.911828456446528,11.790902210399508,15.440293366089463,3,14.860783470794559,12.649758575484157,16.43423434905708,3,0.8725495748221874,0.7855794243514538,0.9194839783012867,3,23718789120,23718789120,23718789120,3,47437578240,47437578240,47437578240,3,12664412160.0,12664412160.0,12664412160.0,3,38654705664.0,38654705664.0,38654705664.0,3,1.629708222811671,1.629708222811671,1.629708222811671,3,1,1,1,3,479240,474924,482096,3,12681531348,12680442496,12682254295
2bde1def447358912b7e331906ffeab45594ec08037f8b72957197944502d351,measurement,4635ae43d5402f62f178e4e3015dde9198bccf4931704696e6e68f1f0a436a61,5746d4568c32ac96a201bfe577c16b89032fe609298f651278613a75d9be68b3,414bf43edde9f9b70c911ccee227982d6d357b6ffd48836461511dc86e6655a7,cw-us-e4a1-h100-221-159,3836384,c128,tensorstore,full-scan,131072,128.0,"[1,256,256]",3,3,2.4542630452502117,2.4239563092149896,2.4982437653098017,3,4.908526090500423,4.847912618429979,4.9964875306196035,3,18.001203084364533,17.684298111125827,18.226272203028202,3,19.45554523728788,19.133420692756772,19.820072408765554,3,1.4489912670105696,1.442949816584587,1.5883908327668905,3,47437578240,47437578240,47437578240,3,94875156480,94875156480,94875156480,3,25328836546,25328836546,25328836546,0,,,,0,,,,3,2,2,2,3,2388264,2336388,2410480,3,25357979577,25357886565,25359604463
2ad256b29f89dc77cd3e2ff7c2b65d886f5ad52a7c7414bdf917a1dc9a4fbecd,measurement,4635ae43d5402f62f178e4e3015dde9198bccf4931704696e6e68f1f0a436a61,5746d4568c32ac96a201bfe577c16b89032fe609298f651278613a75d9be68b3,414bf43edde9f9b70c911ccee227982d6d357b6ffd48836461511dc86e6655a7,cw-us-e4a1-h100-221-159,3836384,c16,damacy,full-scan,16384,16.0,"[1,64,128]",3,3,2.6198478517481867,2.5600030415597588,2.6503592082018352,3,5.239695703496373,5.1200060831195175,5.3007184164036705,3,16.863455437123775,16.669320657849312,17.257669925689697,3,18.570317570120096,18.535606924444437,19.141146643087268,3,1.8070205692201853,1.5931958872824907,1.8244978170841932,3,47437578240,47437578240,47437578240,3,94875156480,94875156480,94875156480,3,25092759552.0,25092759552.0,25092759552.0,3,57982058496.0,57982058496.0,57982058496.0,3,1.2222811671087532,1.2222811671087532,1.2222811671087532,3,2,2,2,3,517896,514704,522572,3,25236317960,25234577160,25236920072
83b6d92abb5e3654a45dad95872e513137fd6560dcaedae1af38c1c12bc21165,measurement,4635ae43d5402f62f178e4e3015dde9198bccf4931704696e6e68f1f0a436a61,5746d4568c32ac96a201bfe577c16b89032fe609298f651278613a75d9be68b3,414bf43edde9f9b70c911ccee227982d6d357b6ffd48836461511dc86e6655a7,cw-us-e4a1-h100-221-159,3836384,c16,tensorstore,full-scan,16384,16.0,"[1,64,128]",3,3,1.5331436432820595,1.473533905690774,1.566195299733601,3,3.066287286564119,2.947067811381548,3.132390599467202,3,14.408202288672328,14.104143815115094,14.991065807640553,3,14.738374207168818,14.48507833108306,15.40622916445136,3,0.37823578156530857,0.3274768255650997,0.41249543242156506,3,23718789120,23718789120,23718789120,3,47437578240,47437578240,47437578240,3,12546379963,12546379963,12546379963,0,,,,0,,,,3,1,1,1,3,2477756,2384080,2493636,3,12613768700,12613168842,12614637736
0a98b4a39e4c45fe91cd26ce0ed606d319e1b030a6b5de0d210b2ace90f843b5,measurement,4635ae43d5402f62f178e4e3015dde9198bccf4931704696e6e68f1f0a436a61,5746d4568c32ac96a201bfe577c16b89032fe609298f651278613a75d9be68b3,414bf43edde9f9b70c911ccee227982d6d357b6ffd48836461511dc86e6655a7,cw-us-e4a1-h100-221-159,3836384,c256,damacy,full-scan,262144,256.0,"[1,256,512]",3,3,1.0544688662544672,1.0369319174335137,1.1718688081194482,3,2.1089377325089345,2.0738638348670273,2.3437376162388963,3,20.94878706894815,18.85009959898889,21.303080152720213,3,21.85381744801998,19.766422202810645,22.22599022835493,3,0.8389545772224665,0.829007163643837,0.850163783878088,3,23718789120,23718789120,23718789120,3,47437578240,47437578240,47437578240,3,12778113024.0,12778113024.0,12778113024.0,3,51539607552.0,51539607552.0,51539607552.0,3,2.172944297082228,2.172944297082228,2.172944297082228,3,1,1,1,3,486016,486016,488068,3,12791882828,12791041991,12793435485
a787d2db368e44949ad8d3ae16dd5ddbfd1bb8685ed90d422e82c52d40b85da0,measurement,4635ae43d5402f62f178e4e3015dde9198bccf4931704696e6e68f1f0a436a61,5746d4568c32ac96a201bfe577c16b89032fe609298f651278613a75d9be68b3,414bf43edde9f9b70c911ccee227982d6d357b6ffd48836461511dc86e6655a7,cw-us-e4a1-h100-221-159,3836384,c256,tensorstore,full-scan,262144,256.0,"[1,256,512]",3,3,1.8358381293177788,1.773029738752428,2.175498953993028,3,3.6716762586355576,3.546059477504856,4.350997907986056,3,12.032566159963608,10.153920648619533,12.458811754360795,3,12.443012170493603,10.483717570081353,12.877106567844748,3,0.4077442139387131,0.32587719708681107,0.41539664566516876,3,23718789120,23718789120,23718789120,3,47437578240,47437578240,47437578240,3,12778113328,12778113328,12778113328,0,,,,0,,,,3,1,1,1,3,1445248,1420088,1507340,3,12791778135,12791428107,12792733926
28a1c4e755142ce7fb87231c47a497dbe85cde0a418c80829e598593bbe44e80,measurement,4635ae43d5402f62f178e4e3015dde9198bccf4931704696e6e68f1f0a436a61,5746d4568c32ac96a201bfe577c16b89032fe609298f651278613a75d9be68b3,414bf43edde9f9b70c911ccee227982d6d357b6ffd48836461511dc86e6655a7,cw-us-e4a1-h100-221-159,3836384,c32,damacy,full-scan,32768,32.0,"[1,128,128]",3,3,2.9296243633555097,2.853017957545079,2.968060631436446,3,5.859248726711019,5.706035915090158,5.936121262872892,3,15.080324990674853,14.885035376995802,15.485246906057,3,16.452729420736432,16.011994944885373,17.142227629199624,3,1.4892176669090986,0.8555197864770889,1.579566927626729,3,47437578240,47437578240,47437578240,3,94875156480,94875156480,94875156480,3,25078210560.0,25078210560.0,25078210560.0,3,64424509440.0,64424509440.0,64424509440.0,3,1.3580901856763925,1.3580901856763925,1.3580901856763925,3,2,2,2,3,484760,482944,486312,3,25155127224,25154978857,25156384696
d173621d2e979c9a46df5f8a377f919dae7662202f8f4fd39daa9fabbc201cb7,measurement,4635ae43d5402f62f178e4e3015dde9198bccf4931704696e6e68f1f0a436a61,5746d4568c32ac96a201bfe577c16b89032fe609298f651278613a75d9be68b3,414bf43edde9f9b70c911ccee227982d6d357b6ffd48836461511dc86e6655a7,cw-us-e4a1-h100-221-159,3836384,c32,tensorstore,full-scan,32768,32.0,"[1,128,128]",3,3,2.1483202533936367,2.0512994989064834,2.197911179975114,3,4.2966405067872735,4.102598997812967,4.395822359950228,3,10.282379321753979,10.050380539149046,10.768707232549787,3,11.209945447742939,10.443558568134904,11.211076883599162,3,0.4385262280702591,0.3904602900147438,0.9258141946047544,3,23718789120,23718789120,23718789120,3,47437578240,47437578240,47437578240,3,12539119609,12539119609,12539119609,0,,,,0,,,,3,1,1,1,3,2361828,2282736,2456820,3,12575296569,12574306982,12575795229
b19f774df81edfe7f389d4aa08c8d854709471e28d9c33012e0efbe33bfca0b5,measurement,4635ae43d5402f62f178e4e3015dde9198bccf4931704696e6e68f1f0a436a61,5746d4568c32ac96a201bfe577c16b89032fe609298f651278613a75d9be68b3,414bf43edde9f9b70c911ccee227982d6d357b6ffd48836461511dc86e6655a7,cw-us-e4a1-h100-221-159,3836384,c512,damacy,full-scan,524288,512.0,"[1,512,512]",3,3,1.8810072300971403,1.8437881508824416,2.056844241629596,3,3.7620144601942807,3.6875763017648833,4.113688483259192,3,11.743625115603209,10.739677464589477,11.98068429902196,3,12.639147706329823,11.604786491021514,12.910035541281104,3,0.8210312984883785,0.7917279787361622,0.8556550797075033,3,23718789120,23718789120,23718789120,3,47437578240,47437578240,47437578240,3,12805376000.0,12805376000.0,12805376000.0,3,68719476736.0,68719476736.0,68719476736.0,3,2.897259062776304,2.897259062776304,2.897259062776304,3,1,1,1,3,498312,497572,499392,3,12817111840,12815537264,12817824544
aa8eb7d6374c202f5921835144c7c45324e12c8ca6ac37f12b22b326568fad1b,measurement,4635ae43d5402f62f178e4e3015dde9198bccf4931704696e6e68f1f0a436a61,5746d4568c32ac96a201bfe577c16b89032fe609298f651278613a75d9be68b3,414bf43edde9f9b70c911ccee227982d6d357b6ffd48836461511dc86e6655a7,cw-us-e4a1-h100-221-159,3836384,c512,tensorstore,full-scan,524288,512.0,"[1,512,512]",3,3,2.0165156159822923,1.9620674127554654,2.1216098557631535,3,4.033031231964585,3.9241348255109307,4.243219711526307,3,10.954462030902505,10.41183122806251,11.258453000336885,3,11.416210975497961,10.807074718177319,11.665267260745168,3,0.40404510498046875,0.3925665244460106,0.4590103533118963,3,23718789120,23718789120,23718789120,3,47437578240,47437578240,47437578240,3,12805376000,12805376000,12805376000,0,,,,0,,,,3,1,1,1,3,1181936,1116388,1183392,3,12816095296,12815263808,12817396480
919b556176bf8a06a1609c56f1b3caf468641bb1fcc74e6ba684b072aff3c188,measurement,4635ae43d5402f62f178e4e3015dde9198bccf4931704696e6e68f1f0a436a61,5746d4568c32ac96a201bfe577c16b89032fe609298f651278613a75d9be68b3,414bf43edde9f9b70c911ccee227982d6d357b6ffd48836461511dc86e6655a7,cw-us-e4a1-h100-221-159,3836384,c64,damacy,full-scan,65536,64.0,"[1,128,256]",3,3,1.9038747752202156,1.7533191562929435,2.1612419755526537,3,3.8077495504404313,3.506638312585887,4.3224839511053075,3,11.602571785449982,10.220902610570192,12.598872071132064,3,11.836069736629725,10.451905762776732,12.873320370912552,3,0.16032984107732773,0.15839808993041515,0.1981650460511446,3,23718789120,23718789120,23718789120,3,47437578240,47437578240,47437578240,3,12656941056.0,12656941056.0,12656941056.0,3,32212254720.0,32212254720.0,32212254720.0,3,1.3580901856763925,1.3580901856763925,1.3580901856763925,3,1,1,1,3,470936,470304,470948,3,12678386859,12677129387,12678755499
135ecd2527fa2e1460f6ff001976ed862095c3d25f280b649d6697ef2db62dab,measurement,4635ae43d5402f62f178e4e3015dde9198bccf4931704696e6e68f1f0a436a61,5746d4568c32ac96a201bfe577c16b89032fe609298f651278613a75d9be68b3,414bf43edde9f9b70c911ccee227982d6d357b6ffd48836461511dc86e6655a7,cw-us-e4a1-h100-221-159,3836384,c64,tensorstore,full-scan,65536,64.0,"[1,128,256]",3,3,2.2905274375550446,2.2479491963096954,2.3434763007597406,3,4.581054875110089,4.495898392619391,4.686952601519481,3,19.28799750469625,18.852201528847218,19.65333005413413,3,21.247043017297983,20.992545880377293,21.662611722946167,3,2.0037070345133543,1.9537217896431684,2.134750761091709,3,47437578240,47437578240,47437578240,3,94875156480,94875156480,94875156480,3,25313984420,25313984420,25313984420,0,,,,0,,,,3,2,2,2,3,2433228,2338596,2536644,3,25355984133,25352754337,25357205848
b88817d1eb4c2ec69e4ad1dce8e22ba543fc49dc4773715dc70ce775f3d4a415,measurement,4635ae43d5402f62f178e4e3015dde9198bccf4931704696e6e68f1f0a436a61,d688712d0e73d712a91cdfc295dc6b8d2f4b3dc6d316bd8514ec0c1b0420034f,414bf43edde9f9b70c911ccee227982d6d357b6ffd48836461511dc86e6655a7,cw-us-e4a1-h100-221-159,3836384,c128,damacy,aligned-512,131072,128.0,"[1,256,256]",3,3,3.3533710293716803,3.258117333504078,3.4937652405563258,3,6.706742058743361,6.516234667008156,6.9875304811126515,3,10.30406954139471,10.139051033183932,10.435474392026663,3,13.275616073980927,13.199328292161226,13.566105069592595,3,3.0121007952839136,2.7931886799633503,3.2115459367632866,3,36507222016,36507222016,38654705664,3,73014444032,73014444032,77309411328,3,19307032872.0,19307032872.0,20442740688.0,3,36462657536.0,36462657536.0,38607519744.0,3,0.998779296875,0.998779296875,0.998779296875,3,17,17,18,3,370280,360092,371304,3,20921839616,20921503744,22153240576
0566dad4f51a53fdc7aeea0862f463973137bc1859c3d03edc833729c53f6148,measurement,4635ae43d5402f62f178e4e3015dde9198bccf4931704696e6e68f1f0a436a61,d688712d0e73d712a91cdfc295dc6b8d2f4b3dc6d316bd8514ec0c1b0420034f,414bf43edde9f9b70c911ccee227982d6d357b6ffd48836461511dc86e6655a7,cw-us-e4a1-h100-221-159,3836384,c128,tensorstore,aligned-512,131072,128.0,"[1,256,256]",3,3,2.129246552173882,1.9255614738766507,2.186438043526084,3,4.258493104347764,3.8511229477533013,4.372876087052168,3,10.33229335397482,10.06202762760222,10.38658088631928,3,13.38172791339457,13.261317282915115,13.96035073325038,3,3.172470873221755,3.023879488930106,3.550160750746727,3,23622320128,21474836480,23622320128,3,47244640256,42949672960,47244640256,3,12474455807,11340333211,12476998281,0,,,,0,,,,3,11,10,11,3,607532,605704,616652,3,13423460352,12203192320,13425672192
a5a9689d982f533b2c3592f7a5712aaaeba54f93ddb6c32aff49fac5432201e6,measurement,4635ae43d5402f62f178e4e3015dde9198bccf4931704696e6e68f1f0a436a61,d688712d0e73d712a91cdfc295dc6b8d2f4b3dc6d316bd8514ec0c1b0420034f,414bf43edde9f9b70c911ccee227982d6d357b6ffd48836461511dc86e6655a7,cw-us-e4a1-h100-221-159,3836384,c16,damacy,aligned-512,16384,16.0,"[1,64,128]",3,3,1.035070515815967,1.029595542415987,1.1796037543476063,3,2.070141031631934,2.059191084831974,2.3592075086952127,3,11.593413025140762,10.17290760204196,11.655062114819884,3,12.641307074576616,11.27518836595118,12.908211216330528,3,1.080505970865488,1.025843322277069,1.2316976021975279,3,12884901888,12884901888,12884901888,3,25769803776,25769803776,25769803776,3,6786938100.0,6786938100.0,6786938100.0,3,12869173248.0,12869173248.0,12869173248.0,3,0.998779296875,0.998779296875,0.998779296875,3,6,6,6,3,406120,405376,409344,3,7449640960,7441113088,7451385856
a392f6e0c7a29bae3c35feeba333595179960445b1f98ef753806bbd59ca820f,measurement,4635ae43d5402f62f178e4e3015dde9198bccf4931704696e6e68f1f0a436a61,d688712d0e73d712a91cdfc295dc6b8d2f4b3dc6d316bd8514ec0c1b0420034f,414bf43edde9f9b70c911ccee227982d6d357b6ffd48836461511dc86e6655a7,cw-us-e4a1-h100-221-159,3836384,c16,tensorstore,aligned-512,16384,16.0,"[1,64,128]",3,3,1.7819630717894788,1.7510522110047826,1.8735542394877909,3,3.5639261435789575,3.502104422009565,3.7471084789755817,3,10.674897784367204,10.27953357808292,11.22357714176178,3,13.00948341563344,12.41005221195519,13.604575157165527,3,2.311234036460519,2.109182311221957,2.3572515044361353,3,21474836480,19327352832,21474836480,3,42949672960,38654705664,42949672960,3,11295387549,10166525771,11295916292,0,,,,0,,,,3,10,9,10,3,1022708,1012476,1047528,3,12144635904,10933829632,12153065472
16073f5436f43864befb2c15e7d6e22b25f526799c07e8e1440260ce4362252d,measurement,4635ae43d5402f62f178e4e3015dde9198bccf4931704696e6e68f1f0a436a61,d688712d0e73d712a91cdfc295dc6b8d2f4b3dc6d316bd8514ec0c1b0420034f,414bf43edde9f9b70c911ccee227982d6d357b6ffd48836461511dc86e6655a7,cw-us-e4a1-h100-221-159,3836384,c256,damacy,aligned-512,262144,256.0,"[1,256,512]",3,3,3.4002808978000623,2.953018545921826,3.4972482042876623,3,6.8005617956001245,5.906037091843652,6.9944964085753245,3,10.293807558715343,10.15909637324512,10.587360598146915,3,13.559385124593973,13.54698427207768,14.419226104393601,3,3.3436573911458254,3.214679369702935,3.782051607966423,3,38654705664,32212254720,38654705664,3,77309411328,64424509440,77309411328,3,20504708604.0,17087257170.0,20504708604.0,3,38607519744.0,32172933120.0,38607519744.0,3,0.998779296875,0.998779296875,0.998779296875,3,18,15,18,3,400860,395316,403332,3,22070575104,18398113792,22081622016
184dbfe80f626ad71142fb06a6dd83e0f471dc94f0d21c497c04e005bda892ef,measurement,4635ae43d5402f62f178e4e3015dde9198bccf4931704696e6e68f1f0a436a61,d688712d0e73d712a91cdfc295dc6b8d2f4b3dc6d316bd8514ec0c1b0420034f,414bf43edde9f9b70c911ccee227982d6d357b6ffd48836461511dc86e6655a7,cw-us-e4a1-h100-221-159,3836384,c256,tensorstore,aligned-512,262144,256.0,"[1,256,512]",3,3,2.136234489641623,1.9261438676057139,2.3316021440725363,3,4.272468979283246,3.8522877352114278,4.663204288145073,3,10.298494901508093,10.293351316824555,10.383440373465419,3,13.523064736276865,13.406603587791324,13.684708751738071,3,3.199381312355399,2.9977843333035707,3.3629883471876383,3,23622320128,21474836480,25769803776,3,47244640256,42949672960,51539607552,3,12509783460,11373994574,13650064594,0,,,,0,,,,3,11,10,12,3,552692,538072,553524,3,13422194688,12198891520,14637166592
f1e3b8a4f26610aa8cc65e35356c314ad9f845c14d43ba758f962f94f23c28c6,measurement,4635ae43d5402f62f178e4e3015dde9198bccf4931704696e6e68f1f0a436a61,d688712d0e73d712a91cdfc295dc6b8d2f4b3dc6d316bd8514ec0c1b0420034f,414bf43edde9f9b70c911ccee227982d6d357b6ffd48836461511dc86e6655a7,cw-us-e4a1-h100-221-159,3836384,c32,damacy,aligned-512,32768,32.0,"[1,128,128]",3,3,2.126961160506578,1.8694323707022527,2.2766215450581098,3,4.253922321013156,3.7388647414045053,4.5532430901162195,3,10.541936604306102,10.34339526668191,10.698434622958302,3,12.674410143867135,12.221908004954457,13.09097534045577,3,2.0977240204811096,1.8445266541093588,2.3612016309052706,3,23622320128,21474836480,25769803776,3,47244640256,42949672960,51539607552,3,12431199594.0,11301090540.0,13561308648.0,3,23593484288.0,21448622080.0,25738346496.0,3,0.998779296875,0.998779296875,0.998779296875,3,11,10,12,3,370072,369252,375400,3,13464768512,12241051648,14686404608
b8b3b7e213f4aaf457a5c8f624d904dc54fe7f7b4c0582cd3538e2e8cd573baf,measurement,4635ae43d5402f62f178e4e3015dde9198bccf4931704696e6e68f1f0a436a61,d688712d0e73d712a91cdfc295dc6b8d2f4b3dc6d316bd8514ec0c1b0420034f,414bf43edde9f9b70c911ccee227982d6d357b6ffd48836461511dc86e6655a7,cw-us-e4a1-h100-221-159,3836384,c32,tensorstore,aligned-512,32768,32.0,"[1,128,128]",3,3,2.079330616621916,1.6649384290691747,2.1522654468871893,3,4.158661233243832,3.3298768581383493,4.304530893774379,3,10.580328026786447,10.221787480637431,10.811210604384542,3,13.017157075926661,12.777125969529152,13.217308804392815,3,2.530313616618514,2.1845427472144365,2.610826965421438,3,23622320128,19327352832,23622320128,3,47244640256,38654705664,47244640256,3,12414625335,10158162054,12415925773,0,,,,0,,,,3,11,9,11,3,785576,769188,791276,3,13344235520,10928631808,13346619392
d59082d0580488f13c847b9769b05da3c349c2798fc05b0358281f196348c8da,measurement,4635ae43d5402f62f178e4e3015dde9198bccf4931704696e6e68f1f0a436a61,d688712d0e73d712a91cdfc295dc6b8d2f4b3dc6d316bd8514ec0c1b0420034f,414bf43edde9f9b70c911ccee227982d6d357b6ffd48836461511dc86e6655a7,cw-us-e4a1-h100-221-159,3836384,c512,damacy,aligned-512,524288,512.0,"[1,512,512]",3,3,3.4505472208402113,3.4368827331170513,3.685981236350332,3,6.9010944416804225,6.873765466234103,7.371962472700664,3,10.433127760887146,10.309330830350518,10.474608182907104,3,13.72301745787263,13.715264596045017,14.357071742415428,3,3.3581985533237457,3.230595340952277,3.8317018691450357,3,38654705664,38654705664,40802189312,3,77309411328,77309411328,81604378624,3,20503530396.0,20503530396.0,21642615418.0,3,38607519744.0,38607519744.0,40752381952.0,3,0.998779296875,0.998779296875,0.998779296875,3,18,18,19,3,408984,403932,411244,3,22185185280,22182768640,23413227520
a9fbeb75dab3697734c219296ff63a91d85f06a0a00108d326abe942efbc9cb3,measurement,4635ae43d5402f62f178e4e3015dde9198bccf4931704696e6e68f1f0a436a61,d688712d0e73d712a91cdfc295dc6b8d2f4b3dc6d316bd8514ec0c1b0420034f,414bf43edde9f9b70c911ccee227982d6d357b6ffd48836461511dc86e6655a7,cw-us-e4a1-h100-221-159,3836384,c512,tensorstore,aligned-512,524288,512.0,"[1,512,512]",3,3,2.3261034929982713,2.1583600039311697,2.3328897198252907,3,4.652206985996543,4.316720007862339,4.665779439650581,3,10.287670178338885,10.192924238741398,10.317683659493923,3,13.0512859467417,12.793093129992485,13.105446884408593,3,2.7362829446792603,2.574397325515747,2.758877558633685,3,25769803776,23622320128,25769803776,3,51539607552,47244640256,51539607552,3,13647636669,12511605080,13650914205,0,,,,0,,,,3,12,11,12,3,501576,498132,510808,3,14654300160,13442514944,14658338816
29a711d0541c3d801a46518192ee3cb915efee49b13c40a720b104d2bdd7588a,measurement,4635ae43d5402f62f178e4e3015dde9198bccf4931704696e6e68f1f0a436a61,d688712d0e73d712a91cdfc295dc6b8d2f4b3dc6d316bd8514ec0c1b0420034f,414bf43edde9f9b70c911ccee227982d6d357b6ffd48836461511dc86e6655a7,cw-us-e4a1-h100-221-159,3836384,c64,damacy,aligned-512,65536,64.0,"[1,128,256]",3,3,3.1317991634194167,2.206715253967318,3.1948511728616698,3,6.263598326838833,4.413430507934636,6.3897023457233395,3,10.217768870294094,10.016116015613079,10.875893460586667,3,13.079536024481058,12.83624411560595,13.65618091262877,3,2.7749429270625114,2.167048566043377,3.3897469229996204,3,34359738368,25769803776,34359738368,3,68719476736,51539607552,68719476736,3,18175514240.0,13631635680.0,18175514240.0,3,34317795328.0,25738346496.0,34317795328.0,3,0.998779296875,0.998779296875,0.998779296875,3,16,12,16,3,360452,357212,361476,3,19712217088,14787252224,19713359872
038efed18b521cc4c61bf1b3fd9e2e7b42dfbfd28cdd0409c82b9314253c800f,measurement,4635ae43d5402f62f178e4e3015dde9198bccf4931704696e6e68f1f0a436a61,d688712d0e73d712a91cdfc295dc6b8d2f4b3dc6d316bd8514ec0c1b0420034f,414bf43edde9f9b70c911ccee227982d6d357b6ffd48836461511dc86e6655a7,cw-us-e4a1-h100-221-159,3836384,c64,tensorstore,aligned-512,65536,64.0,"[1,128,256]",3,3,2.0852423482590994,1.686009976748535,2.191766431322445,3,4.170484696518199,3.37201995349707,4.38353286264489,3,10.550332443788648,10.037565903738141,10.676093408837914,3,12.88177009485662,12.719195328652859,13.220429299399257,3,2.643494341522455,2.1845097951591015,2.6559005174785852,3,23622320128,19327352832,23622320128,3,47244640256,38654705664,47244640256,3,12478721118,10210455211,12480997264,0,,,,0,,,,3,11,9,11,3,667748,650984,668176,3,13432696832,10993451008,13433602048
