case_id,phase,repeat,layout_id,workload,backend,status,returncode,result_count,terminal_count,observed_pass_events,accepted,wall_seconds,message
r1-c128-aligned-512-damacy,measurement,1,c128,aligned-512,damacy,accepted,0,1,1,17,true,14.845951607450843,
r1-c128-aligned-512-tensorstore,measurement,1,c128,aligned-512,tensorstore,accepted,0,1,1,11,true,14.999453691765666,
r1-c128-full-scan-damacy,measurement,1,c128,full-scan,damacy,accepted,0,1,1,1,true,16.648322109133005,
r1-c128-full-scan-tensorstore,measurement,1,c128,full-scan,tensorstore,accepted,0,1,1,2,true,21.207346815615892,
r1-c128-translated-256-damacy,measurement,1,c128,translated-256,damacy,accepted,0,1,1,9,true,13.996406517922878,
r1-c128-translated-256-tensorstore,measurement,1,c128,translated-256,tensorstore,accepted,0,1,1,8,true,14.699524255469441,
r1-c128-translated-512-damacy,measurement,1,c128,translated-512,damacy,accepted,0,1,1,7,true,14.146236207336187,
r1-c128-translated-512-tensorstore,measurement,1,c128,translated-512,tensorstore,accepted,0,1,1,7,true,15.496901167556643,
r1-c16-aligned-512-damacy,measurement,1,c16,aligned-512,damacy,accepted,0,1,1,6,true,13.043697196990252,
r1-c16-aligned-512-tensorstore,measurement,1,c16,aligned-512,tensorstore,accepted,0,1,1,10,true,14.598286161199212,
r1-c16-full-scan-damacy,measurement,1,c16,full-scan,damacy,accepted,0,1,1,2,true,20.660273419693112,
r1-c16-full-scan-tensorstore,measurement,1,c16,full-scan,tensorstore,accepted,0,1,1,1,true,16.79537202231586,
r1-c16-translated-256-damacy,measurement,1,c16,translated-256,damacy,accepted,0,1,1,4,true,13.040791718289256,
r1-c16-translated-256-tensorstore,measurement,1,c16,translated-256,tensorstore,accepted,0,1,1,4,true,15.340547576546669,
r1-c16-translated-512-damacy,measurement,1,c16,translated-512,damacy,accepted,0,1,1,3,true,14.992412634193897,
r1-c16-translated-512-tensorstore,measurement,1,c16,translated-512,tensorstore,accepted,0,1,1,3,true,14.44998319260776,
r1-c256-aligned-512-damacy,measurement,1,c256,aligned-512,damacy,accepted,0,1,1,18,true,16.156662303954363,
r1-c256-aligned-512-tensorstore,measurement,1,c256,aligned-512,tensorstore,accepted,0,1,1,11,true,15.046697728335857,
r1-c256-full-scan-damacy,measurement,1,c256,full-scan,damacy,accepted,0,1,1,1,true,21.553185492753983,
r1-c256-full-scan-tensorstore,measurement,1,c256,full-scan,tensorstore,accepted,0,1,1,1,true,12.392417116090655,
r1-c256-translated-256-damacy,measurement,1,c256,translated-256,damacy,accepted,0,1,1,12,true,14.097177254036069,
r1-c256-translated-256-tensorstore,measurement,1,c256,translated-256,tensorstore,accepted,0,1,1,11,true,15.88041909225285,
r1-c256-translated-512-damacy,measurement,1,c256,translated-512,damacy,accepted,0,1,1,7,true,13.642870863899589,
r1-c256-translated-512-tensorstore,measurement,1,c256,translated-512,tensorstore,accepted,0,1,1,6,true,13.952642099931836,
r1-c32-aligned-512-damacy,measurement,1,c32,aligned-512,damacy,accepted,0,1,1,12,true,14.2943693716079,
r1-c32-aligned-512-tensorstore,measurement,1,c32,aligned-512,tensorstore,accepted,0,1,1,11,true,14.447695022448897,
r1-c32-full-scan-damacy,measurement,1,c32,full-scan,damacy,accepted,0,1,1,2,true,18.30293437279761,
r1-c32-full-scan-tensorstore,measurement,1,c32,full-scan,tensorstore,accepted,0,1,1,1,true,12.34530240111053,
r1-c32-translated-256-damacy,measurement,1,c32,translated-256,damacy,accepted,0,1,1,6,true,12.939730005338788,
r1-c32-translated-256-tensorstore,measurement,1,c32,translated-256,tensorstore,accepted,0,1,1,6,true,14.994208147749305,
r1-c32-translated-512-damacy,measurement,1,c32,translated-512,damacy,accepted,0,1,1,4,true,15.246830692514777,
r1-c32-translated-512-tensorstore,measurement,1,c32,translated-512,tensorstore,accepted,0,1,1,4,true,13.641476932913065,
r1-c512-aligned-512-damacy,measurement,1,c512,aligned-512,damacy,accepted,0,1,1,19,true,15.247525863349438,
r1-c512-aligned-512-tensorstore,measurement,1,c512,aligned-512,tensorstore,accepted,0,1,1,12,true,14.646032894030213,
r1-c512-full-scan-damacy,measurement,1,c512,full-scan,damacy,accepted,0,1,1,1,true,14.243060084059834,
r1-c512-full-scan-tensorstore,measurement,1,c512,full-scan,tensorstore,accepted,0,1,1,1,true,12.640832690522075,
r1-c512-translated-256-damacy,measurement,1,c512,translated-256,damacy,accepted,0,1,1,13,true,14.19834597222507,
r1-c512-translated-256-tensorstore,measurement,1,c512,translated-256,tensorstore,accepted,0,1,1,12,true,15.448739806190133,
r1-c512-translated-512-damacy,measurement,1,c512,translated-512,damacy,accepted,0,1,1,8,true,15.199657160788774,
r1-c512-translated-512-tensorstore,measurement,1,c512,translated-512,tensorstore,accepted,0,1,1,7,true,14.445392655208707,
r1-c64-aligned-512-damacy,measurement,1,c64,aligned-512,damacy,accepted,0,1,1,16,true,14.557812260463834,
r1-c64-aligned-512-tensorstore,measurement,1,c64,aligned-512,tensorstore,accepted,0,1,1,11,true,14.948135307058692,
r1-c64-full-scan-damacy,measurement,1,c64,full-scan,damacy,accepted,0,1,1,1,true,14.743325097486377,
r1-c64-full-scan-tensorstore,measurement,1,c64,full-scan,tensorstore,accepted,0,1,1,2,true,23.414982054382563,
r1-c64-translated-256-damacy,measurement,1,c64,translated-256,damacy,accepted,0,1,1,9,true,13.643941670656204,
r1-c64-translated-256-tensorstore,measurement,1,c64,translated-256,tensorstore,accepted,0,1,1,8,true,13.19660603441298,
r1-c64-translated-512-damacy,measurement,1,c64,translated-512,damacy,accepted,0,1,1,7,true,14.044384701177478,
r1-c64-translated-512-tensorstore,measurement,1,c64,translated-512,tensorstore,accepted,0,1,1,6,true,13.595160579308867,
r2-c128-aligned-512-damacy,measurement,2,c128,aligned-512,damacy,accepted,0,1,1,17,true,14.95338897779584,
r2-c128-aligned-512-tensorstore,measurement,2,c128,aligned-512,tensorstore,accepted,0,1,1,10,true,15.648157976567745,
r2-c128-full-scan-damacy,measurement,2,c128,full-scan,damacy,accepted,0,1,1,1,true,14.602085459977388,
r2-c128-full-scan-tensorstore,measurement,2,c128,full-scan,tensorstore,accepted,0,1,1,2,true,21.521653577685356,
r2-c128-translated-256-damacy,measurement,2,c128,translated-256,damacy,accepted,0,1,1,9,true,14.193625707179308,
r2-c128-translated-256-tensorstore,measurement,2,c128,translated-256,tensorstore,accepted,0,1,1,8,true,14.692129503935575,
r2-c128-translated-512-damacy,measurement,2,c128,translated-512,damacy,accepted,0,1,1,7,true,14.95203028805554,
r2-c128-translated-512-tensorstore,measurement,2,c128,translated-512,tensorstore,accepted,0,1,1,7,true,15.3546885792166,
r2-c16-aligned-512-damacy,measurement,2,c16,aligned-512,damacy,accepted,0,1,1,6,true,14.794104356318712,
r2-c16-aligned-512-tensorstore,measurement,2,c16,aligned-512,tensorstore,accepted,0,1,1,9,true,14.146745717152953,
r2-c16-full-scan-damacy,measurement,2,c16,full-scan,damacy,accepted,0,1,1,2,true,21.716251285746694,
r2-c16-full-scan-tensorstore,measurement,2,c16,full-scan,tensorstore,accepted,0,1,1,1,true,16.7567523047328,
r2-c16-translated-256-damacy,measurement,2,c16,translated-256,damacy,accepted,0,1,1,4,true,14.896746397018433,
r2-c16-translated-256-tensorstore,measurement,2,c16,translated-256,tensorstore,accepted,0,1,1,3,true,13.743808679282665,
r2-c16-translated-512-damacy,measurement,2,c16,translated-512,damacy,accepted,0,1,1,3,true,12.88752719387412,
r2-c16-translated-512-tensorstore,measurement,2,c16,translated-512,tensorstore,accepted,0,1,1,3,true,14.744536813348532,
r2-c256-aligned-512-damacy,measurement,2,c256,aligned-512,damacy,accepted,0,1,1,18,true,15.097193114459515,
r2-c256-aligned-512-tensorstore,measurement,2,c256,aligned-512,tensorstore,accepted,0,1,1,12,true,15.296568231657147,
r2-c256-full-scan-damacy,measurement,2,c256,full-scan,damacy,accepted,0,1,1,1,true,24.110351223498583,
r2-c256-full-scan-tensorstore,measurement,2,c256,full-scan,tensorstore,accepted,0,1,1,1,true,14.548255940899253,
r2-c256-translated-256-damacy,measurement,2,c256,translated-256,damacy,accepted,0,1,1,12,true,14.756482560187578,
r2-c256-translated-256-tensorstore,measurement,2,c256,translated-256,tensorstore,accepted,0,1,1,11,true,15.047161433845758,
r2-c256-translated-512-damacy,measurement,2,c256,translated-512,damacy,accepted,0,1,1,7,true,14.298575296998024,
r2-c256-translated-512-tensorstore,measurement,2,c256,translated-512,tensorstore,accepted,0,1,1,7,true,15.400861656293273,
r2-c32-aligned-512-damacy,measurement,2,c32,aligned-512,damacy,accepted,0,1,1,11,true,14.052718695253134,
r2-c32-aligned-512-tensorstore,measurement,2,c32,aligned-512,tensorstore,accepted,0,1,1,11,true,14.799075091257691,
r2-c32-full-scan-damacy,measurement,2,c32,full-scan,damacy,accepted,0,1,1,2,true,17.904489448294044,
r2-c32-full-scan-tensorstore,measurement,2,c32,full-scan,tensorstore,accepted,0,1,1,1,true,13.261193245649338,
r2-c32-translated-256-damacy,measurement,2,c32,translated-256,damacy,accepted,0,1,1,5,true,14.096552127972245,
r2-c32-translated-256-tensorstore,measurement,2,c32,translated-256,tensorstore,accepted,0,1,1,5,true,14.199941908940673,
r2-c32-translated-512-damacy,measurement,2,c32,translated-512,damacy,accepted,0,1,1,4,true,14.995799206197262,
r2-c32-translated-512-tensorstore,measurement,2,c32,translated-512,tensorstore,accepted,0,1,1,4,true,14.692032804712653,
r2-c512-aligned-512-damacy,measurement,2,c512,aligned-512,damacy,accepted,0,1,1,18,true,16.51168174110353,
r2-c512-aligned-512-tensorstore,measurement,2,c512,aligned-512,tensorstore,accepted,0,1,1,11,true,14.494745779782534,
r2-c512-full-scan-damacy,measurement,2,c512,full-scan,damacy,accepted,0,1,1,1,true,13.297703495249152,
r2-c512-full-scan-tensorstore,measurement,2,c512,full-scan,tensorstore,accepted,0,1,1,1,true,13.594581941142678,
r2-c512-translated-256-damacy,measurement,2,c512,translated-256,damacy,accepted,0,1,1,12,true,13.847964107990265,
r2-c512-translated-256-tensorstore,measurement,2,c512,translated-256,tensorstore,accepted,0,1,1,11,true,14.699210040271282,
r2-c512-translated-512-damacy,measurement,2,c512,translated-512,damacy,accepted,0,1,1,5,true,13.546092513948679,
r2-c512-translated-512-tensorstore,measurement,2,c512,translated-512,tensorstore,accepted,0,1,1,4,true,13.399480815976858,
r2-c64-aligned-512-damacy,measurement,2,c64,aligned-512,damacy,accepted,0,1,1,16,true,15.298673579469323,
r2-c64-aligned-512-tensorstore,measurement,2,c64,aligned-512,tensorstore,accepted,0,1,1,11,true,14.501007108017802,
r2-c64-full-scan-damacy,measurement,2,c64,full-scan,damacy,accepted,0,1,1,1,true,13.74739470332861,
r2-c64-full-scan-tensorstore,measurement,2,c64,full-scan,tensorstore,accepted,0,1,1,2,true,23.010794404894114,
r2-c64-translated-256-damacy,measurement,2,c64,translated-256,damacy,accepted,0,1,1,9,true,14.241930235177279,
r2-c64-translated-256-tensorstore,measurement,2,c64,translated-256,tensorstore,accepted,0,1,1,7,true,13.39712038449943,
r2-c64-translated-512-damacy,measurement,2,c64,translated-512,damacy,accepted,0,1,1,6,true,13.292797915637493,
r2-c64-translated-512-tensorstore,measurement,2,c64,translated-512,tensorstore,accepted,0,1,1,6,true,15.001469170674682,
r3-c128-aligned-512-damacy,measurement,3,c128,aligned-512,damacy,accepted,0,1,1,18,true,15.162511106580496,
r3-c128-aligned-512-tensorstore,measurement,3,c128,aligned-512,tensorstore,accepted,0,1,1,11,true,15.04873638600111,
r3-c128-full-scan-damacy,measurement,3,c128,full-scan,damacy,accepted,0,1,1,1,true,18.622141180559993,
r3-c128-full-scan-tensorstore,measurement,3,c128,full-scan,tensorstore,accepted,0,1,1,2,true,22.063048915937543,
r3-c128-translated-256-damacy,measurement,3,c128,translated-256,damacy,accepted,0,1,1,8,true,14.354408424347639,
r3-c128-translated-256-tensorstore,measurement,3,c128,translated-256,tensorstore,accepted,0,1,1,8,true,14.547380303964019,
r3-c128-translated-512-damacy,measurement,3,c128,translated-512,damacy,accepted,0,1,1,5,true,15.758843483403325,
r3-c128-translated-512-tensorstore,measurement,3,c128,translated-512,tensorstore,accepted,0,1,1,5,true,14.713791964575648,
r3-c16-aligned-512-damacy,measurement,3,c16,aligned-512,damacy,accepted,0,1,1,6,true,14.597011735662818,
r3-c16-aligned-512-tensorstore,measurement,3,c16,aligned-512,tensorstore,accepted,0,1,1,10,true,15.30585192143917,
r3-c16-full-scan-damacy,measurement,3,c16,full-scan,damacy,accepted,0,1,1,2,true,20.863572787493467,
r3-c16-full-scan-tensorstore,measurement,3,c16,full-scan,tensorstore,accepted,0,1,1,1,true,17.702227223664522,
r3-c16-translated-256-damacy,measurement,3,c16,translated-256,damacy,accepted,0,1,1,3,true,14.151636404916644,
r3-c16-translated-256-tensorstore,measurement,3,c16,translated-256,tensorstore,accepted,0,1,1,3,true,13.393950708210468,
r3-c16-translated-512-damacy,measurement,3,c16,translated-512,damacy,accepted,0,1,1,2,true,16.203079540282488,
r3-c16-translated-512-tensorstore,measurement,3,c16,translated-512,tensorstore,accepted,0,1,1,2,true,18.10607387125492,
r3-c256-aligned-512-damacy,measurement,3,c256,aligned-512,damacy,accepted,0,1,1,15,true,15.302493127062917,
r3-c256-aligned-512-tensorstore,measurement,3,c256,aligned-512,tensorstore,accepted,0,1,1,10,true,15.203910978510976,
r3-c256-full-scan-damacy,measurement,3,c256,full-scan,damacy,accepted,0,1,1,1,true,23.810083266347647,
r3-c256-full-scan-tensorstore,measurement,3,c256,full-scan,tensorstore,accepted,0,1,1,1,true,15.152116168290377,
r3-c256-translated-256-damacy,measurement,3,c256,translated-256,damacy,accepted,0,1,1,10,true,14.097336128354073,
r3-c256-translated-256-tensorstore,measurement,3,c256,translated-256,tensorstore,accepted,0,1,1,11,true,16.247933512553573,
r3-c256-translated-512-damacy,measurement,3,c256,translated-512,damacy,accepted,0,1,1,4,true,14.305912313982844,
r3-c256-translated-512-tensorstore,measurement,3,c256,translated-512,tensorstore,accepted,0,1,1,6,true,15.513031536713243,
r3-c32-aligned-512-damacy,measurement,3,c32,aligned-512,damacy,accepted,0,1,1,10,true,15.418613977730274,
r3-c32-aligned-512-tensorstore,measurement,3,c32,aligned-512,tensorstore,accepted,0,1,1,9,true,14.857822887599468,
r3-c32-full-scan-damacy,measurement,3,c32,full-scan,damacy,accepted,0,1,1,2,true,19.513610180467367,
r3-c32-full-scan-tensorstore,measurement,3,c32,full-scan,tensorstore,accepted,0,1,1,1,true,13.708001427352428,
r3-c32-translated-256-damacy,measurement,3,c32,translated-256,damacy,accepted,0,1,1,5,true,12.444036934524775,
r3-c32-translated-256-tensorstore,measurement,3,c32,translated-256,tensorstore,accepted,0,1,1,5,true,13.394265089184046,
r3-c32-translated-512-damacy,measurement,3,c32,translated-512,damacy,accepted,0,1,1,3,true,16.604812528938055,
r3-c32-translated-512-tensorstore,measurement,3,c32,translated-512,tensorstore,accepted,0,1,1,3,true,15.249882077798247,
r3-c512-aligned-512-damacy,measurement,3,c512,aligned-512,damacy,accepted,0,1,1,18,true,16.00181396305561,
r3-c512-aligned-512-tensorstore,measurement,3,c512,aligned-512,tensorstore,accepted,0,1,1,12,true,14.750931210815907,
r3-c512-full-scan-damacy,measurement,3,c512,full-scan,damacy,accepted,0,1,1,1,true,14.74929211102426,
r3-c512-full-scan-tensorstore,measurement,3,c512,full-scan,tensorstore,accepted,0,1,1,1,true,13.548773352056742,
r3-c512-translated-256-damacy,measurement,3,c512,translated-256,damacy,accepted,0,1,1,7,true,13.298746101558208,
r3-c512-translated-256-tensorstore,measurement,3,c512,translated-256,tensorstore,accepted,0,1,1,8,true,14.463453343138099,
r3-c512-translated-512-damacy,measurement,3,c512,translated-512,damacy,accepted,0,1,1,6,true,13.39925716072321,
r3-c512-translated-512-tensorstore,measurement,3,c512,translated-512,tensorstore,accepted,0,1,1,6,true,14.348316131159663,
r3-c64-aligned-512-damacy,measurement,3,c64,aligned-512,damacy,accepted,0,1,1,12,true,15.104595687240362,
r3-c64-aligned-512-tensorstore,measurement,3,c64,aligned-512,tensorstore,accepted,0,1,1,9,true,14.758196394890547,
r3-c64-full-scan-damacy,measurement,3,c64,full-scan,damacy,accepted,0,1,1,1,true,12.749454081058502,
r3-c64-full-scan-tensorstore,measurement,3,c64,full-scan,tensorstore,accepted,0,1,1,2,true,23.615489300340414,
r3-c64-translated-256-damacy,measurement,3,c64,translated-256,damacy,accepted,0,1,1,6,true,13.101040177047253,
r3-c64-translated-256-tensorstore,measurement,3,c64,translated-256,tensorstore,accepted,0,1,1,6,true,14.649390947073698,
r3-c64-translated-512-damacy,measurement,3,c64,translated-512,damacy,accepted,0,1,1,4,true,15.010586256161332,
r3-c64-translated-512-tensorstore,measurement,3,c64,translated-512,tensorstore,accepted,0,1,1,4,true,14.571349551901221,
