layout_id,backend,repeat,policy_id,machine_id,chunk_kib,aligned_case_id,translated_case_id,aligned_trace_sha256,translated_trace_sha256,aligned_useful_gibs,translated_useful_gibs,aligned_over_translated_rate
c128,damacy,1,4635ae43d5402f62f178e4e3015dde9198bccf4931704696e6e68f1f0a436a61,414bf43edde9f9b70c911ccee227982d6d357b6ffd48836461511dc86e6655a7,128.0,r1-c128-aligned-512-damacy,r1-c128-translated-512-damacy,d688712d0e73d712a91cdfc295dc6b8d2f4b3dc6d316bd8514ec0c1b0420034f,5248277298803e9c822a8b001eb8ad2e40195401bbffc3d2ed6f03c5e22cae70,3.258117333504078,1.2825661851095838,2.5403112691807803
c128,damacy,2,4635ae43d5402f62f178e4e3015dde9198bccf4931704696e6e68f1f0a436a61,414bf43edde9f9b70c911ccee227982d6d357b6ffd48836461511dc86e6655a7,128.0,r2-c128-aligned-512-damacy,r2-c128-translated-512-damacy,d688712d0e73d712a91cdfc295dc6b8d2f4b3dc6d316bd8514ec0c1b0420034f,5248277298803e9c822a8b001eb8ad2e40195401bbffc3d2ed6f03c5e22cae70,3.3533710293716803,1.2320091738597194,2.721871801381169
c128,damacy,3,4635ae43d5402f62f178e4e3015dde9198bccf4931704696e6e68f1f0a436a61,414bf43edde9f9b70c911ccee227982d6d357b6ffd48836461511dc86e6655a7,128.0,r3-c128-aligned-512-damacy,r3-c128-translated-512-damacy,d688712d0e73d712a91cdfc295dc6b8d2f4b3dc6d316bd8514ec0c1b0420034f,5248277298803e9c822a8b001eb8ad2e40195401bbffc3d2ed6f03c5e22cae70,3.4937652405563258,0.818408757353283,4.268973430654738
c128,tensorstore,1,4635ae43d5402f62f178e4e3015dde9198bccf4931704696e6e68f1f0a436a61,414bf43edde9f9b70c911ccee227982d6d357b6ffd48836461511dc86e6655a7,128.0,r1-c128-aligned-512-tensorstore,r1-c128-translated-512-tensorstore,d688712d0e73d712a91cdfc295dc6b8d2f4b3dc6d316bd8514ec0c1b0420034f,5248277298803e9c822a8b001eb8ad2e40195401bbffc3d2ed6f03c5e22cae70,2.186438043526084,1.2168876172204792,1.7967460697152766
c128,tensorstore,2,4635ae43d5402f62f178e4e3015dde9198bccf4931704696e6e68f1f0a436a61,414bf43edde9f9b70c911ccee227982d6d357b6ffd48836461511dc86e6655a7,128.0,r2-c128-aligned-512-tensorstore,r2-c128-translated-512-tensorstore,d688712d0e73d712a91cdfc295dc6b8d2f4b3dc6d316bd8514ec0c1b0420034f,5248277298803e9c822a8b001eb8ad2e40195401bbffc3d2ed6f03c5e22cae70,1.9255614738766507,1.2229372341357834,1.5745382674830346
c128,tensorstore,3,4635ae43d5402f62f178e4e3015dde9198bccf4931704696e6e68f1f0a436a61,414bf43edde9f9b70c911ccee227982d6d357b6ffd48836461511dc86e6655a7,128.0,r3-c128-aligned-512-tensorstore,r3-c128-translated-512-tensorstore,d688712d0e73d712a91cdfc295dc6b8d2f4b3dc6d316bd8514ec0c1b0420034f,5248277298803e9c822a8b001eb8ad2e40195401bbffc3d2ed6f03c5e22cae70,2.129246552173882,0.9047693391685886,2.3533584307028916
c16,damacy,1,4635ae43d5402f62f178e4e3015dde9198bccf4931704696e6e68f1f0a436a61,414bf43edde9f9b70c911ccee227982d6d357b6ffd48836461511dc86e6655a7,16.0,r1-c16-aligned-512-damacy,r1-c16-translated-512-damacy,d688712d0e73d712a91cdfc295dc6b8d2f4b3dc6d316bd8514ec0c1b0420034f,5248277298803e9c822a8b001eb8ad2e40195401bbffc3d2ed6f03c5e22cae70,1.1796037543476063,0.4879021793577229,2.4177054423090367
c16,damacy,2,4635ae43d5402f62f178e4e3015dde9198bccf4931704696e6e68f1f0a436a61,414bf43edde9f9b70c911ccee227982d6d357b6ffd48836461511dc86e6655a7,16.0,r2-c16-aligned-512-damacy,r2-c16-translated-512-damacy,d688712d0e73d712a91cdfc295dc6b8d2f4b3dc6d316bd8514ec0c1b0420034f,5248277298803e9c822a8b001eb8ad2e40195401bbffc3d2ed6f03c5e22cae70,1.029595542415987,0.589596863422204,1.746270386243057
c16,damacy,3,4635ae43d5402f62f178e4e3015dde9198bccf4931704696e6e68f1f0a436a61,414bf43edde9f9b70c911ccee227982d6d357b6ffd48836461511dc86e6655a7,16.0,r3-c16-aligned-512-damacy,r3-c16-translated-512-damacy,d688712d0e73d712a91cdfc295dc6b8d2f4b3dc6d316bd8514ec0c1b0420034f,5248277298803e9c822a8b001eb8ad2e40195401bbffc3d2ed6f03c5e22cae70,1.035070515815967,0.3233137602961848,3.2014428178613503
c16,tensorstore,1,4635ae43d5402f62f178e4e3015dde9198bccf4931704696e6e68f1f0a436a61,414bf43edde9f9b70c911ccee227982d6d357b6ffd48836461511dc86e6655a7,16.0,r1-c16-aligned-512-tensorstore,r1-c16-translated-512-tensorstore,d688712d0e73d712a91cdfc295dc6b8d2f4b3dc6d316bd8514ec0c1b0420034f,5248277298803e9c822a8b001eb8ad2e40195401bbffc3d2ed6f03c5e22cae70,1.8735542394877909,0.5093975274390607,3.6779806311720353
c16,tensorstore,2,4635ae43d5402f62f178e4e3015dde9198bccf4931704696e6e68f1f0a436a61,414bf43edde9f9b70c911ccee227982d6d357b6ffd48836461511dc86e6655a7,16.0,r2-c16-aligned-512-tensorstore,r2-c16-translated-512-tensorstore,d688712d0e73d712a91cdfc295dc6b8d2f4b3dc6d316bd8514ec0c1b0420034f,5248277298803e9c822a8b001eb8ad2e40195401bbffc3d2ed6f03c5e22cae70,1.7510522110047826,0.495496170092008,3.5339369236287577
c16,tensorstore,3,4635ae43d5402f62f178e4e3015dde9198bccf4931704696e6e68f1f0a436a61,414bf43edde9f9b70c911ccee227982d6d357b6ffd48836461511dc86e6655a7,16.0,r3-c16-aligned-512-tensorstore,r3-c16-translated-512-tensorstore,d688712d0e73d712a91cdfc295dc6b8d2f4b3dc6d316bd8514ec0c1b0420034f,5248277298803e9c822a8b001eb8ad2e40195401bbffc3d2ed6f03c5e22cae70,1.7819630717894788,0.2673404146238026,6.665520715590384
c256,damacy,1,4635ae43d5402f62f178e4e3015dde9198bccf4931704696e6e68f1f0a436a61,414bf43edde9f9b70c911ccee227982d6d357b6ffd48836461511dc86e6655a7,256.0,r1-c256-aligned-512-damacy,r1-c256-translated-512-damacy,d688712d0e73d712a91cdfc295dc6b8d2f4b3dc6d316bd8514ec0c1b0420034f,5248277298803e9c822a8b001eb8ad2e40195401bbffc3d2ed6f03c5e22cae70,3.4002808978000623,1.3370044960326404,2.543208274833693
c256,damacy,2,4635ae43d5402f62f178e4e3015dde9198bccf4931704696e6e68f1f0a436a61,414bf43edde9f9b70c911ccee227982d6d357b6ffd48836461511dc86e6655a7,256.0,r2-c256-aligned-512-damacy,r2-c256-translated-512-damacy,d688712d0e73d712a91cdfc295dc6b8d2f4b3dc6d316bd8514ec0c1b0420034f,5248277298803e9c822a8b001eb8ad2e40195401bbffc3d2ed6f03c5e22cae70,3.4972482042876623,1.27381610769724,2.7454890726808787
c256,damacy,3,4635ae43d5402f62f178e4e3015dde9198bccf4931704696e6e68f1f0a436a61,414bf43edde9f9b70c911ccee227982d6d357b6ffd48836461511dc86e6655a7,256.0,r3-c256-aligned-512-damacy,r3-c256-translated-512-damacy,d688712d0e73d712a91cdfc295dc6b8d2f4b3dc6d316bd8514ec0c1b0420034f,5248277298803e9c822a8b001eb8ad2e40195401bbffc3d2ed6f03c5e22cae70,2.953018545921826,0.7167352940373739,4.120096457490542
c256,tensorstore,1,4635ae43d5402f62f178e4e3015dde9198bccf4931704696e6e68f1f0a436a61,414bf43edde9f9b70c911ccee227982d6d357b6ffd48836461511dc86e6655a7,256.0,r1-c256-aligned-512-tensorstore,r1-c256-translated-512-tensorstore,d688712d0e73d712a91cdfc295dc6b8d2f4b3dc6d316bd8514ec0c1b0420034f,5248277298803e9c822a8b001eb8ad2e40195401bbffc3d2ed6f03c5e22cae70,2.136234489641623,1.167431416930217,1.8298586612127439
c256,tensorstore,2,4635ae43d5402f62f178e4e3015dde9198bccf4931704696e6e68f1f0a436a61,414bf43edde9f9b70c911ccee227982d6d357b6ffd48836461511dc86e6655a7,256.0,r2-c256-aligned-512-tensorstore,r2-c256-translated-512-tensorstore,d688712d0e73d712a91cdfc295dc6b8d2f4b3dc6d316bd8514ec0c1b0420034f,5248277298803e9c822a8b001eb8ad2e40195401bbffc3d2ed6f03c5e22cae70,2.3316021440725363,1.2315162256473275,1.8932776487349694
c256,tensorstore,3,4635ae43d5402f62f178e4e3015dde9198bccf4931704696e6e68f1f0a436a61,414bf43edde9f9b70c911ccee227982d6d357b6ffd48836461511dc86e6655a7,256.0,r3-c256-aligned-512-tensorstore,r3-c256-translated-512-tensorstore,d688712d0e73d712a91cdfc295dc6b8d2f4b3dc6d316bd8514ec0c1b0420034f,5248277298803e9c822a8b001eb8ad2e40195401bbffc3d2ed6f03c5e22cae70,1.9261438676057139,1.040256623169621,1.8516045221003536
c32,damacy,1,4635ae43d5402f62f178e4e3015dde9198bccf4931704696e6e68f1f0a436a61,414bf43edde9f9b70c911ccee227982d6d357b6ffd48836461511dc86e6655a7,32.0,r1-c32-aligned-512-damacy,r1-c32-translated-512-damacy,d688712d0e73d712a91cdfc295dc6b8d2f4b3dc6d316bd8514ec0c1b0420034f,5248277298803e9c822a8b001eb8ad2e40195401bbffc3d2ed6f03c5e22cae70,2.2766215450581098,0.6332322890906558,3.5952391946522813
c32,damacy,2,4635ae43d5402f62f178e4e3015dde9198bccf4931704696e6e68f1f0a436a61,414bf43edde9f9b70c911ccee227982d6d357b6ffd48836461511dc86e6655a7,32.0,r2-c32-aligned-512-damacy,r2-c32-translated-512-damacy,d688712d0e73d712a91cdfc295dc6b8d2f4b3dc6d316bd8514ec0c1b0420034f,5248277298803e9c822a8b001eb8ad2e40195401bbffc3d2ed6f03c5e22cae70,2.126961160506578,0.6720904266958223,3.164694922026032
c32,damacy,3,4635ae43d5402f62f178e4e3015dde9198bccf4931704696e6e68f1f0a436a61,414bf43edde9f9b70c911ccee227982d6d357b6ffd48836461511dc86e6655a7,32.0,r3-c32-aligned-512-damacy,r3-c32-translated-512-damacy,d688712d0e73d712a91cdfc295dc6b8d2f4b3dc6d316bd8514ec0c1b0420034f,5248277298803e9c822a8b001eb8ad2e40195401bbffc3d2ed6f03c5e22cae70,1.8694323707022527,0.43395302410195835,4.307914144787766
c32,tensorstore,1,4635ae43d5402f62f178e4e3015dde9198bccf4931704696e6e68f1f0a436a61,414bf43edde9f9b70c911ccee227982d6d357b6ffd48836461511dc86e6655a7,32.0,r1-c32-aligned-512-tensorstore,r1-c32-translated-512-tensorstore,d688712d0e73d712a91cdfc295dc6b8d2f4b3dc6d316bd8514ec0c1b0420034f,5248277298803e9c822a8b001eb8ad2e40195401bbffc3d2ed6f03c5e22cae70,2.1522654468871893,0.7216733113989576,2.98232650825765
c32,tensorstore,2,4635ae43d5402f62f178e4e3015dde9198bccf4931704696e6e68f1f0a436a61,414bf43edde9f9b70c911ccee227982d6d357b6ffd48836461511dc86e6655a7,32.0,r2-c32-aligned-512-tensorstore,r2-c32-translated-512-tensorstore,d688712d0e73d712a91cdfc295dc6b8d2f4b3dc6d316bd8514ec0c1b0420034f,5248277298803e9c822a8b001eb8ad2e40195401bbffc3d2ed6f03c5e22cae70,2.079330616621916,0.6642674370097401,3.1302612483643792
c32,tensorstore,3,4635ae43d5402f62f178e4e3015dde9198bccf4931704696e6e68f1f0a436a61,414bf43edde9f9b70c911ccee227982d6d357b6ffd48836461511dc86e6655a7,32.0,r3-c32-aligned-512-tensorstore,r3-c32-translated-512-tensorstore,d688712d0e73d712a91cdfc295dc6b8d2f4b3dc6d316bd8514ec0c1b0420034f,5248277298803e9c822a8b001eb8ad2e40195401bbffc3d2ed6f03c5e22cae70,1.6649384290691747,0.4804875547721332,3.4651020875218226
c512,damacy,1,4635ae43d5402f62f178e4e3015dde9198bccf4931704696e6e68f1f0a436a61,414bf43edde9f9b70c911ccee227982d6d357b6ffd48836461511dc86e6655a7,512.0,r1-c512-aligned-512-damacy,r1-c512-translated-512-damacy,d688712d0e73d712a91cdfc295dc6b8d2f4b3dc6d316bd8514ec0c1b0420034f,5248277298803e9c822a8b001eb8ad2e40195401bbffc3d2ed6f03c5e22cae70,3.685981236350332,1.440325559704521,2.559130615655048
c512,damacy,2,4635ae43d5402f62f178e4e3015dde9198bccf4931704696e6e68f1f0a436a61,414bf43edde9f9b70c911ccee227982d6d357b6ffd48836461511dc86e6655a7,512.0,r2-c512-aligned-512-damacy,r2-c512-translated-512-damacy,d688712d0e73d712a91cdfc295dc6b8d2f4b3dc6d316bd8514ec0c1b0420034f,5248277298803e9c822a8b001eb8ad2e40195401bbffc3d2ed6f03c5e22cae70,3.4505472208402113,0.9747011410059986,3.540107911722426
c512,damacy,3,4635ae43d5402f62f178e4e3015dde9198bccf4931704696e6e68f1f0a436a61,414bf43edde9f9b70c911ccee227982d6d357b6ffd48836461511dc86e6655a7,512.0,r3-c512-aligned-512-damacy,r3-c512-translated-512-damacy,d688712d0e73d712a91cdfc295dc6b8d2f4b3dc6d316bd8514ec0c1b0420034f,5248277298803e9c822a8b001eb8ad2e40195401bbffc3d2ed6f03c5e22cae70,3.4368827331170513,1.196106380133928,2.8733921916980525
c512,tensorstore,1,4635ae43d5402f62f178e4e3015dde9198bccf4931704696e6e68f1f0a436a61,414bf43edde9f9b70c911ccee227982d6d357b6ffd48836461511dc86e6655a7,512.0,r1-c512-aligned-512-tensorstore,r1-c512-translated-512-tensorstore,d688712d0e73d712a91cdfc295dc6b8d2f4b3dc6d316bd8514ec0c1b0420034f,5248277298803e9c822a8b001eb8ad2e40195401bbffc3d2ed6f03c5e22cae70,2.3328897198252907,1.2794906451005712,1.8232956440583585
c512,tensorstore,2,4635ae43d5402f62f178e4e3015dde9198bccf4931704696e6e68f1f0a436a61,414bf43edde9f9b70c911ccee227982d6d357b6ffd48836461511dc86e6655a7,512.0,r2-c512-aligned-512-tensorstore,r2-c512-translated-512-tensorstore,d688712d0e73d712a91cdfc295dc6b8d2f4b3dc6d316bd8514ec0c1b0420034f,5248277298803e9c822a8b001eb8ad2e40195401bbffc3d2ed6f03c5e22cae70,2.1583600039311697,0.7805938086000562,2.7650232171352305
c512,tensorstore,3,4635ae43d5402f62f178e4e3015dde9198bccf4931704696e6e68f1f0a436a61,414bf43edde9f9b70c911ccee227982d6d357b6ffd48836461511dc86e6655a7,512.0,r3-c512-aligned-512-tensorstore,r3-c512-translated-512-tensorstore,d688712d0e73d712a91cdfc295dc6b8d2f4b3dc6d316bd8514ec0c1b0420034f,5248277298803e9c822a8b001eb8ad2e40195401bbffc3d2ed6f03c5e22cae70,2.3261034929982713,1.0881671243607323,2.1376344137990677
c64,damacy,1,4635ae43d5402f62f178e4e3015dde9198bccf4931704696e6e68f1f0a436a61,414bf43edde9f9b70c911ccee227982d6d357b6ffd48836461511dc86e6655a7,64.0,r1-c64-aligned-512-damacy,r1-c64-translated-512-damacy,d688712d0e73d712a91cdfc295dc6b8d2f4b3dc6d316bd8514ec0c1b0420034f,5248277298803e9c822a8b001eb8ad2e40195401bbffc3d2ed6f03c5e22cae70,3.1948511728616698,1.2802196532962524,2.4955492322241026
c64,damacy,2,4635ae43d5402f62f178e4e3015dde9198bccf4931704696e6e68f1f0a436a61,414bf43edde9f9b70c911ccee227982d6d357b6ffd48836461511dc86e6655a7,64.0,r2-c64-aligned-512-damacy,r2-c64-translated-512-damacy,d688712d0e73d712a91cdfc295dc6b8d2f4b3dc6d316bd8514ec0c1b0420034f,5248277298803e9c822a8b001eb8ad2e40195401bbffc3d2ed6f03c5e22cae70,3.1317991634194167,1.1661681760706728,2.685546757048206
c64,damacy,3,4635ae43d5402f62f178e4e3015dde9198bccf4931704696e6e68f1f0a436a61,414bf43edde9f9b70c911ccee227982d6d357b6ffd48836461511dc86e6655a7,64.0,r3-c64-aligned-512-damacy,r3-c64-translated-512-damacy,d688712d0e73d712a91cdfc295dc6b8d2f4b3dc6d316bd8514ec0c1b0420034f,5248277298803e9c822a8b001eb8ad2e40195401bbffc3d2ed6f03c5e22cae70,2.206715253967318,0.67781627771637,3.255624461250709
c64,tensorstore,1,4635ae43d5402f62f178e4e3015dde9198bccf4931704696e6e68f1f0a436a61,414bf43edde9f9b70c911ccee227982d6d357b6ffd48836461511dc86e6655a7,64.0,r1-c64-aligned-512-tensorstore,r1-c64-translated-512-tensorstore,d688712d0e73d712a91cdfc295dc6b8d2f4b3dc6d316bd8514ec0c1b0420034f,5248277298803e9c822a8b001eb8ad2e40195401bbffc3d2ed6f03c5e22cae70,2.0852423482590994,1.1514465368296043,1.8109762646910301
c64,tensorstore,2,4635ae43d5402f62f178e4e3015dde9198bccf4931704696e6e68f1f0a436a61,414bf43edde9f9b70c911ccee227982d6d357b6ffd48836461511dc86e6655a7,64.0,r2-c64-aligned-512-tensorstore,r2-c64-translated-512-tensorstore,d688712d0e73d712a91cdfc295dc6b8d2f4b3dc6d316bd8514ec0c1b0420034f,5248277298803e9c822a8b001eb8ad2e40195401bbffc3d2ed6f03c5e22cae70,2.191766431322445,1.1216078197140662,1.9541290572324974
c64,tensorstore,3,4635ae43d5402f62f178e4e3015dde9198bccf4931704696e6e68f1f0a436a61,414bf43edde9f9b70c911ccee227982d6d357b6ffd48836461511dc86e6655a7,64.0,r3-c64-aligned-512-tensorstore,r3-c64-translated-512-tensorstore,d688712d0e73d712a91cdfc295dc6b8d2f4b3dc6d316bd8514ec0c1b0420034f,5248277298803e9c822a8b001eb8ad2e40195401bbffc3d2ed6f03c5e22cae70,1.686009976748535,0.7474655538166257,2.2556356853364252
