figure,panel,series,x,metric,median,min,max,n,group_id,policy_id,trace_sha256,machine_id,layout_id
read-rates,translated-256,Damacy CPU,128.0,useful_source_gib_per_second,0.40722510260239686,0.3917309203222936,0.4425535174945397,3,1248286ad0f80735282201b9cfe08040e6f63202cd66da1afca40db377585918,4635ae43d5402f62f178e4e3015dde9198bccf4931704696e6e68f1f0a436a61,512b8afa04e4411769586a4b5ce6c3312db637b56da2817e8de96b11c098b42e,414bf43edde9f9b70c911ccee227982d6d357b6ffd48836461511dc86e6655a7,c128
read-rates,translated-256,TensorStore CPU,128.0,useful_source_gib_per_second,0.3665591712687952,0.3618700893418944,0.36805172722786633,3,b2c91c00e1bb63c8eb5dc8884f3ea404f9b393aab014d7bd08c0d9643e169253,4635ae43d5402f62f178e4e3015dde9198bccf4931704696e6e68f1f0a436a61,512b8afa04e4411769586a4b5ce6c3312db637b56da2817e8de96b11c098b42e,414bf43edde9f9b70c911ccee227982d6d357b6ffd48836461511dc86e6655a7,c128
read-rates,translated-256,Damacy CPU,16.0,useful_source_gib_per_second,0.16408269552214072,0.1308647741179123,0.18520017390800445,3,fe915562b75cead25531a90795b60acb43e52bf65a5f23da807af2c44278e5d4,4635ae43d5402f62f178e4e3015dde9198bccf4931704696e6e68f1f0a436a61,512b8afa04e4411769586a4b5ce6c3312db637b56da2817e8de96b11c098b42e,414bf43edde9f9b70c911ccee227982d6d357b6ffd48836461511dc86e6655a7,c16
read-rates,translated-256,TensorStore CPU,16.0,useful_source_gib_per_second,0.13512217573753924,0.13115653491233456,0.16050712895692745,3,9dd66ba806ca5886c78797d355fd6a8d9c58c5fe9fab65016c74cbf788568061,4635ae43d5402f62f178e4e3015dde9198bccf4931704696e6e68f1f0a436a61,512b8afa04e4411769586a4b5ce6c3312db637b56da2817e8de96b11c098b42e,414bf43edde9f9b70c911ccee227982d6d357b6ffd48836461511dc86e6655a7,c16
read-rates,translated-256,Damacy CPU,256.0,useful_source_gib_per_second,0.587025284295544,0.4805851453999379,0.5923341395966611,3,84d6393b04c02ee4e62a3b29fb05450087227673f44ede0233cb2a6ddafe8548,4635ae43d5402f62f178e4e3015dde9198bccf4931704696e6e68f1f0a436a61,512b8afa04e4411769586a4b5ce6c3312db637b56da2817e8de96b11c098b42e,414bf43edde9f9b70c911ccee227982d6d357b6ffd48836461511dc86e6655a7,c256
read-rates,translated-256,TensorStore CPU,256.0,useful_source_gib_per_second,0.5098371077658188,0.49524181940706524,0.5366733986254492,3,0b2247bf784988a2d3eee8d28272814ac6ca535c44b6d837d488c98983e6be13,4635ae43d5402f62f178e4e3015dde9198bccf4931704696e6e68f1f0a436a61,512b8afa04e4411769586a4b5ce6c3312db637b56da2817e8de96b11c098b42e,414bf43edde9f9b70c911ccee227982d6d357b6ffd48836461511dc86e6655a7,c256
read-rates,translated-256,Damacy CPU,32.0,useful_source_gib_per_second,0.24920387386266718,0.2328868331964586,0.28374400923970017,3,1b074e05bc2440c306c3dc49897cea9807050086108d1353ce8ca2de3ccb8d0d,4635ae43d5402f62f178e4e3015dde9198bccf4931704696e6e68f1f0a436a61,512b8afa04e4411769586a4b5ce6c3312db637b56da2817e8de96b11c098b42e,414bf43edde9f9b70c911ccee227982d6d357b6ffd48836461511dc86e6655a7,c32
read-rates,translated-256,TensorStore CPU,32.0,useful_source_gib_per_second,0.23528000811445438,0.21595102004438058,0.24781943940137607,3,c24ebdd3c82763d858daadfa4191681b1dad0fd46b998ccd1203aba44ac5e289,4635ae43d5402f62f178e4e3015dde9198bccf4931704696e6e68f1f0a436a61,512b8afa04e4411769586a4b5ce6c3312db637b56da2817e8de96b11c098b42e,414bf43edde9f9b70c911ccee227982d6d357b6ffd48836461511dc86e6655a7,c32
read-rates,translated-256,Damacy CPU,512.0,useful_source_gib_per_second,0.5991596763821847,0.34521325980021417,0.6377175266603915,3,1a2f942481d85a31b807e6ff774802ff7d4fcb1c10b6d535c9b82f914534f15c,4635ae43d5402f62f178e4e3015dde9198bccf4931704696e6e68f1f0a436a61,512b8afa04e4411769586a4b5ce6c3312db637b56da2817e8de96b11c098b42e,414bf43edde9f9b70c911ccee227982d6d357b6ffd48836461511dc86e6655a7,c512
read-rates,translated-256,TensorStore CPU,512.0,useful_source_gib_per_second,0.5429729311439232,0.38981518695122996,0.5546757019531411,3,d2e8bd5d8df5766de43fdee0f609b0e9c782a04d43facac9c2117a892271a1cd,4635ae43d5402f62f178e4e3015dde9198bccf4931704696e6e68f1f0a436a61,512b8afa04e4411769586a4b5ce6c3312db637b56da2817e8de96b11c098b42e,414bf43edde9f9b70c911ccee227982d6d357b6ffd48836461511dc86e6655a7,c512
read-rates,translated-256,Damacy CPU,64.0,useful_source_gib_per_second,0.39892386789050843,0.29445773903594746,0.4144791494445364,3,a755881726835457e30a2491a5f476f3b0052c6da1d8ee8829b245ce0c129bdb,4635ae43d5402f62f178e4e3015dde9198bccf4931704696e6e68f1f0a436a61,512b8afa04e4411769586a4b5ce6c3312db637b56da2817e8de96b11c098b42e,414bf43edde9f9b70c911ccee227982d6d357b6ffd48836461511dc86e6655a7,c64
read-rates,translated-256,TensorStore CPU,64.0,useful_source_gib_per_second,0.34545070861827587,0.2673728294350932,0.39624236768792115,3,96e61d84409f56aedccf30f9986afb1d9f77acac234af30071f418f33f900e47,4635ae43d5402f62f178e4e3015dde9198bccf4931704696e6e68f1f0a436a61,512b8afa04e4411769586a4b5ce6c3312db637b56da2817e8de96b11c098b42e,414bf43edde9f9b70c911ccee227982d6d357b6ffd48836461511dc86e6655a7,c64
read-rates,translated-512,Damacy CPU,128.0,useful_source_gib_per_second,1.2320091738597194,0.818408757353283,1.2825661851095838,3,f3144beae917b2409525ff4220d5d27f6735763c65ebf864cd3e5918ac2cdd0a,4635ae43d5402f62f178e4e3015dde9198bccf4931704696e6e68f1f0a436a61,5248277298803e9c822a8b001eb8ad2e40195401bbffc3d2ed6f03c5e22cae70,414bf43edde9f9b70c911ccee227982d6d357b6ffd48836461511dc86e6655a7,c128
read-rates,translated-512,TensorStore CPU,128.0,useful_source_gib_per_second,1.2168876172204792,0.9047693391685886,1.2229372341357834,3,b3d979cbbad283a8cb8e0ef6a688a98e0b917c5646bd4dd4d6b5ff50ed7094cb,4635ae43d5402f62f178e4e3015dde9198bccf4931704696e6e68f1f0a436a61,5248277298803e9c822a8b001eb8ad2e40195401bbffc3d2ed6f03c5e22cae70,414bf43edde9f9b70c911ccee227982d6d357b6ffd48836461511dc86e6655a7,c128
read-rates,translated-512,Damacy CPU,16.0,useful_source_gib_per_second,0.4879021793577229,0.3233137602961848,0.589596863422204,3,2cc76297101df4d51e3bc53768f9e715cdc81e85c2d8f4f96209319078de0a28,4635ae43d5402f62f178e4e3015dde9198bccf4931704696e6e68f1f0a436a61,5248277298803e9c822a8b001eb8ad2e40195401bbffc3d2ed6f03c5e22cae70,414bf43edde9f9b70c911ccee227982d6d357b6ffd48836461511dc86e6655a7,c16
read-rates,translated-512,TensorStore CPU,16.0,useful_source_gib_per_second,0.495496170092008,0.2673404146238026,0.5093975274390607,3,863d8b3c9252acf9afa3a2cbc425154a2dbacf7b42b155bd6f394a8bc7eee74d,4635ae43d5402f62f178e4e3015dde9198bccf4931704696e6e68f1f0a436a61,5248277298803e9c822a8b001eb8ad2e40195401bbffc3d2ed6f03c5e22cae70,414bf43edde9f9b70c911ccee227982d6d357b6ffd48836461511dc86e6655a7,c16
read-rates,translated-512,Damacy CPU,256.0,useful_source_gib_per_second,1.27381610769724,0.7167352940373739,1.3370044960326404,3,4af78da01ce45db204916d30ddf4ffc259847f8721eac4e9b8002304f2cf960b,4635ae43d5402f62f178e4e3015dde9198bccf4931704696e6e68f1f0a436a61,5248277298803e9c822a8b001eb8ad2e40195401bbffc3d2ed6f03c5e22cae70,414bf43edde9f9b70c911ccee227982d6d357b6ffd48836461511dc86e6655a7,c256
read-rates,translated-512,TensorStore CPU,256.0,useful_source_gib_per_second,1.167431416930217,1.040256623169621,1.2315162256473275,3,b5d08a84bd5470dd93a0bc12dff34b3e5c09a31ac341631b04c0c02bee1d2b3e,4635ae43d5402f62f178e4e3015dde9198bccf4931704696e6e68f1f0a436a61,5248277298803e9c822a8b001eb8ad2e40195401bbffc3d2ed6f03c5e22cae70,414bf43edde9f9b70c911ccee227982d6d357b6ffd48836461511dc86e6655a7,c256
read-rates,translated-512,Damacy CPU,32.0,useful_source_gib_per_second,0.6332322890906558,0.43395302410195835,0.6720904266958223,3,881835d4a42495a32a6e6a09de928d948046d2df83de7b2757c369e0663b01e2,4635ae43d5402f62f178e4e3015dde9198bccf4931704696e6e68f1f0a436a61,5248277298803e9c822a8b001eb8ad2e40195401bbffc3d2ed6f03c5e22cae70,414bf43edde9f9b70c911ccee227982d6d357b6ffd48836461511dc86e6655a7,c32
read-rates,translated-512,TensorStore CPU,32.0,useful_source_gib_per_second,0.6642674370097401,0.4804875547721332,0.7216733113989576,3,0c0d9b8a8d8b09dc20f70b4ba3677112b1edce450c0bdaa5417337880f39123d,4635ae43d5402f62f178e4e3015dde9198bccf4931704696e6e68f1f0a436a61,5248277298803e9c822a8b001eb8ad2e40195401bbffc3d2ed6f03c5e22cae70,414bf43edde9f9b70c911ccee227982d6d357b6ffd48836461511dc86e6655a7,c32
read-rates,translated-512,Damacy CPU,512.0,useful_source_gib_per_second,1.196106380133928,0.9747011410059986,1.440325559704521,3,e2af60e98d3dcd5d26b982bbf7702719205d1e04001686fd18927799a602cd7a,4635ae43d5402f62f178e4e3015dde9198bccf4931704696e6e68f1f0a436a61,5248277298803e9c822a8b001eb8ad2e40195401bbffc3d2ed6f03c5e22cae70,414bf43edde9f9b70c911ccee227982d6d357b6ffd48836461511dc86e6655a7,c512
read-rates,translated-512,TensorStore CPU,512.0,useful_source_gib_per_second,1.0881671243607323,0.7805938086000562,1.2794906451005712,3,ad9702a96d95b61e0d10c6d796c898419dd2897c1d4e1fc84418b0d6498e5e9f,4635ae43d5402f62f178e4e3015dde9198bccf4931704696e6e68f1f0a436a61,5248277298803e9c822a8b001eb8ad2e40195401bbffc3d2ed6f03c5e22cae70,414bf43edde9f9b70c911ccee227982d6d357b6ffd48836461511dc86e6655a7,c512
read-rates,translated-512,Damacy CPU,64.0,useful_source_gib_per_second,1.1661681760706728,0.67781627771637,1.2802196532962524,3,cbcbd3dd65cd2132e5a53b809247bad60f63cc71d965fbf553cf87f4b81c3e31,4635ae43d5402f62f178e4e3015dde9198bccf4931704696e6e68f1f0a436a61,5248277298803e9c822a8b001eb8ad2e40195401bbffc3d2ed6f03c5e22cae70,414bf43edde9f9b70c911ccee227982d6d357b6ffd48836461511dc86e6655a7,c64
read-rates,translated-512,TensorStore CPU,64.0,useful_source_gib_per_second,1.1216078197140662,0.7474655538166257,1.1514465368296043,3,e7f2457a1f9f0f0cbea68d7ff5ff277818563501469c3c76c086ccf0079b6d5e,4635ae43d5402f62f178e4e3015dde9198bccf4931704696e6e68f1f0a436a61,5248277298803e9c822a8b001eb8ad2e40195401bbffc3d2ed6f03c5e22cae70,414bf43edde9f9b70c911ccee227982d6d357b6ffd48836461511dc86e6655a7,c64
read-rates,full-scan,Damacy CPU,128.0,useful_source_gib_per_second,1.5878461856510244,1.4306621789009866,1.8734650967181192,3,4c824186357a2faf7d383c2d49fd6773ef86d5a6b41d34748eae23c6b122d2ae,4635ae43d5402f62f178e4e3015dde9198bccf4931704696e6e68f1f0a436a61,5746d4568c32ac96a201bfe577c16b89032fe609298f651278613a75d9be68b3,414bf43edde9f9b70c911ccee227982d6d357b6ffd48836461511dc86e6655a7,c128
read-rates,full-scan,TensorStore CPU,128.0,useful_source_gib_per_second,2.4542630452502117,2.4239563092149896,2.4982437653098017,3,2bde1def447358912b7e331906ffeab45594ec08037f8b72957197944502d351,4635ae43d5402f62f178e4e3015dde9198bccf4931704696e6e68f1f0a436a61,5746d4568c32ac96a201bfe577c16b89032fe609298f651278613a75d9be68b3,414bf43edde9f9b70c911ccee227982d6d357b6ffd48836461511dc86e6655a7,c128
read-rates,full-scan,Damacy CPU,16.0,useful_source_gib_per_second,2.6198478517481867,2.5600030415597588,2.6503592082018352,3,2ad256b29f89dc77cd3e2ff7c2b65d886f5ad52a7c7414bdf917a1dc9a4fbecd,4635ae43d5402f62f178e4e3015dde9198bccf4931704696e6e68f1f0a436a61,5746d4568c32ac96a201bfe577c16b89032fe609298f651278613a75d9be68b3,414bf43edde9f9b70c911ccee227982d6d357b6ffd48836461511dc86e6655a7,c16
read-rates,full-scan,TensorStore CPU,16.0,useful_source_gib_per_second,1.5331436432820595,1.473533905690774,1.566195299733601,3,83b6d92abb5e3654a45dad95872e513137fd6560dcaedae1af38c1c12bc21165,4635ae43d5402f62f178e4e3015dde9198bccf4931704696e6e68f1f0a436a61,5746d4568c32ac96a201bfe577c16b89032fe609298f651278613a75d9be68b3,414bf43edde9f9b70c911ccee227982d6d357b6ffd48836461511dc86e6655a7,c16
read-rates,full-scan,Damacy CPU,256.0,useful_source_gib_per_second,1.0544688662544672,1.0369319174335137,1.1718688081194482,3,0a98b4a39e4c45fe91cd26ce0ed606d319e1b030a6b5de0d210b2ace90f843b5,4635ae43d5402f62f178e4e3015dde9198bccf4931704696e6e68f1f0a436a61,5746d4568c32ac96a201bfe577c16b89032fe609298f651278613a75d9be68b3,414bf43edde9f9b70c911ccee227982d6d357b6ffd48836461511dc86e6655a7,c256
read-rates,full-scan,TensorStore CPU,256.0,useful_source_gib_per_second,1.8358381293177788,1.773029738752428,2.175498953993028,3,a787d2db368e44949ad8d3ae16dd5ddbfd1bb8685ed90d422e82c52d40b85da0,4635ae43d5402f62f178e4e3015dde9198bccf4931704696e6e68f1f0a436a61,5746d4568c32ac96a201bfe577c16b89032fe609298f651278613a75d9be68b3,414bf43edde9f9b70c911ccee227982d6d357b6ffd48836461511dc86e6655a7,c256
read-rates,full-scan,Damacy CPU,32.0,useful_source_gib_per_second,2.9296243633555097,2.853017957545079,2.968060631436446,3,28a1c4e755142ce7fb87231c47a497dbe85cde0a418c80829e598593bbe44e80,4635ae43d5402f62f178e4e3015dde9198bccf4931704696e6e68f1f0a436a61,5746d4568c32ac96a201bfe577c16b89032fe609298f651278613a75d9be68b3,414bf43edde9f9b70c911ccee227982d6d357b6ffd48836461511dc86e6655a7,c32
read-rates,full-scan,TensorStore CPU,32.0,useful_source_gib_per_second,2.1483202533936367,2.0512994989064834,2.197911179975114,3,d173621d2e979c9a46df5f8a377f919dae7662202f8f4fd39daa9fabbc201cb7,4635ae43d5402f62f178e4e3015dde9198bccf4931704696e6e68f1f0a436a61,5746d4568c32ac96a201bfe577c16b89032fe609298f651278613a75d9be68b3,414bf43edde9f9b70c911ccee227982d6d357b6ffd48836461511dc86e6655a7,c32
read-rates,full-scan,Damacy CPU,512.0,useful_source_gib_per_second,1.8810072300971403,1.8437881508824416,2.056844241629596,3,b19f774df81edfe7f389d4aa08c8d854709471e28d9c33012e0efbe33bfca0b5,4635ae43d5402f62f178e4e3015dde9198bccf4931704696e6e68f1f0a436a61,5746d4568c32ac96a201bfe577c16b89032fe609298f651278613a75d9be68b3,414bf43edde9f9b70c911ccee227982d6d357b6ffd48836461511dc86e6655a7,c512
read-rates,full-scan,TensorStore CPU,512.0,useful_source_gib_per_second,2.0165156159822923,1.9620674127554654,2.1216098557631535,3,aa8eb7d6374c202f5921835144c7c45324e12c8ca6ac37f12b22b326568fad1b,4635ae43d5402f62f178e4e3015dde9198bccf4931704696e6e68f1f0a436a61,5746d4568c32ac96a201bfe577c16b89032fe609298f651278613a75d9be68b3,414bf43edde9f9b70c911ccee227982d6d357b6ffd48836461511dc86e6655a7,c512
read-rates,full-scan,Damacy CPU,64.0,useful_source_gib_per_second,1.9038747752202156,1.7533191562929435,2.1612419755526537,3,919b556176bf8a06a1609c56f1b3caf468641bb1fcc74e6ba684b072aff3c188,4635ae43d5402f62f178e4e3015dde9198bccf4931704696e6e68f1f0a436a61,5746d4568c32ac96a201bfe577c16b89032fe609298f651278613a75d9be68b3,414bf43edde9f9b70c911ccee227982d6d357b6ffd48836461511dc86e6655a7,c64
read-rates,full-scan,TensorStore CPU,64.0,useful_source_gib_per_second,2.2905274375550446,2.2479491963096954,2.3434763007597406,3,135ecd2527fa2e1460f6ff001976ed862095c3d25f280b649d6697ef2db62dab,4635ae43d5402f62f178e4e3015dde9198bccf4931704696e6e68f1f0a436a61,5746d4568c32ac96a201bfe577c16b89032fe609298f651278613a75d9be68b3,414bf43edde9f9b70c911ccee227982d6d357b6ffd48836461511dc86e6655a7,c64
read-rates,aligned-512,Damacy CPU,128.0,useful_source_gib_per_second,3.3533710293716803,3.258117333504078,3.4937652405563258,3,b88817d1eb4c2ec69e4ad1dce8e22ba543fc49dc4773715dc70ce775f3d4a415,4635ae43d5402f62f178e4e3015dde9198bccf4931704696e6e68f1f0a436a61,d688712d0e73d712a91cdfc295dc6b8d2f4b3dc6d316bd8514ec0c1b0420034f,414bf43edde9f9b70c911ccee227982d6d357b6ffd48836461511dc86e6655a7,c128
read-rates,aligned-512,TensorStore CPU,128.0,useful_source_gib_per_second,2.129246552173882,1.9255614738766507,2.186438043526084,3,0566dad4f51a53fdc7aeea0862f463973137bc1859c3d03edc833729c53f6148,4635ae43d5402f62f178e4e3015dde9198bccf4931704696e6e68f1f0a436a61,d688712d0e73d712a91cdfc295dc6b8d2f4b3dc6d316bd8514ec0c1b0420034f,414bf43edde9f9b70c911ccee227982d6d357b6ffd48836461511dc86e6655a7,c128
read-rates,aligned-512,Damacy CPU,16.0,useful_source_gib_per_second,1.035070515815967,1.029595542415987,1.1796037543476063,3,a5a9689d982f533b2c3592f7a5712aaaeba54f93ddb6c32aff49fac5432201e6,4635ae43d5402f62f178e4e3015dde9198bccf4931704696e6e68f1f0a436a61,d688712d0e73d712a91cdfc295dc6b8d2f4b3dc6d316bd8514ec0c1b0420034f,414bf43edde9f9b70c911ccee227982d6d357b6ffd48836461511dc86e6655a7,c16
read-rates,aligned-512,TensorStore CPU,16.0,useful_source_gib_per_second,1.7819630717894788,1.7510522110047826,1.8735542394877909,3,a392f6e0c7a29bae3c35feeba333595179960445b1f98ef753806bbd59ca820f,4635ae43d5402f62f178e4e3015dde9198bccf4931704696e6e68f1f0a436a61,d688712d0e73d712a91cdfc295dc6b8d2f4b3dc6d316bd8514ec0c1b0420034f,414bf43edde9f9b70c911ccee227982d6d357b6ffd48836461511dc86e6655a7,c16
read-rates,aligned-512,Damacy CPU,256.0,useful_source_gib_per_second,3.4002808978000623,2.953018545921826,3.4972482042876623,3,16073f5436f43864befb2c15e7d6e22b25f526799c07e8e1440260ce4362252d,4635ae43d5402f62f178e4e3015dde9198bccf4931704696e6e68f1f0a436a61,d688712d0e73d712a91cdfc295dc6b8d2f4b3dc6d316bd8514ec0c1b0420034f,414bf43edde9f9b70c911ccee227982d6d357b6ffd48836461511dc86e6655a7,c256
read-rates,aligned-512,TensorStore CPU,256.0,useful_source_gib_per_second,2.136234489641623,1.9261438676057139,2.3316021440725363,3,184dbfe80f626ad71142fb06a6dd83e0f471dc94f0d21c497c04e005bda892ef,4635ae43d5402f62f178e4e3015dde9198bccf4931704696e6e68f1f0a436a61,d688712d0e73d712a91cdfc295dc6b8d2f4b3dc6d316bd8514ec0c1b0420034f,414bf43edde9f9b70c911ccee227982d6d357b6ffd48836461511dc86e6655a7,c256
read-rates,aligned-512,Damacy CPU,32.0,useful_source_gib_per_second,2.126961160506578,1.8694323707022527,2.2766215450581098,3,f1e3b8a4f26610aa8cc65e35356c314ad9f845c14d43ba758f962f94f23c28c6,4635ae43d5402f62f178e4e3015dde9198bccf4931704696e6e68f1f0a436a61,d688712d0e73d712a91cdfc295dc6b8d2f4b3dc6d316bd8514ec0c1b0420034f,414bf43edde9f9b70c911ccee227982d6d357b6ffd48836461511dc86e6655a7,c32
read-rates,aligned-512,TensorStore CPU,32.0,useful_source_gib_per_second,2.079330616621916,1.6649384290691747,2.1522654468871893,3,b8b3b7e213f4aaf457a5c8f624d904dc54fe7f7b4c0582cd3538e2e8cd573baf,4635ae43d5402f62f178e4e3015dde9198bccf4931704696e6e68f1f0a436a61,d688712d0e73d712a91cdfc295dc6b8d2f4b3dc6d316bd8514ec0c1b0420034f,414bf43edde9f9b70c911ccee227982d6d357b6ffd48836461511dc86e6655a7,c32
read-rates,aligned-512,Damacy CPU,512.0,useful_source_gib_per_second,3.4505472208402113,3.4368827331170513,3.685981236350332,3,d59082d0580488f13c847b9769b05da3c349c2798fc05b0358281f196348c8da,4635ae43d5402f62f178e4e3015dde9198bccf4931704696e6e68f1f0a436a61,d688712d0e73d712a91cdfc295dc6b8d2f4b3dc6d316bd8514ec0c1b0420034f,414bf43edde9f9b70c911ccee227982d6d357b6ffd48836461511dc86e6655a7,c512
read-rates,aligned-512,TensorStore CPU,512.0,useful_source_gib_per_second,2.3261034929982713,2.1583600039311697,2.3328897198252907,3,a9fbeb75dab3697734c219296ff63a91d85f06a0a00108d326abe942efbc9cb3,4635ae43d5402f62f178e4e3015dde9198bccf4931704696e6e68f1f0a436a61,d688712d0e73d712a91cdfc295dc6b8d2f4b3dc6d316bd8514ec0c1b0420034f,414bf43edde9f9b70c911ccee227982d6d357b6ffd48836461511dc86e6655a7,c512
read-rates,aligned-512,Damacy CPU,64.0,useful_source_gib_per_second,3.1317991634194167,2.206715253967318,3.1948511728616698,3,29a711d0541c3d801a46518192ee3cb915efee49b13c40a720b104d2bdd7588a,4635ae43d5402f62f178e4e3015dde9198bccf4931704696e6e68f1f0a436a61,d688712d0e73d712a91cdfc295dc6b8d2f4b3dc6d316bd8514ec0c1b0420034f,414bf43edde9f9b70c911ccee227982d6d357b6ffd48836461511dc86e6655a7,c64
read-rates,aligned-512,TensorStore CPU,64.0,useful_source_gib_per_second,2.0852423482590994,1.686009976748535,2.191766431322445,3,038efed18b521cc4c61bf1b3fd9e2e7b42dfbfd28cdd0409c82b9314253c800f,4635ae43d5402f62f178e4e3015dde9198bccf4931704696e6e68f1f0a436a61,d688712d0e73d712a91cdfc295dc6b8d2f4b3dc6d316bd8514ec0c1b0420034f,414bf43edde9f9b70c911ccee227982d6d357b6ffd48836461511dc86e6655a7,c64
