group_id,layout_id,backend,policy_id,machine_id,chunk_kib,aligned_trace_sha256,translated_trace_sha256,n,aligned_over_translated_rate_n,aligned_over_translated_rate_median,aligned_over_translated_rate_min,aligned_over_translated_rate_max,aligned_useful_gibs_n,aligned_useful_gibs_median,aligned_useful_gibs_min,aligned_useful_gibs_max,translated_useful_gibs_n,translated_useful_gibs_median,translated_useful_gibs_min,translated_useful_gibs_max
38f6d63a507dbd2e980e72c6c0fdf4b095eeae5b404379963b1333b40035272b,c128,damacy,4635ae43d5402f62f178e4e3015dde9198bccf4931704696e6e68f1f0a436a61,414bf43edde9f9b70c911ccee227982d6d357b6ffd48836461511dc86e6655a7,128.0,d688712d0e73d712a91cdfc295dc6b8d2f4b3dc6d316bd8514ec0c1b0420034f,5248277298803e9c822a8b001eb8ad2e40195401bbffc3d2ed6f03c5e22cae70,3,3,2.721871801381169,2.5403112691807803,4.268973430654738,3,3.3533710293716803,3.258117333504078,3.4937652405563258,3,1.2320091738597194,0.818408757353283,1.2825661851095838
1ffcd02909237b27e0c8294f99c842c6bea3050a727bf254fb076c5dc17d7ae8,c128,tensorstore,4635ae43d5402f62f178e4e3015dde9198bccf4931704696e6e68f1f0a436a61,414bf43edde9f9b70c911ccee227982d6d357b6ffd48836461511dc86e6655a7,128.0,d688712d0e73d712a91cdfc295dc6b8d2f4b3dc6d316bd8514ec0c1b0420034f,5248277298803e9c822a8b001eb8ad2e40195401bbffc3d2ed6f03c5e22cae70,3,3,1.7967460697152766,1.5745382674830346,2.3533584307028916,3,2.129246552173882,1.9255614738766507,2.186438043526084,3,1.2168876172204792,0.9047693391685886,1.2229372341357834
edd6b087b6db3341e2378db4e4737b7c8d1275c7ecae13c9f57209995f1ecc57,c16,damacy,4635ae43d5402f62f178e4e3015dde9198bccf4931704696e6e68f1f0a436a61,414bf43edde9f9b70c911ccee227982d6d357b6ffd48836461511dc86e6655a7,16.0,d688712d0e73d712a91cdfc295dc6b8d2f4b3dc6d316bd8514ec0c1b0420034f,5248277298803e9c822a8b001eb8ad2e40195401bbffc3d2ed6f03c5e22cae70,3,3,2.4177054423090367,1.746270386243057,3.2014428178613503,3,1.035070515815967,1.029595542415987,1.1796037543476063,3,0.4879021793577229,0.3233137602961848,0.589596863422204
362b35eda398cd9db6ae4e8fbe18e645800ccd672cfc6dc9641b81a45140776d,c16,tensorstore,4635ae43d5402f62f178e4e3015dde9198bccf4931704696e6e68f1f0a436a61,414bf43edde9f9b70c911ccee227982d6d357b6ffd48836461511dc86e6655a7,16.0,d688712d0e73d712a91cdfc295dc6b8d2f4b3dc6d316bd8514ec0c1b0420034f,5248277298803e9c822a8b001eb8ad2e40195401bbffc3d2ed6f03c5e22cae70,3,3,3.6779806311720353,3.5339369236287577,6.665520715590384,3,1.7819630717894788,1.7510522110047826,1.8735542394877909,3,0.495496170092008,0.2673404146238026,0.5093975274390607
2da879df39d7340a243baeba445e955951cdcc93996487c9c51003b1d3b0a0d6,c256,damacy,4635ae43d5402f62f178e4e3015dde9198bccf4931704696e6e68f1f0a436a61,414bf43edde9f9b70c911ccee227982d6d357b6ffd48836461511dc86e6655a7,256.0,d688712d0e73d712a91cdfc295dc6b8d2f4b3dc6d316bd8514ec0c1b0420034f,5248277298803e9c822a8b001eb8ad2e40195401bbffc3d2ed6f03c5e22cae70,3,3,2.7454890726808787,2.543208274833693,4.120096457490542,3,3.4002808978000623,2.953018545921826,3.4972482042876623,3,1.27381610769724,0.7167352940373739,1.3370044960326404
437daf868bc4ea1f466394868030981aef69456d486fe6c2781369b77e9775f1,c256,tensorstore,4635ae43d5402f62f178e4e3015dde9198bccf4931704696e6e68f1f0a436a61,414bf43edde9f9b70c911ccee227982d6d357b6ffd48836461511dc86e6655a7,256.0,d688712d0e73d712a91cdfc295dc6b8d2f4b3dc6d316bd8514ec0c1b0420034f,5248277298803e9c822a8b001eb8ad2e40195401bbffc3d2ed6f03c5e22cae70,3,3,1.8516045221003536,1.8298586612127439,1.8932776487349694,3,2.136234489641623,1.9261438676057139,2.3316021440725363,3,1.167431416930217,1.040256623169621,1.2315162256473275
dfb13fefcbcf7fad915d43fc323100f46514606bf04dea8ee00f9685c0d0cb8e,c32,damacy,4635ae43d5402f62f178e4e3015dde9198bccf4931704696e6e68f1f0a436a61,414bf43edde9f9b70c911ccee227982d6d357b6ffd48836461511dc86e6655a7,32.0,d688712d0e73d712a91cdfc295dc6b8d2f4b3dc6d316bd8514ec0c1b0420034f,5248277298803e9c822a8b001eb8ad2e40195401bbffc3d2ed6f03c5e22cae70,3,3,3.5952391946522813,3.164694922026032,4.307914144787766,3,2.126961160506578,1.8694323707022527,2.2766215450581098,3,0.6332322890906558,0.43395302410195835,0.6720904266958223
931de7d51396f7b84c4b380f4e44c3b886389f0243634557cd50713a11e6eebf,c32,tensorstore,4635ae43d5402f62f178e4e3015dde9198bccf4931704696e6e68f1f0a436a61,414bf43edde9f9b70c911ccee227982d6d357b6ffd48836461511dc86e6655a7,32.0,d688712d0e73d712a91cdfc295dc6b8d2f4b3dc6d316bd8514ec0c1b0420034f,5248277298803e9c822a8b001eb8ad2e40195401bbffc3d2ed6f03c5e22cae70,3,3,3.1302612483643792,2.98232650825765,3.4651020875218226,3,2.079330616621916,1.6649384290691747,2.1522654468871893,3,0.6642674370097401,0.4804875547721332,0.7216733113989576
210a3f08172615dab9c87bb05c3debe740e1ab199d4ba980673371553f9ec939,c512,damacy,4635ae43d5402f62f178e4e3015dde9198bccf4931704696e6e68f1f0a436a61,414bf43edde9f9b70c911ccee227982d6d357b6ffd48836461511dc86e6655a7,512.0,d688712d0e73d712a91cdfc295dc6b8d2f4b3dc6d316bd8514ec0c1b0420034f,5248277298803e9c822a8b001eb8ad2e40195401bbffc3d2ed6f03c5e22cae70,3,3,2.8733921916980525,2.559130615655048,3.540107911722426,3,3.4505472208402113,3.4368827331170513,3.685981236350332,3,1.196106380133928,0.9747011410059986,1.440325559704521
12f54496dbc7ed50f8475c495674b419fe13f223a83d005c44c4cbd8dd8caa33,c512,tensorstore,4635ae43d5402f62f178e4e3015dde9198bccf4931704696e6e68f1f0a436a61,414bf43edde9f9b70c911ccee227982d6d357b6ffd48836461511dc86e6655a7,512.0,d688712d0e73d712a91cdfc295dc6b8d2f4b3dc6d316bd8514ec0c1b0420034f,5248277298803e9c822a8b001eb8ad2e40195401bbffc3d2ed6f03c5e22cae70,3,3,2.1376344137990677,1.8232956440583585,2.7650232171352305,3,2.3261034929982713,2.1583600039311697,2.3328897198252907,3,1.0881671243607323,0.7805938086000562,1.2794906451005712
861a686119f55e8c1d31f582138effa03a20cf176aa1186be75c0851ea7d203c,c64,damacy,4635ae43d5402f62f178e4e3015dde9198bccf4931704696e6e68f1f0a436a61,414bf43edde9f9b70c911ccee227982d6d357b6ffd48836461511dc86e6655a7,64.0,d688712d0e73d712a91cdfc295dc6b8d2f4b3dc6d316bd8514ec0c1b0420034f,5248277298803e9c822a8b001eb8ad2e40195401bbffc3d2ed6f03c5e22cae70,3,3,2.685546757048206,2.4955492322241026,3.255624461250709,3,3.1317991634194167,2.206715253967318,3.1948511728616698,3,1.1661681760706728,0.67781627771637,1.2802196532962524
0b70af25bc52d9af792160c8ea6738e02b43d6f6ca913c2a63fe68ef114b06f8,c64,tensorstore,4635ae43d5402f62f178e4e3015dde9198bccf4931704696e6e68f1f0a436a61,414bf43edde9f9b70c911ccee227982d6d357b6ffd48836461511dc86e6655a7,64.0,d688712d0e73d712a91cdfc295dc6b8d2f4b3dc6d316bd8514ec0c1b0420034f,5248277298803e9c822a8b001eb8ad2e40195401bbffc3d2ed6f03c5e22cae70,3,3,1.9541290572324974,1.8109762646910301,2.2556356853364252,3,2.0852423482590994,1.686009976748535,2.191766431322445,3,1.1216078197140662,0.7474655538166257,1.1514465368296043
