comparison,round,policy,job_id,codec,numerator_shards,denominator_shards,numerator_id,denominator_id,numerator_logical_gibs,denominator_logical_gibs,numerator_logical_bytes,denominator_logical_bytes,rate_ratio
9/4,1,coverage-qualified-through-final-close-v2,3836375,blosc-lz4,9,4,023-fast-target12-r1-sample,021-fast-target4-r1-sample,4.496802312882938,3.4395920434054004,34360684800,34360684800,1.3073650177510112
15/4,1,coverage-qualified-through-final-close-v2,3836375,blosc-lz4,15,4,020-fast-target16-r1-sample,021-fast-target4-r1-sample,5.721187018510967,3.4395920434054004,34360684800,34360684800,1.663333019239878
30/15,1,coverage-qualified-through-final-close-v2,3836375,blosc-lz4,30,15,022-fast-target48-r1-sample,020-fast-target16-r1-sample,5.695600381772294,5.721187018510967,34360684800,34360684800,0.9955277398456148
15/4,1,coverage-qualified-through-final-close-v2,3836375,blosc-zstd,15,4,024-slow_control-target16-r1-sample,025-slow_control-target4-r1-sample,2.734940629225198,2.6592220714130135,34360684800,34360684800,1.02847395056854
9/4,2,coverage-qualified-through-final-close-v2,3836375,blosc-lz4,9,4,032-fast-target12-r2-sample,033-fast-target4-r2-sample,4.987992297867758,1.779115900704104,34360684800,34360684800,2.80363538760668
15/4,2,coverage-qualified-through-final-close-v2,3836375,blosc-lz4,15,4,031-fast-target16-r2-sample,033-fast-target4-r2-sample,5.242813095778262,1.779115900704104,34360684800,34360684800,2.9468642788833277
30/15,2,coverage-qualified-through-final-close-v2,3836375,blosc-lz4,30,15,030-fast-target48-r2-sample,031-fast-target16-r2-sample,6.4178152565927125,5.242813095778262,34360684800,34360684800,1.224116736444527
15/4,2,coverage-qualified-through-final-close-v2,3836375,blosc-zstd,15,4,028-slow_control-target16-r2-sample,029-slow_control-target4-r2-sample,2.732697463707192,2.6583174658590756,34360684800,34360684800,1.0279801035065914
9/4,3,coverage-qualified-through-final-close-v2,3836375,blosc-lz4,9,4,040-fast-target12-r3-sample,038-fast-target4-r3-sample,4.597056839976229,3.13516472428815,34360684800,34360684800,1.4662887740356312
15/4,3,coverage-qualified-through-final-close-v2,3836375,blosc-lz4,15,4,041-fast-target16-r3-sample,038-fast-target4-r3-sample,6.005006579395065,3.13516472428815,34360684800,34360684800,1.91537195250834
30/15,3,coverage-qualified-through-final-close-v2,3836375,blosc-lz4,30,15,037-fast-target48-r3-sample,041-fast-target16-r3-sample,5.157461481188664,6.005006579395065,35612928000,34360684800,0.8588602548555773
15/4,3,coverage-qualified-through-final-close-v2,3836375,blosc-zstd,15,4,036-slow_control-target16-r3-sample,039-slow_control-target4-r3-sample,2.721271320087804,2.5799864557269268,34360684800,34360684800,1.0547618628180238
9/4,4,coverage-qualified-through-final-close-v2,3836375,blosc-lz4,9,4,044-fast-target12-r4-sample,047-fast-target4-r4-sample,4.437305656936187,2.9272058476217957,34360684800,34360684800,1.5158843921213363
15/4,4,coverage-qualified-through-final-close-v2,3836375,blosc-lz4,15,4,045-fast-target16-r4-sample,047-fast-target4-r4-sample,5.042199670913506,2.9272058476217957,34360684800,34360684800,1.7225299255978306
30/15,4,coverage-qualified-through-final-close-v2,3836375,blosc-lz4,30,15,049-fast-target48-r4-sample,045-fast-target16-r4-sample,6.028619733349165,5.042199670913506,34360684800,34360684800,1.1956328838236878
15/4,4,coverage-qualified-through-final-close-v2,3836375,blosc-zstd,15,4,048-slow_control-target16-r4-sample,046-slow_control-target4-r4-sample,2.750401556439669,2.7516095755943364,34360684800,34360684800,0.9995609772674939
9/4,5,coverage-qualified-through-final-close-v2,3836375,blosc-lz4,9,4,055-fast-target12-r5-sample,053-fast-target4-r5-sample,5.189435836767236,3.3412293118761474,34360684800,34360684800,1.55315165538677
15/4,5,coverage-qualified-through-final-close-v2,3836375,blosc-lz4,15,4,057-fast-target16-r5-sample,053-fast-target4-r5-sample,5.51067148577921,3.3412293118761474,34360684800,34360684800,1.6492946072847932
30/15,5,coverage-qualified-through-final-close-v2,3836375,blosc-lz4,30,15,056-fast-target48-r5-sample,057-fast-target16-r5-sample,6.637386789344012,5.51067148577921,34360684800,34360684800,1.2044606190865113
15/4,5,coverage-qualified-through-final-close-v2,3836375,blosc-zstd,15,4,052-slow_control-target16-r5-sample,054-slow_control-target4-r5-sample,2.7386950895554985,2.759686126979062,34360684800,34360684800,0.9923936866521333
9/4,6,coverage-qualified-through-final-close-v2,3836375,blosc-lz4,9,4,062-fast-target12-r6-sample,061-fast-target4-r6-sample,5.550560240033981,3.4280594555419697,34360684800,34360684800,1.619155184447187
15/4,6,coverage-qualified-through-final-close-v2,3836375,blosc-lz4,15,4,060-fast-target16-r6-sample,061-fast-target4-r6-sample,6.165746066878571,3.4280594555419697,34360684800,34360684800,1.7986111812940473
30/15,6,coverage-qualified-through-final-close-v2,3836375,blosc-lz4,30,15,064-fast-target48-r6-sample,060-fast-target16-r6-sample,6.210500861975227,6.165746066878571,34400496000,34360684800,1.0072586179533198
15/4,6,coverage-qualified-through-final-close-v2,3836375,blosc-zstd,15,4,065-slow_control-target16-r6-sample,063-slow_control-target4-r6-sample,2.7259618062079456,2.6470308825002893,34360684800,34360684800,1.0298186637071272
