id,raw_line,source_locator,status,returncode,scope,role,accepted,primary,exclusion,error,case_id,experiment,series,round,job_id,policy,backend,destination,chunk_bytes,chunk_kib,chunk_shape,shard_shape,chunks_per_shard,raw_shard_bytes,actual_layer_shards,target_shards,codec,blosc_block_bytes,shuffle,level_hint,logical_shape,logical_bytes,submitted_bytes,metered_output_bytes,final_file_bytes,allocated_file_bytes,padding_ratio,metered_bytes_per_logical_byte,final_bytes_per_logical_byte,allocated_bytes_per_logical_byte,elapsed_s,append_s,drain_s,drain_fraction,logical_gibs,init_s,source_preparation_s,warmup_s,separate_warmup_s,warmup_input_bytes,warmup_output_bytes,complete_batches,generation_transitions,memory_host_peak_bytes,memory_device_used_bytes,peak_pending_mib,checked_plane_count,retained_path,metadata_sha256,file_count,shard_file_count,phase,analysis_scope,protocol_sha256,minimum_logical_bytes,requested_frames,extension_sample,extension_reference,excluded_from_primary_reason,protocol_source
001-fast-target16-r1-reference-before,1,raw/provenance.tar.gz!root/jobs/gpu-extension-3837212/measurements/observations.jsonl#line=1,pass,0,measurement,reference-before,true,false,,,fast-target16,shard-count-extension,fast,1,3837212,coverage-qualified-through-final-close-v2,gpu,shared NFS,65536,64.0,"[4,64,128]","[16384,128,256]","[4096,2,2]",1073741824,15,16,blosc-lz4,16384,bit,3,,103082054400,125995253760,76624236544,,,1.2222811671087532,0.7433324548099034,,,20.544806608000002,20.432926153,0.111880455,0.005445680610906045,4.672842442969411,0.16501519083976746,0.00866913217956829,2.073125922,0.0,13044547584,7928946688,1873,9,687874048,960495616,153.87568283081055,,,,,,shard-count-extension,post-primary adaptive follow-up,07d5e822e8d2526c5a07ee2f653c2c145ee77bba7abf82046d6548af2b7b5caa,103079215104,142407,false,true,separate_post_primary_job_and_96_GiB_minimum,raw/provenance.tar.gz!root/jobs/gpu-extension-3837212/protocol.json
002-fast-target48-r1-sample,2,raw/provenance.tar.gz!root/jobs/gpu-extension-3837212/measurements/observations.jsonl#line=2,pass,0,measurement,sample,true,false,,,fast-target48,shard-count-extension,fast,1,3837212,coverage-qualified-through-final-close-v2,gpu,shared NFS,65536,64.0,"[4,64,128]","[32768,128,128]","[8192,2,1]",1073741824,30,48,blosc-lz4,16384,bit,3,,103082054400,125995253760,76689473536,,,1.2222811671087532,0.7439653194959995,,,18.824761034,18.697776231000002,0.126984803,0.006745626293510377,5.099806798453769,0.17231203615665436,0.01177381797185421,2.075048241,0.0,16003104768,9735544832,1873,4,701505536,960495616,149.86396312713623,,,,,,shard-count-extension,post-primary adaptive follow-up,07d5e822e8d2526c5a07ee2f653c2c145ee77bba7abf82046d6548af2b7b5caa,103079215104,142407,true,false,separate_post_primary_job_and_96_GiB_minimum,raw/provenance.tar.gz!root/jobs/gpu-extension-3837212/protocol.json
003-fast-target54-r1-sample,3,raw/provenance.tar.gz!root/jobs/gpu-extension-3837212/measurements/observations.jsonl#line=3,pass,0,measurement,sample,true,false,,,fast-target54,shard-count-extension,fast,1,3837212,coverage-qualified-through-final-close-v2,gpu,shared NFS,65536,64.0,"[4,64,128]","[65536,64,128]","[16384,1,1]",1073741824,54,54,blosc-lz4,16384,bit,3,,103082054400,125995253760,76767580160,,,1.2222811671087532,0.7447230326057607,,,21.735565836000003,21.625923322000002,0.10964251400000001,0.005044382779232838,4.4168458748589075,0.17206402122974396,0.02726942017901325,2.067596612,0.0,11161829376,6796967936,1873,2,717225984,960495616,149.0390625,,,,,,shard-count-extension,post-primary adaptive follow-up,07d5e822e8d2526c5a07ee2f653c2c145ee77bba7abf82046d6548af2b7b5caa,103079215104,142407,true,false,separate_post_primary_job_and_96_GiB_minimum,raw/provenance.tar.gz!root/jobs/gpu-extension-3837212/protocol.json
004-fast-target16-r1-reference-after,4,raw/provenance.tar.gz!root/jobs/gpu-extension-3837212/measurements/observations.jsonl#line=4,pass,0,measurement,reference-after,true,false,,,fast-target16,shard-count-extension,fast,1,3837212,coverage-qualified-through-final-close-v2,gpu,shared NFS,65536,64.0,"[4,64,128]","[16384,128,256]","[4096,2,2]",1073741824,15,16,blosc-lz4,16384,bit,3,,103082054400,125995253760,76620288000,,,1.2222811671087532,0.7432941499466273,,,19.296366039000002,19.161605132000002,0.134760907,0.006983745370896983,4.975167039557049,0.17717856168746948,0.01018153934561491,2.0800137000000003,0.0,15330705408,9322532864,1873,8,689979392,960495616,153.87568283081055,,,,,,shard-count-extension,post-primary adaptive follow-up,07d5e822e8d2526c5a07ee2f653c2c145ee77bba7abf82046d6548af2b7b5caa,103079215104,142407,false,true,separate_post_primary_job_and_96_GiB_minimum,raw/provenance.tar.gz!root/jobs/gpu-extension-3837212/protocol.json
005-fast-target16-r2-reference-before,5,raw/provenance.tar.gz!root/jobs/gpu-extension-3837212/measurements/observations.jsonl#line=5,pass,0,measurement,reference-before,true,false,,,fast-target16,shard-count-extension,fast,2,3837212,coverage-qualified-through-final-close-v2,gpu,shared NFS,65536,64.0,"[4,64,128]","[16384,128,256]","[4096,2,2]",1073741824,15,16,blosc-lz4,16384,bit,3,,103082054400,125995253760,76624252928,,,1.2222811671087532,0.7433326137512447,,,19.735201992,19.659849010000002,0.075352982,0.0038182017103521723,4.864538216501514,0.1760576069355011,0.008981114767837048,2.076469598,0.0,13447987200,8174182400,1873,9,689975296,960495616,154.05146408081055,,,,,,shard-count-extension,post-primary adaptive follow-up,07d5e822e8d2526c5a07ee2f653c2c145ee77bba7abf82046d6548af2b7b5caa,103079215104,142407,false,true,separate_post_primary_job_and_96_GiB_minimum,raw/provenance.tar.gz!root/jobs/gpu-extension-3837212/protocol.json
006-fast-target54-r2-sample,6,raw/provenance.tar.gz!root/jobs/gpu-extension-3837212/measurements/observations.jsonl#line=6,pass,0,measurement,sample,true,false,,,fast-target54,shard-count-extension,fast,2,3837212,coverage-qualified-through-final-close-v2,gpu,shared NFS,65536,64.0,"[4,64,128]","[65536,64,128]","[16384,1,1]",1073741824,54,54,blosc-lz4,16384,bit,3,,103082054400,125995253760,76767649792,,,1.2222811671087532,0.7447237081064616,,,20.522645456,20.389097522,0.133547934,0.006507344985631759,4.67788836026466,0.19488881528377533,0.026411457877085685,2.0621599550000003,0.0,13111787520,7984386048,1873,2,715137024,960495616,148.921875,,,,,,shard-count-extension,post-primary adaptive follow-up,07d5e822e8d2526c5a07ee2f653c2c145ee77bba7abf82046d6548af2b7b5caa,103079215104,142407,true,false,separate_post_primary_job_and_96_GiB_minimum,raw/provenance.tar.gz!root/jobs/gpu-extension-3837212/protocol.json
007-fast-target48-r2-sample,7,raw/provenance.tar.gz!root/jobs/gpu-extension-3837212/measurements/observations.jsonl#line=7,pass,0,measurement,sample,true,false,,,fast-target48,shard-count-extension,fast,2,3837212,coverage-qualified-through-final-close-v2,gpu,shared NFS,65536,64.0,"[4,64,128]","[32768,128,128]","[8192,2,1]",1073741824,30,48,blosc-lz4,16384,bit,3,,103082054400,125995253760,76689530880,,,1.2222811671087532,0.7439658757906944,,,18.258768175,18.172888074,0.085880101,0.004703499172391459,5.257892722024267,0.1722612828016281,0.00930473719825697,2.039737294,0.0,17684103168,10758180864,1873,4,698359808,960495616,149.86396312713623,,,,,,shard-count-extension,post-primary adaptive follow-up,07d5e822e8d2526c5a07ee2f653c2c145ee77bba7abf82046d6548af2b7b5caa,103079215104,142407,true,false,separate_post_primary_job_and_96_GiB_minimum,raw/provenance.tar.gz!root/jobs/gpu-extension-3837212/protocol.json
008-fast-target16-r2-reference-after,8,raw/provenance.tar.gz!root/jobs/gpu-extension-3837212/measurements/observations.jsonl#line=8,pass,0,measurement,reference-after,true,false,,,fast-target16,shard-count-extension,fast,2,3837212,coverage-qualified-through-final-close-v2,gpu,shared NFS,65536,64.0,"[4,64,128]","[16384,128,256]","[4096,2,2]",1073741824,15,16,blosc-lz4,16384,bit,3,,103082054400,125995253760,76620255232,,,1.2222811671087532,0.7432938320639446,,,17.576759323,17.459561035,0.11719828800000001,0.006667798417575226,5.461908110378284,0.16006769239902496,0.008998807553367615,2.0647151640000003,0.0,15666905088,9526906880,1873,8,687869952,960495616,154.12958908081055,,,,,,shard-count-extension,post-primary adaptive follow-up,07d5e822e8d2526c5a07ee2f653c2c145ee77bba7abf82046d6548af2b7b5caa,103079215104,142407,false,true,separate_post_primary_job_and_96_GiB_minimum,raw/provenance.tar.gz!root/jobs/gpu-extension-3837212/protocol.json
009-fast-target16-r3-reference-before,9,raw/provenance.tar.gz!root/jobs/gpu-extension-3837212/measurements/observations.jsonl#line=9,pass,0,measurement,reference-before,true,false,,,fast-target16,shard-count-extension,fast,3,3837212,coverage-qualified-through-final-close-v2,gpu,shared NFS,65536,64.0,"[4,64,128]","[16384,128,256]","[4096,2,2]",1073741824,15,16,blosc-lz4,16384,bit,3,,103082054400,125995253760,76624252928,,,1.2222811671087532,0.7433326137512447,,,17.170259958000003,16.995897029,0.174362929,0.01015493821447709,5.5912167046563015,0.15841051936149597,0.02797897481519413,2.042350736,0.0,12910067712,7847215104,1873,9,687865856,960495616,153.87568283081055,,,,,,shard-count-extension,post-primary adaptive follow-up,07d5e822e8d2526c5a07ee2f653c2c145ee77bba7abf82046d6548af2b7b5caa,103079215104,142407,false,true,separate_post_primary_job_and_96_GiB_minimum,raw/provenance.tar.gz!root/jobs/gpu-extension-3837212/protocol.json
010-fast-target48-r3-sample,10,raw/provenance.tar.gz!root/jobs/gpu-extension-3837212/measurements/observations.jsonl#line=10,pass,0,measurement,sample,true,false,,,fast-target48,shard-count-extension,fast,3,3837212,coverage-qualified-through-final-close-v2,gpu,shared NFS,65536,64.0,"[4,64,128]","[32768,128,128]","[8192,2,1]",1073741824,30,48,blosc-lz4,16384,bit,3,,103082054400,125995253760,76689473536,,,1.2222811671087532,0.7439653194959995,,,16.868512681,16.761811924,0.10670075700000001,0.006325439534463721,5.691233490229062,0.16289888322353363,0.00950748654501009,2.113637362,0.0,12775587840,7772069888,1873,4,695218176,960495616,149.86396312713623,,,,,,shard-count-extension,post-primary adaptive follow-up,07d5e822e8d2526c5a07ee2f653c2c145ee77bba7abf82046d6548af2b7b5caa,103079215104,142407,true,false,separate_post_primary_job_and_96_GiB_minimum,raw/provenance.tar.gz!root/jobs/gpu-extension-3837212/protocol.json
011-fast-target54-r3-sample,11,raw/provenance.tar.gz!root/jobs/gpu-extension-3837212/measurements/observations.jsonl#line=11,pass,0,measurement,sample,true,false,,,fast-target54,shard-count-extension,fast,3,3837212,coverage-qualified-through-final-close-v2,gpu,shared NFS,65536,64.0,"[4,64,128]","[65536,64,128]","[16384,1,1]",1073741824,54,54,blosc-lz4,16384,bit,3,,103082054400,125995253760,76767580160,,,1.2222811671087532,0.7447230326057607,,,19.913710009000003,19.746081328000002,0.167628681,0.008417752439110552,4.820932124504797,0.1660434752702713,0.009343050673461913,2.0796322480000002,0.0,13784186880,8393871360,1873,2,709890048,960495616,147.99609375,,,,,,shard-count-extension,post-primary adaptive follow-up,07d5e822e8d2526c5a07ee2f653c2c145ee77bba7abf82046d6548af2b7b5caa,103079215104,142407,true,false,separate_post_primary_job_and_96_GiB_minimum,raw/provenance.tar.gz!root/jobs/gpu-extension-3837212/protocol.json
012-fast-target16-r3-reference-after,12,raw/provenance.tar.gz!root/jobs/gpu-extension-3837212/measurements/observations.jsonl#line=12,pass,0,measurement,reference-after,true,false,,,fast-target16,shard-count-extension,fast,3,3837212,coverage-qualified-through-final-close-v2,gpu,shared NFS,65536,64.0,"[4,64,128]","[16384,128,256]","[4096,2,2]",1073741824,15,16,blosc-lz4,16384,bit,3,,103082054400,125995253760,76624236544,,,1.2222811671087532,0.7433324548099034,,,18.232371422000003,18.116290420000002,0.116081002,0.006366752810878535,5.265505077667499,0.16421553492546082,0.03431928840388489,2.042681634,0.0,13582467072,8255913984,1873,9,687890432,960495616,153.87568283081055,,,,,,shard-count-extension,post-primary adaptive follow-up,07d5e822e8d2526c5a07ee2f653c2c145ee77bba7abf82046d6548af2b7b5caa,103079215104,142407,false,true,separate_post_primary_job_and_96_GiB_minimum,raw/provenance.tar.gz!root/jobs/gpu-extension-3837212/protocol.json
