figure,panel,series,x,metric,median,min,max,n,group_id,policy,job_id,layout_id
shared-layout,rate,GPU blosc-zstd,128.0,logical_gibs,2.267239652040453,2.196115397473201,2.7353169461746445,3,ec1bfa9dd5fcd8129441e451c0064a61edd23d75c48a451c6547aa369ed1f407,fixed-volume-after-discard-warmup-through-close-v1,3836189,c128
shared-layout,size,Final file lengths,128.0,final_bytes_per_logical_byte,0.534535620720591,0.534535620720591,0.534535620720591,3,ec1bfa9dd5fcd8129441e451c0064a61edd23d75c48a451c6547aa369ed1f407,fixed-volume-after-discard-warmup-through-close-v1,3836189,c128
shared-layout,size,Metered shard writes,128.0,metered_bytes_per_logical_byte,0.5345411278735632,0.5345411278735632,0.5345411278735632,3,ec1bfa9dd5fcd8129441e451c0064a61edd23d75c48a451c6547aa369ed1f407,fixed-volume-after-discard-warmup-through-close-v1,3836189,c128
shared-layout,rate,GPU blosc-zstd,16.0,logical_gibs,2.5103105439227695,2.343064212823915,2.614698661160464,3,00716807416d48c8779a5f8b50bf8175191245abdf551db1ee2adf13ca3ae9cb,fixed-volume-after-discard-warmup-through-close-v1,3836189,c16
shared-layout,size,Final file lengths,16.0,final_bytes_per_logical_byte,0.5319193320185815,0.5319193320185815,0.5319193320185815,3,00716807416d48c8779a5f8b50bf8175191245abdf551db1ee2adf13ca3ae9cb,fixed-volume-after-discard-warmup-through-close-v1,3836189,c16
shared-layout,size,Metered shard writes,16.0,metered_bytes_per_logical_byte,0.5319245275198939,0.5319245275198939,0.5319245275198939,3,00716807416d48c8779a5f8b50bf8175191245abdf551db1ee2adf13ca3ae9cb,fixed-volume-after-discard-warmup-through-close-v1,3836189,c16
shared-layout,rate,GPU blosc-zstd,256.0,logical_gibs,2.4203940079020136,2.347187631484877,2.4241835413099126,3,4e432523faf8b2c04f567c4735ee98dd106e09d7a86f1803ab94a6710c2db37e,fixed-volume-after-discard-warmup-through-close-v1,3836189,c256
shared-layout,size,Final file lengths,256.0,final_bytes_per_logical_byte,0.5392176095201946,0.5392176095201946,0.5392176095201946,3,4e432523faf8b2c04f567c4735ee98dd106e09d7a86f1803ab94a6710c2db37e,fixed-volume-after-discard-warmup-through-close-v1,3836189,c256
shared-layout,size,Metered shard writes,256.0,metered_bytes_per_logical_byte,0.5392232744805482,0.5392232744805482,0.5392232744805482,3,4e432523faf8b2c04f567c4735ee98dd106e09d7a86f1803ab94a6710c2db37e,fixed-volume-after-discard-warmup-through-close-v1,3836189,c256
shared-layout,rate,GPU blosc-zstd,32.0,logical_gibs,2.3646728068933003,2.3513658119089,2.429280009112286,3,aea0dfe802e979245a3a202eaa5e55b3ec0134978b0d6b93d1b49e15c39a3ad3,fixed-volume-after-discard-warmup-through-close-v1,3836189,c32
shared-layout,size,Final file lengths,32.0,final_bytes_per_logical_byte,0.5302267137825963,0.5302267137825963,0.5302267137825963,3,aea0dfe802e979245a3a202eaa5e55b3ec0134978b0d6b93d1b49e15c39a3ad3,fixed-volume-after-discard-warmup-through-close-v1,3836189,c32
shared-layout,size,Metered shard writes,32.0,metered_bytes_per_logical_byte,0.530232164566755,0.530232164566755,0.530232164566755,3,aea0dfe802e979245a3a202eaa5e55b3ec0134978b0d6b93d1b49e15c39a3ad3,fixed-volume-after-discard-warmup-through-close-v1,3836189,c32
shared-layout,rate,GPU blosc-zstd,512.0,logical_gibs,2.495740931766282,2.37529882918242,2.516865594054821,3,eaf5cec397ef6b241fdaa10d42564526b920ed98d1a55aba62f9d31509e1b5ff,fixed-volume-after-discard-warmup-through-close-v1,3836189,c512
shared-layout,size,Final file lengths,512.0,final_bytes_per_logical_byte,0.5403129300219521,0.5403129300219521,0.5403129300219521,3,eaf5cec397ef6b241fdaa10d42564526b920ed98d1a55aba62f9d31509e1b5ff,fixed-volume-after-discard-warmup-through-close-v1,3836189,c512
shared-layout,size,Metered shard writes,512.0,metered_bytes_per_logical_byte,0.5403183023872679,0.5403183023872679,0.5403183023872679,3,eaf5cec397ef6b241fdaa10d42564526b920ed98d1a55aba62f9d31509e1b5ff,fixed-volume-after-discard-warmup-through-close-v1,3836189,c512
shared-layout,rate,GPU blosc-zstd,64.0,logical_gibs,2.639043771993532,2.2859226646131763,2.7247160029483415,3,e7dc5ef474fb21766fedcaef3298a4d6c68d2ce3f19cefc6bdd5ef95a982fa69,fixed-volume-after-discard-warmup-through-close-v1,3836189,c64
shared-layout,size,Final file lengths,64.0,final_bytes_per_logical_byte,0.5344762804232057,0.5344762804232057,0.5344762804232057,3,e7dc5ef474fb21766fedcaef3298a4d6c68d2ce3f19cefc6bdd5ef95a982fa69,fixed-volume-after-discard-warmup-through-close-v1,3836189,c64
shared-layout,size,Metered shard writes,64.0,metered_bytes_per_logical_byte,0.5344824132404952,0.5344824132404952,0.5344824132404952,3,e7dc5ef474fb21766fedcaef3298a4d6c68d2ce3f19cefc6bdd5ef95a982fa69,fixed-volume-after-discard-warmup-through-close-v1,3836189,c64
