figure,panel,series,x,metric,median,min,max,n,group_id,policy,job_id,codec,comparison
shard-count,rate,blosc-lz4,9,logical_gibs,4.792524568921994,4.437305656936187,5.550560240033981,6,591c31fa07a88f482160ca8b7ce960e954d41582e994904a2d39debdea12d06f,coverage-qualified-through-final-close-v2,3836375,blosc-lz4,
shard-count,rate,blosc-lz4,15,logical_gibs,5.615929252145088,5.042199670913506,6.165746066878571,6,8a1ba3768ae1e57cbcd4d50fabf758b8cd5fa933092257011de0deec0c4603c5,coverage-qualified-through-final-close-v2,3836375,blosc-lz4,
shard-count,rate,blosc-lz4,4,logical_gibs,3.2381970180821487,1.779115900704104,3.4395920434054004,6,c1baf483f885fcafd0796c350c571e9ed91ef8a15a285f4542a5e9c75e505510,coverage-qualified-through-final-close-v2,3836375,blosc-lz4,
shard-count,rate,blosc-lz4,30,logical_gibs,6.119560297662196,5.157461481188664,6.637386789344012,6,b813459cbfcede4b5cd9ef0a62c4cd8ddeeddf3426b5c718895b2dbefa9c0fcd,coverage-qualified-through-final-close-v2,3836375,blosc-lz4,
shard-count,rate,blosc-zstd,15,logical_gibs,2.733819046466195,2.721271320087804,2.750401556439669,6,09d67a2798e5355eb376115d53acadf6db34566a7f3b43a778a88bb5a2ad57b5,coverage-qualified-through-final-close-v2,3836375,blosc-zstd,
shard-count,rate,blosc-zstd,4,logical_gibs,2.6587697686360445,2.5799864557269268,2.759686126979062,6,e11c6aca9472b300722dae72c159f5519cfb97bca7e8bf35aa047c6c212d3840,coverage-qualified-through-final-close-v2,3836375,blosc-zstd,
shard-count,paired,blosc-lz4 9/4,0,rate_ratio,1.5345180237540532,1.3073650177510112,2.80363538760668,6,193de8d8ae93e6a1e5e2d9b2cb9632f31e0f570d96501e62e9d87dd8983e9339,coverage-qualified-through-final-close-v2,3836375,blosc-lz4,9/4
shard-count,paired,blosc-lz4 15/4,1,rate_ratio,1.7605705534459388,1.6492946072847932,2.9468642788833277,6,4c8b7c6811903439a32f6f2464cd1f35ef7e34f879ea983cfbbdfdda0e61d22a,coverage-qualified-through-final-close-v2,3836375,blosc-lz4,15/4
shard-count,paired,blosc-lz4 30/15,2,rate_ratio,1.1014457508885038,0.8588602548555773,1.224116736444527,6,9bdeac31b242a745cce772bb83664f2bbe3adac9a97d1beefcaa0a3266b8bb8e,coverage-qualified-through-final-close-v2,3836375,blosc-lz4,30/15
shard-count,paired,blosc-zstd 15/4,3,rate_ratio,1.0282270270375657,0.9923936866521333,1.0547618628180238,6,02e9748875a460f243fec2241636b7e598623a27e28bedf6e219cba953256491,coverage-qualified-through-final-close-v2,3836375,blosc-zstd,15/4
