id,raw_line,source_locator,status,returncode,scope,role,accepted,primary,exclusion,error,case_id,experiment,series,round,job_id,policy,backend,destination,chunk_bytes,chunk_kib,chunk_shape,shard_shape,chunks_per_shard,raw_shard_bytes,actual_layer_shards,target_shards,codec,blosc_block_bytes,shuffle,level_hint,logical_shape,logical_bytes,submitted_bytes,metered_output_bytes,final_file_bytes,allocated_file_bytes,padding_ratio,metered_bytes_per_logical_byte,final_bytes_per_logical_byte,allocated_bytes_per_logical_byte,elapsed_s,append_s,drain_s,drain_fraction,logical_gibs,init_s,source_preparation_s,warmup_s,separate_warmup_s,warmup_input_bytes,warmup_output_bytes,complete_batches,generation_transitions,memory_host_peak_bytes,memory_device_used_bytes,peak_pending_mib,checked_plane_count,retained_path,metadata_sha256,file_count,shard_file_count,original_primary_eligibility,excluded_from_primary_reason,restart_failed_id,supplementary_phase
019-fast-target16-r1-reference-before,19,raw/provenance.tar.gz!root/jobs/gpu-3836189/measurements/observations.jsonl#line=19,pass,0,measurement,reference-before,true,false,,,fast-target16,shard-count,fast,1,3836189,coverage-qualified-through-final-close-v2,gpu,shared NFS,65536,64.0,"[4,64,128]","[16384,128,256]","[4096,2,2]",1073741824,15,16,blosc-lz4,16384,bit,3,,34360684800,41998417920,25544085504,,,1.2222811671087532,0.7434102565965158,,,6.148248494,6.034508014,0.11374048,0.018499655651686483,5.204877692356808,0.1527280956506729,0.02835615115997982,2.069852468,0.0,12304908288,7479365632,624,3,677384192,960495616,149.74677562713623,,,,,,false,"The benchmark metering wrapper had 32 slots and rejected the 54-shard startup. Raise its capacity to 64 and restart the entire shard experiment with one binary, preserving the completed shared-layout experiment.",046-fast-target54-r4-sample,interrupted_shards_before_wrapper_capacity_fix
020-fast-target16-r1-sample,20,raw/provenance.tar.gz!root/jobs/gpu-3836189/measurements/observations.jsonl#line=20,pass,0,measurement,sample,true,false,,,fast-target16,shard-count,fast,1,3836189,coverage-qualified-through-final-close-v2,gpu,shared NFS,65536,64.0,"[4,64,128]","[16384,128,256]","[4096,2,2]",1073741824,15,16,blosc-lz4,16384,bit,3,,34360684800,41998417920,25544089600,,,1.2222811671087532,0.7434103758025219,,,6.1875612030000005,6.03222852,0.155332683,0.025104023686212253,5.171808469219102,0.173636332154274,0.008682564321641445,2.0659850570000002,0.0,12977307648,7888105472,624,3,674234368,960495616,150.09443187713623,,,,,,true,"The benchmark metering wrapper had 32 slots and rejected the 54-shard startup. Raise its capacity to 64 and restart the entire shard experiment with one binary, preserving the completed shared-layout experiment.",046-fast-target54-r4-sample,interrupted_shards_before_wrapper_capacity_fix
021-fast-target4-r1-sample,21,raw/provenance.tar.gz!root/jobs/gpu-3836189/measurements/observations.jsonl#line=21,pass,0,measurement,sample,true,false,,,fast-target4,shard-count,fast,1,3836189,coverage-qualified-through-final-close-v2,gpu,shared NFS,65536,64.0,"[4,64,128]","[4368,320,384]","[1092,5,3]",1073479680,4,4,blosc-lz4,16384,bit,3,,34360684800,41998417920,25527398400,,,1.2222811671087532,0.742924611327886,,,8.818037748,8.700257445,0.117780303,0.013356747426797249,3.6290252262466205,0.1472809761762619,0.009553937786454678,2.0625655170000003,0.0,10960109568,6660542464,624,11,667947008,960495616,155.8288059234619,,,,,,true,"The benchmark metering wrapper had 32 slots and rejected the 54-shard startup. Raise its capacity to 64 and restart the entire shard experiment with one binary, preserving the completed shared-layout experiment.",046-fast-target54-r4-sample,interrupted_shards_before_wrapper_capacity_fix
022-fast-target48-r1-sample,22,raw/provenance.tar.gz!root/jobs/gpu-3836189/measurements/observations.jsonl#line=22,pass,0,measurement,sample,true,false,,,fast-target48,shard-count,fast,1,3836189,coverage-qualified-through-final-close-v2,gpu,shared NFS,65536,64.0,"[4,64,128]","[32768,128,128]","[8192,2,1]",1073741824,30,48,blosc-lz4,16384,bit,3,,34360684800,41998417920,25573761024,,,1.2222811671087532,0.7442739041103162,,,5.24772567,5.124453832,0.12327183800000001,0.02349052632547387,6.098047696438929,0.15139751136302948,0.008580220644013405,2.064477804,0.0,16608264192,10103689216,624,2,686817280,960495616,149.86396312713623,,,,,,true,"The benchmark metering wrapper had 32 slots and rejected the 54-shard startup. Raise its capacity to 64 and restart the entire shard experiment with one binary, preserving the completed shared-layout experiment.",046-fast-target54-r4-sample,interrupted_shards_before_wrapper_capacity_fix
023-fast-target12-r1-sample,23,raw/provenance.tar.gz!root/jobs/gpu-3836189/measurements/observations.jsonl#line=23,pass,0,measurement,sample,true,false,,,fast-target12,shard-count,fast,1,3836189,coverage-qualified-through-final-close-v2,gpu,shared NFS,65536,64.0,"[4,64,128]","[10920,192,256]","[2730,3,2]",1073479680,9,12,blosc-lz4,16384,bit,3,,34360684800,41998417920,25534128128,,,1.2222811671087532,0.7431204667958189,,,8.193900355,8.054337861,0.139562494,0.01703248611204279,3.905451622188654,0.14713750779628754,0.008605849716881752,2.099513615,0.0,6589513728,4004032512,624,5,674242560,960495616,154.05927562713623,,,,,,true,"The benchmark metering wrapper had 32 slots and rejected the 54-shard startup. Raise its capacity to 64 and restart the entire shard experiment with one binary, preserving the completed shared-layout experiment.",046-fast-target54-r4-sample,interrupted_shards_before_wrapper_capacity_fix
024-slow_control-target16-r1-sample,24,raw/provenance.tar.gz!root/jobs/gpu-3836189/measurements/observations.jsonl#line=24,pass,0,measurement,sample,true,false,,,slow_control-target16,shard-count,slow_control,1,3836189,coverage-qualified-through-final-close-v2,gpu,shared NFS,262144,256.0,"[4,128,256]","[16384,128,256]","[4096,1,1]",1073741824,15,16,blosc-zstd,262144,bit,3,,34360684800,46664908800,17811304448,,,1.3580901856763925,0.5183629066670988,,,11.683227773000002,11.565098265000001,0.11812950800000001,0.010111033551275777,2.7390445564573462,0.1507887989282608,0.009285327085900307,2.060935654,0.0,7856455680,2998001664,659,3,760229888,2102722560,98.11787223815918,,,,,,true,"The benchmark metering wrapper had 32 slots and rejected the 54-shard startup. Raise its capacity to 64 and restart the entire shard experiment with one binary, preserving the completed shared-layout experiment.",046-fast-target54-r4-sample,interrupted_shards_before_wrapper_capacity_fix
025-slow_control-target4-r1-sample,25,raw/provenance.tar.gz!root/jobs/gpu-3836189/measurements/observations.jsonl#line=25,pass,0,measurement,sample,true,false,,,slow_control-target4,shard-count,slow_control,1,3836189,coverage-qualified-through-final-close-v2,gpu,shared NFS,262144,256.0,"[4,128,256]","[2728,384,512]","[682,3,2]",1072693248,4,4,blosc-zstd,262144,bit,3,,34360684800,46664908800,17798463488,,,1.3580901856763925,0.5179891958381458,,,11.79065939,11.713877305,0.076782085,0.006512111194147557,2.714087514106956,0.1503714621067047,0.023767792589878083,2.196320108,0.0,5591531520,2132635648,659,17,757080064,2102722560,102.95380878448486,,,,,,true,"The benchmark metering wrapper had 32 slots and rejected the 54-shard startup. Raise its capacity to 64 and restart the entire shard experiment with one binary, preserving the completed shared-layout experiment.",046-fast-target54-r4-sample,interrupted_shards_before_wrapper_capacity_fix
026-fast-target16-r1-reference-after,26,raw/provenance.tar.gz!root/jobs/gpu-3836189/measurements/observations.jsonl#line=26,pass,0,measurement,reference-after,true,false,,,fast-target16,shard-count,fast,1,3836189,coverage-qualified-through-final-close-v2,gpu,shared NFS,65536,64.0,"[4,64,128]","[16384,128,256]","[4096,2,2]",1073741824,15,16,blosc-lz4,16384,bit,3,,34360684800,41998417920,25544085504,,,1.2222811671087532,0.7434102565965158,,,5.91187508,5.84231179,0.06956329,0.011766704989307725,5.412983359839014,0.14920689165592194,0.010925394084572791,2.0543962490000003,0.0,14456586240,8787234816,624,3,678449152,960495616,150.52411937713623,,,,,,false,"The benchmark metering wrapper had 32 slots and rejected the 54-shard startup. Raise its capacity to 64 and restart the entire shard experiment with one binary, preserving the completed shared-layout experiment.",046-fast-target54-r4-sample,interrupted_shards_before_wrapper_capacity_fix
027-fast-target16-r2-reference-before,27,raw/provenance.tar.gz!root/jobs/gpu-3836189/measurements/observations.jsonl#line=27,pass,0,measurement,reference-before,true,false,,,fast-target16,shard-count,fast,2,3836189,coverage-qualified-through-final-close-v2,gpu,shared NFS,65536,64.0,"[4,64,128]","[16384,128,256]","[4096,2,2]",1073741824,15,16,blosc-lz4,16384,bit,3,,34360684800,41998417920,25540120576,,,1.2222811671087532,0.7432948651826636,,,6.240601103,6.173411883,0.06718922000000001,0.010766466064895673,5.127852414425812,0.14781001210212708,0.008598266415668965,2.067750568,0.0,15801384960,9608617984,624,2,677380096,960495616,149.74677562713623,,,,,,false,"The benchmark metering wrapper had 32 slots and rejected the 54-shard startup. Raise its capacity to 64 and restart the entire shard experiment with one binary, preserving the completed shared-layout experiment.",046-fast-target54-r4-sample,interrupted_shards_before_wrapper_capacity_fix
028-slow_control-target16-r2-sample,28,raw/provenance.tar.gz!root/jobs/gpu-3836189/measurements/observations.jsonl#line=28,pass,0,measurement,sample,true,false,,,slow_control-target16,shard-count,slow_control,2,3836189,coverage-qualified-through-final-close-v2,gpu,shared NFS,262144,256.0,"[4,128,256]","[16384,128,256]","[4096,1,1]",1073741824,15,16,blosc-zstd,262144,bit,3,,34360684800,46664908800,17811304448,,,1.3580901856763925,0.5183629066670988,,,11.638388825,11.542069652,0.09631917300000001,0.008275988579544645,2.74959720925864,0.17378117144107819,0.008346145433659554,2.057008868,0.0,7856455680,2998001664,659,3,760217600,2102722560,100.17255973815918,,,,,,true,"The benchmark metering wrapper had 32 slots and rejected the 54-shard startup. Raise its capacity to 64 and restart the entire shard experiment with one binary, preserving the completed shared-layout experiment.",046-fast-target54-r4-sample,interrupted_shards_before_wrapper_capacity_fix
029-slow_control-target4-r2-sample,29,raw/provenance.tar.gz!root/jobs/gpu-3836189/measurements/observations.jsonl#line=29,pass,0,measurement,sample,true,false,,,slow_control-target4,shard-count,slow_control,2,3836189,coverage-qualified-through-final-close-v2,gpu,shared NFS,262144,256.0,"[4,128,256]","[2728,384,512]","[682,3,2]",1072693248,4,4,blosc-zstd,262144,bit,3,,34360684800,46664908800,17798733824,,,1.3580901856763925,0.5179970634345448,,,11.770754427000002,11.653930388000001,0.116824039,0.009924940642039613,2.7186771784213466,0.1499653458595276,0.00878303588031578,2.1448025200000003,0.0,7148666880,2726383616,659,18,759181312,2102722560,92.26630878448486,,,,,,true,"The benchmark metering wrapper had 32 slots and rejected the 54-shard startup. Raise its capacity to 64 and restart the entire shard experiment with one binary, preserving the completed shared-layout experiment.",046-fast-target54-r4-sample,interrupted_shards_before_wrapper_capacity_fix
030-fast-target48-r2-sample,30,raw/provenance.tar.gz!root/jobs/gpu-3836189/measurements/observations.jsonl#line=30,pass,0,measurement,sample,true,false,,,fast-target48,shard-count,fast,2,3836189,coverage-qualified-through-final-close-v2,gpu,shared NFS,65536,64.0,"[4,64,128]","[32768,128,128]","[8192,2,1]",1073741824,30,48,blosc-lz4,16384,bit,3,,34360684800,41998417920,25573761024,,,1.2222811671087532,0.7442739041103162,,,5.296174438,5.2065149470000005,0.08965949100000001,0.016929104592306104,6.042263488128511,0.15180687606334686,0.02087108428115082,2.0656589590000003,0.0,17146183680,10430935040,624,2,687865856,960495616,149.86396312713623,,,,,,true,"The benchmark metering wrapper had 32 slots and rejected the 54-shard startup. Raise its capacity to 64 and restart the entire shard experiment with one binary, preserving the completed shared-layout experiment.",046-fast-target54-r4-sample,interrupted_shards_before_wrapper_capacity_fix
031-fast-target16-r2-sample,31,raw/provenance.tar.gz!root/jobs/gpu-3836189/measurements/observations.jsonl#line=31,pass,0,measurement,sample,true,false,,,fast-target16,shard-count,fast,2,3836189,coverage-qualified-through-final-close-v2,gpu,shared NFS,65536,64.0,"[4,64,128]","[16384,128,256]","[4096,2,2]",1073741824,15,16,blosc-lz4,16384,bit,3,,34360684800,41998417920,25544089600,,,1.2222811671087532,0.7434103758025219,,,8.329204972000001,8.265501474,0.063703498,0.0076482087082920674,3.8420091162437697,0.14835382997989655,0.008861544059707165,2.053425673,0.0,13246267392,8051589120,624,3,677384192,960495616,149.74677562713623,,,,,,true,"The benchmark metering wrapper had 32 slots and rejected the 54-shard startup. Raise its capacity to 64 and restart the entire shard experiment with one binary, preserving the completed shared-layout experiment.",046-fast-target54-r4-sample,interrupted_shards_before_wrapper_capacity_fix
032-fast-target12-r2-sample,32,raw/provenance.tar.gz!root/jobs/gpu-3836189/measurements/observations.jsonl#line=32,pass,0,measurement,sample,true,false,,,fast-target12,shard-count,fast,2,3836189,coverage-qualified-through-final-close-v2,gpu,shared NFS,65536,64.0,"[4,64,128]","[10920,192,256]","[2730,3,2]",1073479680,9,12,blosc-lz4,16384,bit,3,,34360684800,41998417920,25531752448,,,1.2222811671087532,0.7430513273123125,,,6.266653601000001,6.197758025000001,0.068895576,0.010993997815517678,5.106534279855584,0.14713312685489655,0.009676644751464366,2.0790339060000003,0.0,13582467072,8255598592,624,4,672137216,960495616,153.80536937713623,,,,,,true,"The benchmark metering wrapper had 32 slots and rejected the 54-shard startup. Raise its capacity to 64 and restart the entire shard experiment with one binary, preserving the completed shared-layout experiment.",046-fast-target54-r4-sample,interrupted_shards_before_wrapper_capacity_fix
033-fast-target4-r2-sample,33,raw/provenance.tar.gz!root/jobs/gpu-3836189/measurements/observations.jsonl#line=33,pass,0,measurement,sample,true,false,,,fast-target4,shard-count,fast,2,3836189,coverage-qualified-through-final-close-v2,gpu,shared NFS,65536,64.0,"[4,64,128]","[4368,320,384]","[1092,5,3]",1073479680,4,4,blosc-lz4,16384,bit,3,,34360684800,41998417920,25527439360,,,1.2222811671087532,0.7429258033879464,,,9.580406568999999,9.49778946,0.08261710900000001,0.008623549366613525,3.3402425255139443,0.14590759575366974,0.008719657050595284,2.1910718890000003,0.0,9413591040,5721022464,624,11,666898432,960495616,155.8288059234619,,,,,,true,"The benchmark metering wrapper had 32 slots and rejected the 54-shard startup. Raise its capacity to 64 and restart the entire shard experiment with one binary, preserving the completed shared-layout experiment.",046-fast-target54-r4-sample,interrupted_shards_before_wrapper_capacity_fix
034-fast-target16-r2-reference-after,34,raw/provenance.tar.gz!root/jobs/gpu-3836189/measurements/observations.jsonl#line=34,pass,0,measurement,reference-after,true,false,,,fast-target16,shard-count,fast,2,3836189,coverage-qualified-through-final-close-v2,gpu,shared NFS,65536,64.0,"[4,64,128]","[16384,128,256]","[4096,2,2]",1073741824,15,16,blosc-lz4,16384,bit,3,,34360684800,41998417920,25540132864,,,1.2222811671087532,0.7432952228006818,,,7.344500142,7.232601042000001,0.1118991,0.015235767967393416,4.357121766597542,0.15026375651359558,0.008656217145682812,2.103814042,0.0,14927265792,9077297152,624,2,675291136,960495616,149.74677562713623,,,,,,false,"The benchmark metering wrapper had 32 slots and rejected the 54-shard startup. Raise its capacity to 64 and restart the entire shard experiment with one binary, preserving the completed shared-layout experiment.",046-fast-target54-r4-sample,interrupted_shards_before_wrapper_capacity_fix
035-fast-target16-r3-reference-before,35,raw/provenance.tar.gz!root/jobs/gpu-3836189/measurements/observations.jsonl#line=35,pass,0,measurement,reference-before,true,false,,,fast-target16,shard-count,fast,3,3836189,coverage-qualified-through-final-close-v2,gpu,shared NFS,65536,64.0,"[4,64,128]","[16384,128,256]","[4096,2,2]",1073741824,15,16,blosc-lz4,16384,bit,3,,34360684800,41998417920,25544097792,,,1.2222811671087532,0.7434106142145339,,,5.697281555,5.576348878,0.120932677,0.02122638241283127,5.616868523094597,0.14727605879306793,0.008449338157312393,2.047377548,0.0,16272064512,9894715392,624,3,679481344,960495616,149.74677562713623,,,,,,false,"The benchmark metering wrapper had 32 slots and rejected the 54-shard startup. Raise its capacity to 64 and restart the entire shard experiment with one binary, preserving the completed shared-layout experiment.",046-fast-target54-r4-sample,interrupted_shards_before_wrapper_capacity_fix
036-slow_control-target16-r3-sample,36,raw/provenance.tar.gz!root/jobs/gpu-3836189/measurements/observations.jsonl#line=36,pass,0,measurement,sample,true,false,,,slow_control-target16,shard-count,slow_control,3,3836189,coverage-qualified-through-final-close-v2,gpu,shared NFS,262144,256.0,"[4,128,256]","[16384,128,256]","[4096,1,1]",1073741824,15,16,blosc-zstd,262144,bit,3,,34360684800,46664908800,17811333120,,,1.3580901856763925,0.5183637411091411,,,11.631462806,11.525652998,0.105809808,0.009096861655734208,2.7512344721576665,0.15347157418727875,0.024938068803917884,2.0581838560000003,0.0,7361003520,2808938496,659,3,760221696,2102722560,96.91865348815918,,,,,,true,"The benchmark metering wrapper had 32 slots and rejected the 54-shard startup. Raise its capacity to 64 and restart the entire shard experiment with one binary, preserving the completed shared-layout experiment.",046-fast-target54-r4-sample,interrupted_shards_before_wrapper_capacity_fix
037-fast-target48-r3-sample,37,raw/provenance.tar.gz!root/jobs/gpu-3836189/measurements/observations.jsonl#line=37,pass,0,measurement,sample,true,false,,,fast-target48,shard-count,fast,3,3836189,coverage-qualified-through-final-close-v2,gpu,shared NFS,65536,64.0,"[4,64,128]","[32768,128,128]","[8192,2,1]",1073741824,30,48,blosc-lz4,16384,bit,3,,34400496000,42047078400,25603362816,,,1.2222811671087532,0.7442730714115284,,,5.7363343350000005,5.591722842,0.144611493,0.025209739278559677,5.585092609977634,0.15129175782203674,0.009074598698620796,2.062020241,0.0,15935864832,9694670848,625,2,685772800,960495616,149.86396312713623,,,,,,true,"The benchmark metering wrapper had 32 slots and rejected the 54-shard startup. Raise its capacity to 64 and restart the entire shard experiment with one binary, preserving the completed shared-layout experiment.",046-fast-target54-r4-sample,interrupted_shards_before_wrapper_capacity_fix
038-fast-target4-r3-sample,38,raw/provenance.tar.gz!root/jobs/gpu-3836189/measurements/observations.jsonl#line=38,pass,0,measurement,sample,true,false,,,fast-target4,shard-count,fast,3,3836189,coverage-qualified-through-final-close-v2,gpu,shared NFS,65536,64.0,"[4,64,128]","[4368,320,384]","[1092,5,3]",1073479680,4,4,blosc-lz4,16384,bit,3,,34360684800,41998417920,25527439360,,,1.2222811671087532,0.7429258033879464,,,10.381757789000002,10.254499711000001,0.127258078,0.012257854651053059,3.082414566384268,0.1521470695734024,0.010566383205154418,2.092105617,0.0,8337752064,5067431936,624,11,667942912,960495616,155.8288059234619,,,,,,true,"The benchmark metering wrapper had 32 slots and rejected the 54-shard startup. Raise its capacity to 64 and restart the entire shard experiment with one binary, preserving the completed shared-layout experiment.",046-fast-target54-r4-sample,interrupted_shards_before_wrapper_capacity_fix
039-slow_control-target4-r3-sample,39,raw/provenance.tar.gz!root/jobs/gpu-3836189/measurements/observations.jsonl#line=39,pass,0,measurement,sample,true,false,,,slow_control-target4,shard-count,slow_control,3,3836189,coverage-qualified-through-final-close-v2,gpu,shared NFS,262144,256.0,"[4,128,256]","[2728,384,512]","[682,3,2]",1072693248,4,4,blosc-zstd,262144,bit,3,,34360684800,46664908800,17798733824,,,1.3580901856763925,0.5179970634345448,,,11.791169870000001,11.708866137000001,0.082303733,0.006980115960283422,2.713970011992282,0.17721089720726013,0.008665023304591657,2.066586396,0.0,7148666880,2726383616,659,18,758136832,2102722560,100.09834003448486,,,,,,true,"The benchmark metering wrapper had 32 slots and rejected the 54-shard startup. Raise its capacity to 64 and restart the entire shard experiment with one binary, preserving the completed shared-layout experiment.",046-fast-target54-r4-sample,interrupted_shards_before_wrapper_capacity_fix
040-fast-target12-r3-sample,40,raw/provenance.tar.gz!root/jobs/gpu-3836189/measurements/observations.jsonl#line=40,pass,0,measurement,sample,true,false,,,fast-target12,shard-count,fast,3,3836189,coverage-qualified-through-final-close-v2,gpu,shared NFS,65536,64.0,"[4,64,128]","[10920,192,256]","[2730,3,2]",1073479680,9,12,blosc-lz4,16384,bit,3,,34360684800,41998417920,25531781120,,,1.2222811671087532,0.7430521617543548,,,7.777673844000001,7.658602711,0.11907113300000001,0.015309350248963719,4.114454022544756,0.15112148225307465,0.009223642942108154,2.110684522,0.0,12103188480,7356743680,624,4,672149504,960495616,153.80536937713623,,,,,,true,"The benchmark metering wrapper had 32 slots and rejected the 54-shard startup. Raise its capacity to 64 and restart the entire shard experiment with one binary, preserving the completed shared-layout experiment.",046-fast-target54-r4-sample,interrupted_shards_before_wrapper_capacity_fix
041-fast-target16-r3-sample,41,raw/provenance.tar.gz!root/jobs/gpu-3836189/measurements/observations.jsonl#line=41,pass,0,measurement,sample,true,false,,,fast-target16,shard-count,fast,3,3836189,coverage-qualified-through-final-close-v2,gpu,shared NFS,65536,64.0,"[4,64,128]","[16384,128,256]","[4096,2,2]",1073741824,15,16,blosc-lz4,16384,bit,3,,34360684800,41998417920,25544097792,,,1.2222811671087532,0.7434106142145339,,,7.383724249000001,7.264104035000001,0.119620214,0.016200525638020748,4.333975694964626,0.1476927101612091,0.02391936549296093,2.0901890770000002,0.0,9817030656,5967142912,624,3,675282944,960495616,150.06318187713623,,,,,,true,"The benchmark metering wrapper had 32 slots and rejected the 54-shard startup. Raise its capacity to 64 and restart the entire shard experiment with one binary, preserving the completed shared-layout experiment.",046-fast-target54-r4-sample,interrupted_shards_before_wrapper_capacity_fix
042-fast-target16-r3-reference-after,42,raw/provenance.tar.gz!root/jobs/gpu-3836189/measurements/observations.jsonl#line=42,pass,0,measurement,reference-after,true,false,,,fast-target16,shard-count,fast,3,3836189,coverage-qualified-through-final-close-v2,gpu,shared NFS,65536,64.0,"[4,64,128]","[16384,128,256]","[4096,2,2]",1073741824,15,16,blosc-lz4,16384,bit,3,,34360684800,41998417920,25544122368,,,1.2222811671087532,0.7434113294505702,,,6.113186581000001,6.045764476,0.06742210500000001,0.011028962408827874,5.234730039640342,0.17137011885643005,0.008793591972535611,2.063126858,0.0,14254866432,8664633344,624,3,677392384,960495616,149.74677562713623,,,,,,false,"The benchmark metering wrapper had 32 slots and rejected the 54-shard startup. Raise its capacity to 64 and restart the entire shard experiment with one binary, preserving the completed shared-layout experiment.",046-fast-target54-r4-sample,interrupted_shards_before_wrapper_capacity_fix
043-fast-target16-r4-reference-before,43,raw/provenance.tar.gz!root/jobs/gpu-3836189/measurements/observations.jsonl#line=43,pass,0,measurement,reference-before,true,false,,,fast-target16,shard-count,fast,4,3836189,coverage-qualified-through-final-close-v2,gpu,shared NFS,65536,64.0,"[4,64,128]","[16384,128,256]","[4096,2,2]",1073741824,15,16,blosc-lz4,16384,bit,3,,34360684800,41998417920,25544089600,,,1.2222811671087532,0.7434103758025219,,,7.280348640000001,7.2136092860000005,0.066739354,0.009167054670063162,4.395514969937887,0.14691491425037384,0.01090160356027794,2.0721169290000003,0.0,16742744064,10180841472,624,3,676331520,960495616,151.89911937713623,,,,,,false,"The benchmark metering wrapper had 32 slots and rejected the 54-shard startup. Raise its capacity to 64 and restart the entire shard experiment with one binary, preserving the completed shared-layout experiment.",046-fast-target54-r4-sample,interrupted_shards_before_wrapper_capacity_fix
044-fast-target12-r4-sample,44,raw/provenance.tar.gz!root/jobs/gpu-3836189/measurements/observations.jsonl#line=44,pass,0,measurement,sample,true,false,,,fast-target12,shard-count,fast,4,3836189,coverage-qualified-through-final-close-v2,gpu,shared NFS,65536,64.0,"[4,64,128]","[10920,192,256]","[2730,3,2]",1073479680,9,12,blosc-lz4,16384,bit,3,,34360684800,41998417920,25531744256,,,1.2222811671087532,0.7430510889003004,,,7.636488902000001,7.553041391000001,0.083447511,0.010927470997586999,4.190522875651124,0.2008659839630127,0.008761841221648694,2.065421529,0.0,14322106368,8705060864,624,4,670064640,960495616,153.80536937713623,,,,,,true,"The benchmark metering wrapper had 32 slots and rejected the 54-shard startup. Raise its capacity to 64 and restart the entire shard experiment with one binary, preserving the completed shared-layout experiment.",046-fast-target54-r4-sample,interrupted_shards_before_wrapper_capacity_fix
045-fast-target16-r4-sample,45,raw/provenance.tar.gz!root/jobs/gpu-3836189/measurements/observations.jsonl#line=45,pass,0,measurement,sample,true,false,,,fast-target16,shard-count,fast,4,3836189,coverage-qualified-through-final-close-v2,gpu,shared NFS,65536,64.0,"[4,64,128]","[16384,128,256]","[4096,2,2]",1073741824,15,16,blosc-lz4,16384,bit,3,,34360684800,41998417920,25544097792,,,1.2222811671087532,0.7434106142145339,,,7.201490378,7.109545057,0.09194532100000001,0.012767540630323676,4.443647044401694,0.1469402015209198,0.010564747631939889,2.093238103,0.0,12506628096,7601979392,624,3,676339712,960495616,149.74677562713623,,,,,,true,"The benchmark metering wrapper had 32 slots and rejected the 54-shard startup. Raise its capacity to 64 and restart the entire shard experiment with one binary, preserving the completed shared-layout experiment.",046-fast-target54-r4-sample,interrupted_shards_before_wrapper_capacity_fix
046-fast-target54-r4-sample,46,raw/provenance.tar.gz!root/jobs/gpu-3836189/measurements/observations.jsonl#line=46,error,1,measurement,sample,false,false,writer_process_or_validation_failed;native_measurement_not_qualified;missing_or_invalid_denominator,RuntimeError: unexpected timing policy,fast-target54,shard-count,fast,4,3836189,,gpu,shared NFS,65536,64.0,"[4,64,128]","[65536,64,128]","[16384,1,1]",1073741824,54,54,blosc-lz4,16384,bit,3,,,,,,,,,,,,,,,,,,,,,,,,,,,,,,,,false,"The benchmark metering wrapper had 32 slots and rejected the 54-shard startup. Raise its capacity to 64 and restart the entire shard experiment with one binary, preserving the completed shared-layout experiment.",046-fast-target54-r4-sample,interrupted_shards_before_wrapper_capacity_fix
