group_id,experiment,series,case_id,policy,job_id,backend,destination,chunk_bytes,chunk_kib,chunk_shape,shard_shape,chunks_per_shard,raw_shard_bytes,actual_layer_shards,target_shards,codec,blosc_block_bytes,shuffle,level_hint,n,logical_gibs_n,logical_gibs_median,logical_gibs_min,logical_gibs_max,elapsed_s_n,elapsed_s_median,elapsed_s_min,elapsed_s_max,append_s_n,append_s_median,append_s_min,append_s_max,drain_s_n,drain_s_median,drain_s_min,drain_s_max,drain_fraction_n,drain_fraction_median,drain_fraction_min,drain_fraction_max,logical_bytes_n,logical_bytes_median,logical_bytes_min,logical_bytes_max,submitted_bytes_n,submitted_bytes_median,submitted_bytes_min,submitted_bytes_max,metered_output_bytes_n,metered_output_bytes_median,metered_output_bytes_min,metered_output_bytes_max,final_file_bytes_n,final_file_bytes_median,final_file_bytes_min,final_file_bytes_max,allocated_file_bytes_n,allocated_file_bytes_median,allocated_file_bytes_min,allocated_file_bytes_max,padding_ratio_n,padding_ratio_median,padding_ratio_min,padding_ratio_max,metered_bytes_per_logical_byte_n,metered_bytes_per_logical_byte_median,metered_bytes_per_logical_byte_min,metered_bytes_per_logical_byte_max,final_bytes_per_logical_byte_n,final_bytes_per_logical_byte_median,final_bytes_per_logical_byte_min,final_bytes_per_logical_byte_max,allocated_bytes_per_logical_byte_n,allocated_bytes_per_logical_byte_median,allocated_bytes_per_logical_byte_min,allocated_bytes_per_logical_byte_max,init_s_n,init_s_median,init_s_min,init_s_max,separate_warmup_s_n,separate_warmup_s_median,separate_warmup_s_min,separate_warmup_s_max,memory_host_peak_bytes_n,memory_host_peak_bytes_median,memory_host_peak_bytes_min,memory_host_peak_bytes_max,memory_device_used_bytes_n,memory_device_used_bytes_median,memory_device_used_bytes_min,memory_device_used_bytes_max,peak_pending_mib_n,peak_pending_mib_median,peak_pending_mib_min,peak_pending_mib_max
591c31fa07a88f482160ca8b7ce960e954d41582e994904a2d39debdea12d06f,shard-count,fast,fast-target12,coverage-qualified-through-final-close-v2,3836375,gpu,shared NFS,65536,64.0,"[4,64,128]","[10920,192,256]","[2730,3,2]",1073479680,9,12,blosc-lz4,16384,bit,3,6,6,4.792524568921994,4.437305656936187,5.550560240033981,6,6.6883754005,5.765342605,7.211782083,6,6.5800070415,5.663243455,7.112243506,6,0.1044373625,0.089539661,0.172114085,6,0.016219762140268035,0.013802216408429433,0.02418567804503742,6,34360684800.0,34360684800,34360684800,6,41998417920.0,41998417920,41998417920,6,25531748352.0,25531744256,25531752448,0,,,,0,,,,6,1.2222811671087532,1.2222811671087532,1.2222811671087532,6,0.7430512081063064,0.7430510889003004,0.7430513273123125,0,,,,0,,,,6,0.14415841549634933,0.14286981523036957,0.17241963744163513,6,0.0,0.0,0.0,6,671617024.0,671088640,672149504,6,960495616.0,960495616,960495616,6,153.80536937713623,153.80536937713623,154.31318187713623
8a1ba3768ae1e57cbcd4d50fabf758b8cd5fa933092257011de0deec0c4603c5,shard-count,fast,fast-target16,coverage-qualified-through-final-close-v2,3836375,gpu,shared NFS,65536,64.0,"[4,64,128]","[16384,128,256]","[4096,2,2]",1073741824,15,16,blosc-lz4,16384,bit,3,6,6,5.615929252145088,5.042199670913506,6.165746066878571,6,5.700236865000001,5.190106937,6.346611305000001,6,5.610794032,5.094685009,6.214939736000001,6,0.1282974745,0.053962286000000005,0.148637595,6,0.021540412327554402,0.009292507501261671,0.025466171892923953,6,34360684800.0,34360684800,34360684800,6,41998417920.0,41998417920,41998417920,6,25544087552.0,25540120576,25544122368,0,,,,0,,,,6,1.2222811671087532,1.2222811671087532,1.2222811671087532,6,0.7434103161995189,0.7432948651826636,0.7434113294505702,0,,,,0,,,,6,0.14478064328432083,0.1430579572916031,0.1980571299791336,6,0.0,0.0,0.0,6,676335616.0,673189888,681574400,6,960495616.0,960495616,960495616,6,149.74677562713623,149.74677562713623,150.00068187713623
c1baf483f885fcafd0796c350c571e9ed91ef8a15a285f4542a5e9c75e505510,shard-count,fast,fast-target4,coverage-qualified-through-final-close-v2,3836375,gpu,shared NFS,65536,64.0,"[4,64,128]","[4368,320,384]","[1092,5,3]",1073479680,4,4,blosc-lz4,16384,bit,3,6,6,3.2381970180821487,1.779115900704104,3.4395920434054004,6,9.892329246,9.303685155,17.986957129,6,9.7865476805,9.207988798,17.672773933000002,6,0.10578156550000001,0.08240875900000001,0.314183196,6,0.010832235719633026,0.00882794825813168,0.01746727885916006,6,34360684800.0,34360684800,34360684800,6,41998417920.0,41998417920,41998417920,6,25526880256.0,25526349824,25527435264,0,,,,0,,,,6,1.2222811671087532,1.2222811671087532,1.2222811671087532,6,0.7429095317681212,0.7428940945903383,0.7429256841819404,0,,,,0,,,,6,0.14430823177099228,0.14253094792366028,0.1533900946378708,6,0.0,0.0,0.0,6,666910720.0,665849856,667955200,6,960495616.0,960495616,960495616,6,155.8288059234619,155.8288059234619,155.8288059234619
b813459cbfcede4b5cd9ef0a62c4cd8ddeeddf3426b5c718895b2dbefa9c0fcd,shard-count,fast,fast-target48,coverage-qualified-through-final-close-v2,3836375,gpu,shared NFS,65536,64.0,"[4,64,128]","[32768,128,128]","[8192,2,1]",1073741824,30,48,blosc-lz4,16384,bit,3,6,6,6.119560297662196,5.157461481188664,6.637386789344012,6,5.233418013500001,4.821307308,6.430900922,6,5.0672153775,4.67411188,6.196046196,6,0.13557692500000001,0.08975034400000001,0.24265492800000002,6,0.026296316687779774,0.01690799348880056,0.04703822309328061,6,34360684800.0,34360684800,35612928000,6,41998417920.0,41998417920,43529011200,6,25573777408.0,25573752832,26504945664,0,,,,0,,,,6,1.2222811671087532,1.2222811671087532,1.2222811671087532,6,0.7442737849043102,0.7442506739125747,0.7442743809343404,0,,,,0,,,,6,0.15760108083486557,0.1457015722990036,0.1780415177345276,6,0.0,0.0,0.0,6,686303232.0,682631168,689975296,6,960495616.0,960495616,960495616,6,149.86396312713623,149.86396312713623,150.38740062713623
09d67a2798e5355eb376115d53acadf6db34566a7f3b43a778a88bb5a2ad57b5,shard-count,slow_control,slow_control-target16,coverage-qualified-through-final-close-v2,3836375,gpu,shared NFS,262144,256.0,"[4,128,256]","[16384,128,256]","[4096,1,1]",1073741824,15,16,blosc-zstd,262144,bit,3,6,6,2.733819046466195,2.721271320087804,2.750401556439669,6,11.705561442,11.634985211000002,11.759533567000002,6,11.604007311,11.543811361000001,11.624158576000001,6,0.10809344600000001,0.09117385,0.135374991,6,0.00923491780814603,0.0078035917830854,0.011511935420627043,6,34360684800.0,34360684800,34360684800,6,46664908800.0,46664908800,46664908800,6,17811304448.0,17811304448,17811333120,0,,,,0,,,,6,1.3580901856763925,1.3580901856763925,1.3580901856763925,6,0.5183629066670988,0.5183629066670988,0.5183637411091411,0,,,,0,,,,6,0.148036390542984,0.14658217132091522,0.1508314460515976,6,0.0,0.0,0.0,6,760221696.0,758120448,761274368,6,2102722560.0,2102722560,2102722560,6,91.48505973815918,79.40693473815918,100.17255973815918
e11c6aca9472b300722dae72c159f5519cfb97bca7e8bf35aa047c6c212d3840,shard-count,slow_control,slow_control-target4,coverage-qualified-through-final-close-v2,3836375,gpu,shared NFS,262144,256.0,"[4,128,256]","[2728,384,512]","[682,3,2]",1072693248,4,4,blosc-zstd,262144,bit,3,6,6,2.6587697686360445,2.5799864557269268,2.759686126979062,6,12.035973455500002,11.595840962,12.403507531,6,11.933139403000002,11.519919807,12.057297376000001,6,0.09575668500000001,0.075921155,0.346210155,6,0.00810586884363522,0.006547274600332691,0.02791227837244581,6,34360684800.0,34360684800,34360684800,6,46664908800.0,46664908800,46664908800,6,17798733824.0,17798733824,17798778880,0,,,,0,,,,6,1.3580901856763925,1.3580901856763925,1.3580901856763925,6,0.5179970634345448,0.5179970634345448,0.5179983747006113,0,,,,0,,,,6,0.14727062731981277,0.14438161253929138,0.2093721628189087,6,0.0,0.0,0.0,6,757604352.0,754978816,759169024,6,2102722560.0,2102722560,2102722560,6,102.95346689224243,97.58984375,103.02021503448486
ec1bfa9dd5fcd8129441e451c0064a61edd23d75c48a451c6547aa369ed1f407,shared-layouts,shared-layouts,c128,fixed-volume-after-discard-warmup-through-close-v1,3836189,gpu,shared NFS,131072,128.0,"[1,256,256]","[2048,512,512]","[2048,2,2]",1073741824,4,,blosc-zstd,16384,bit,3,3,3,2.267239652040453,2.196115397473201,2.7353169461746445,3,9.743056377,8.075789455,10.058598822,3,9.612438644000001,7.9872348120000005,9.959413464,3,0.099185358,0.088554643,0.130617733,3,0.010965447216454208,0.009860752949313718,0.013406238037208066,3,23718789120,23718789120,23718789120,3,38654705664,38654705664,38654705664,3,12678668288,12678668288,12678668288,3,12678537665,12678537665,12678537665,3,12678552576,12678552576,12678552576,3,1.629708222811671,1.629708222811671,1.629708222811671,3,0.5345411278735632,0.5345411278735632,0.5345411278735632,3,0.534535620720591,0.534535620720591,0.534535620720591,3,0.5345362493783157,0.5345362493783157,0.5345362493783157,3,0.14181019365787506,0.14026063680648804,0.14559970796108246,3,1.120476182,1.113310892,1.2415304470000001,3,747696128,746942464,747786240,3,1333788672,1333788672,1333788672,3,83.97333908081055,83.55927658081055,84.07490062713623
00716807416d48c8779a5f8b50bf8175191245abdf551db1ee2adf13ca3ae9cb,shared-layouts,shared-layouts,c16,fixed-volume-after-discard-warmup-through-close-v1,3836189,gpu,shared NFS,16384,16.0,"[1,64,128]","[2048,512,512]","[2048,8,4]",1073741824,4,,blosc-zstd,16384,bit,3,3,3,2.5103105439227695,2.343064212823915,2.614698661160464,3,8.799645846,8.448332528000002,9.427758586000001,3,8.646068998,8.337229238,9.315032888000001,3,0.11272569800000001,0.11110329000000001,0.15357684800000002,3,0.013150913465086088,0.011956786649946151,0.01745261692205607,3,23718789120,23718789120,23718789120,3,28991029248,28991029248,28991029248,3,12616605696,12616605696,12616605696,3,12616482465,12616482465,12616482465,3,12616499712,12616499712,12616499712,3,1.2222811671087532,1.2222811671087532,1.2222811671087532,3,0.5319245275198939,0.5319245275198939,0.5319245275198939,3,0.5319193320185815,0.5319193320185815,0.5319193320185815,3,0.5319200591636273,0.5319200591636273,0.5319200591636273,3,0.14949199557304382,0.14109666645526886,0.16886979341506958,3,2.717810584,2.712416498,2.728217903,3,790106112,787177472,790458368,3,1333788672,1333788672,1333788672,3,113.41083812713623,110.40693187713623,113.75458717346191
4e432523faf8b2c04f567c4735ee98dd106e09d7a86f1803ab94a6710c2db37e,shared-layouts,shared-layouts,c256,fixed-volume-after-discard-warmup-through-close-v1,3836189,gpu,shared NFS,262144,256.0,"[1,256,512]","[2048,512,512]","[2048,2,1]",1073741824,4,,blosc-zstd,16384,bit,3,3,3,2.4203940079020136,2.347187631484877,2.4241835413099126,3,9.126548685,9.112281877000001,9.411196384,3,9.046507752,9.035451936000001,9.344499097,3,0.076829941,0.06669728700000001,0.08004093300000001,3,0.008431471066969934,0.007087014687462291,0.008770120640626376,3,23718789120,23718789120,23718789120,3,51539607552,51539607552,51539607552,3,12789723136,12789723136,12789723136,3,12789588770,12789588770,12789588770,3,12789606400,12789606400,12789606400,3,2.172944297082228,2.172944297082228,2.172944297082228,3,0.5392232744805482,0.5392232744805482,0.5392232744805482,3,0.5392176095201946,0.5392176095201946,0.5392176095201946,3,0.5392183528127763,0.5392183528127763,0.5392183528127763,3,0.1698911339044571,0.14541493356227875,0.1746368110179901,3,1.138647658,1.134177267,1.16086163,3,750387200,749674496,750841856,3,1335885824,1335885824,1335885824,3,64.06708908081055,64.03125,64.12568187713623
aea0dfe802e979245a3a202eaa5e55b3ec0134978b0d6b93d1b49e15c39a3ad3,shared-layouts,shared-layouts,c32,fixed-volume-after-discard-warmup-through-close-v1,3836189,gpu,shared NFS,32768,32.0,"[1,128,128]","[2048,512,512]","[2048,4,4]",1073741824,4,,blosc-zstd,16384,bit,3,3,3,2.3646728068933003,2.3513658119089,2.429280009112286,3,9.341606875,9.093164916000001,9.394473475,3,9.202341927,8.968837350000001,9.243472485,3,0.139264948,0.12432756600000001,0.15100099,3,0.014908029192782746,0.013672639520838093,0.016073385102617473,3,23718789120,23718789120,23718789120,3,32212254720,32212254720,32212254720,3,12576464896,12576464896,12576464896,3,12576335610,12576335610,12576335610,3,12576351744,12576351744,12576351744,3,1.3580901856763925,1.3580901856763925,1.3580901856763925,3,0.530232164566755,0.530232164566755,0.530232164566755,3,0.5302267137825963,0.5302267137825963,0.5302267137825963,3,0.5302273940028183,0.5302273940028183,0.5302273940028183,3,0.17661960422992706,0.14490652084350586,0.17718854546546936,3,1.0803929300000001,1.076316652,1.102242933,3,770203648,769486848,771497984,3,1335885824,1335885824,1335885824,3,101.58271408081055,101.42646408081055,101.58271408081055
eaf5cec397ef6b241fdaa10d42564526b920ed98d1a55aba62f9d31509e1b5ff,shared-layouts,shared-layouts,c512,fixed-volume-after-discard-warmup-through-close-v1,3836189,gpu,shared NFS,524288,512.0,"[1,512,512]","[2048,512,512]","[2048,1,1]",1073741824,4,,blosc-zstd,16384,bit,3,3,3,2.495740931766282,2.37529882918242,2.516865594054821,3,8.851016333,8.77672761,9.299816713,3,8.795535347000001,8.723083226,9.250255551,3,0.053644384,0.049561162000000006,0.055480986,3,0.006112116768769129,0.005329262234891103,0.006268318113157864,3,23718789120,23718789120,23718789120,3,68719476736,68719476736,68719476736,3,12815695872,12815695872,12815695872,3,12815568446,12815568446,12815568446,3,12815590912,12815590912,12815590912,3,2.897259062776304,2.897259062776304,2.897259062776304,3,0.5403183023872679,0.5403183023872679,0.5403183023872679,3,0.5403129300219521,0.5403129300219521,0.5403129300219521,3,0.5403138772035256,0.5403138772035256,0.5403138772035256,3,0.1430322676897049,0.14244946837425232,0.1713465005159378,3,1.2115675160000001,1.186722408,1.274352396,3,747069440,746422272,747401216,3,1327497216,1327497216,1327497216,3,47.73505783081055,47.73505783081055,47.77021408081055
e7dc5ef474fb21766fedcaef3298a4d6c68d2ce3f19cefc6bdd5ef95a982fa69,shared-layouts,shared-layouts,c64,fixed-volume-after-discard-warmup-through-close-v1,3836189,gpu,shared NFS,65536,64.0,"[1,128,256]","[2048,512,512]","[2048,4,2]",1073741824,4,,blosc-zstd,16384,bit,3,3,3,2.639043771993532,2.2859226646131763,2.7247160029483415,3,8.370396878,8.107209605,9.663425667,3,8.287331494,7.979637773,9.525682501,3,0.127571832,0.083065384,0.137743166,3,0.014254072080295953,0.009923709139565605,0.015735603026881404,3,23718789120,23718789120,23718789120,3,32212254720,32212254720,32212254720,3,12677275648,12677275648,12677275648,3,12677130185,12677130185,12677130185,3,12677147136,12677147136,12677147136,3,1.3580901856763925,1.3580901856763925,1.3580901856763925,3,0.5344824132404952,0.5344824132404952,0.5344824132404952,3,0.5344762804232057,0.5344762804232057,0.5344762804232057,3,0.5344769950886936,0.5344769950886936,0.5344769950886936,3,0.16576646268367767,0.1413179486989975,0.16925132274627686,3,1.078657039,1.076685877,1.127567054,3,756862976,755572736,757194752,3,1335885824,1335885824,1335885824,3,101.34833908081055,101.33662033081055,101.95771408081055
