id,raw_line,source_locator,status,returncode,scope,role,accepted,primary,exclusion,error,case_id,experiment,series,round,job_id,policy,backend,destination,chunk_bytes,chunk_kib,chunk_shape,shard_shape,chunks_per_shard,raw_shard_bytes,actual_layer_shards,target_shards,codec,blosc_block_bytes,shuffle,level_hint,logical_shape,logical_bytes,submitted_bytes,metered_output_bytes,final_file_bytes,allocated_file_bytes,padding_ratio,metered_bytes_per_logical_byte,final_bytes_per_logical_byte,allocated_bytes_per_logical_byte,elapsed_s,append_s,drain_s,drain_fraction,logical_gibs,init_s,source_preparation_s,warmup_s,separate_warmup_s,warmup_input_bytes,warmup_output_bytes,complete_batches,generation_transitions,memory_host_peak_bytes,memory_device_used_bytes,peak_pending_mib,checked_plane_count,retained_path,metadata_sha256,file_count,shard_file_count
019-fast-target16-r1-reference-before,19,raw/writer-observations.jsonl.gz#line=19,pass,0,measurement,reference-before,true,false,,,fast-target16,shard-count,fast,1,3836375,coverage-qualified-through-final-close-v2,gpu,shared NFS,65536,64.0,"[4,64,128]","[16384,128,256]","[4096,2,2]",1073741824,15,16,blosc-lz4,16384,bit,3,,34360684800,41998417920,25544122368,,,1.2222811671087532,0.7434113294505702,,,5.920149663,5.806758963,0.11339070000000001,0.0191533502452943,5.405417642308503,0.14851725101470947,0.00831086267610979,2.0655728620000002,0.0,16944463872,10303434752,624,3,676335616,960495616,149.74677562713623,,,,,
026-fast-target16-r1-reference-after,26,raw/writer-observations.jsonl.gz#line=26,pass,0,measurement,reference-after,true,false,,,fast-target16,shard-count,fast,1,3836375,coverage-qualified-through-final-close-v2,gpu,shared NFS,65536,64.0,"[4,64,128]","[16384,128,256]","[4096,2,2]",1073741824,15,16,blosc-lz4,16384,bit,3,,34360684800,41998417920,25544089600,,,1.2222811671087532,0.7434103758025219,,,6.257227454000001,6.1581109650000005,0.099116489,0.015840320609831548,5.114226974924817,0.14551915228366852,0.017865157073449135,2.0601504850000003,0.0,13784186880,8378556416,624,3,676343808,960495616,149.74677562713623,,,,,
027-fast-target16-r2-reference-before,27,raw/writer-observations.jsonl.gz#line=27,pass,0,measurement,reference-before,true,false,,,fast-target16,shard-count,fast,2,3836375,coverage-qualified-through-final-close-v2,gpu,shared NFS,65536,64.0,"[4,64,128]","[16384,128,256]","[4096,2,2]",1073741824,15,16,blosc-lz4,16384,bit,3,,34360684800,41998417920,25540157440,,,1.2222811671087532,0.743295938036718,,,5.692714412000001,5.598132924000001,0.094581488,0.016614479693663576,5.621374816560345,0.1502535045146942,0.019229436563131332,2.0493294840000003,0.0,15868624896,9649500160,624,2,677380096,960495616,150.00068187713623,,,,,
034-fast-target16-r2-reference-after,34,raw/writer-observations.jsonl.gz#line=34,pass,0,measurement,reference-after,true,false,,,fast-target16,shard-count,fast,2,3836375,coverage-qualified-through-final-close-v2,gpu,shared NFS,65536,64.0,"[4,64,128]","[16384,128,256]","[4096,2,2]",1073741824,15,16,blosc-lz4,16384,bit,3,,34360684800,41998417920,25544097792,,,1.2222811671087532,0.7434106142145339,,,11.043331817,10.917203665,0.12612815200000002,0.011421204586630236,2.897756036291972,0.14465080201625824,0.009487106175076008,2.114343058,0.0,4975755264,3024437248,624,3,679481344,960495616,149.80146312713623,,,,,
035-fast-target16-r3-reference-before,35,raw/writer-observations.jsonl.gz#line=35,pass,0,measurement,reference-before,true,false,,,fast-target16,shard-count,fast,3,3836375,coverage-qualified-through-final-close-v2,gpu,shared NFS,65536,64.0,"[4,64,128]","[16384,128,256]","[4096,2,2]",1073741824,15,16,blosc-lz4,16384,bit,3,,34360684800,41998417920,25544085504,,,1.2222811671087532,0.7434102565965158,,,8.320308468,8.143441618,0.17686685000000002,0.02125724673312677,3.846117191034766,0.14821553230285645,0.015312267757656097,2.1052498070000003,0.0,7463632896,4536659968,624,3,677384192,960495616,154.89453125,,,,,
042-fast-target16-r3-reference-after,42,raw/writer-observations.jsonl.gz#line=42,pass,0,measurement,reference-after,true,false,,,fast-target16,shard-count,fast,3,3836375,coverage-qualified-through-final-close-v2,gpu,shared NFS,65536,64.0,"[4,64,128]","[16384,128,256]","[4096,2,2]",1073741824,15,16,blosc-lz4,16384,bit,3,,34360684800,41998417920,25544122368,,,1.2222811671087532,0.7434113294505702,,,6.4420583670000005,6.351350917,0.09070745000000001,0.01408050732117808,4.967493246788047,0.14529873430728912,0.008629418663435936,2.065792026,0.0,11565268992,7029796864,624,3,673185792,960495616,149.74677562713623,,,,,
043-fast-target16-r4-reference-before,43,raw/writer-observations.jsonl.gz#line=43,pass,0,measurement,reference-before,true,false,,,fast-target16,shard-count,fast,4,3836375,coverage-qualified-through-final-close-v2,gpu,shared NFS,65536,64.0,"[4,64,128]","[16384,128,256]","[4096,2,2]",1073741824,15,16,blosc-lz4,16384,bit,3,,34360684800,41998417920,25540120576,,,1.2222811671087532,0.7432948651826636,,,5.410118678,5.346140298,0.06397838,0.011825688826414318,5.915005444079639,0.14811386168003082,0.02025313717288971,2.062405511,0.0,15801384960,9608617984,624,2,674246656,960495616,149.74677562713623,,,,,
050-fast-target16-r4-reference-after,50,raw/writer-observations.jsonl.gz#line=50,pass,0,measurement,reference-after,true,false,,,fast-target16,shard-count,fast,4,3836375,coverage-qualified-through-final-close-v2,gpu,shared NFS,65536,64.0,"[4,64,128]","[16384,128,256]","[4096,2,2]",1073741824,15,16,blosc-lz4,16384,bit,3,,34360684800,41998417920,25540120576,,,1.2222811671087532,0.7432948651826636,,,6.5460761100000004,6.452564329,0.093511781,0.014285165560044184,4.888559328633736,0.14275145530700684,0.009023055935210227,2.070096623,0.0,15801384960,9608617984,624,2,678432768,960495616,149.74677562713623,,,,,
051-fast-target16-r5-reference-before,51,raw/writer-observations.jsonl.gz#line=51,pass,0,measurement,reference-before,true,false,,,fast-target16,shard-count,fast,5,3836375,coverage-qualified-through-final-close-v2,gpu,shared NFS,65536,64.0,"[4,64,128]","[16384,128,256]","[4096,2,2]",1073741824,15,16,blosc-lz4,16384,bit,3,,34360684800,41998417920,25540124672,,,1.2222811671087532,0.7432949843886697,,,7.003239859000001,6.938193508,0.065046351,0.009288037009957279,4.569439584789029,0.1467958390712738,0.008771458573709012,2.131486002,0.0,15935864832,9690390528,624,2,675291136,960495616,149.74677562713623,,,,,
058-fast-target16-r5-reference-after,58,raw/writer-observations.jsonl.gz#line=58,pass,0,measurement,reference-after,true,false,,,fast-target16,shard-count,fast,5,3836375,coverage-qualified-through-final-close-v2,gpu,shared NFS,65536,64.0,"[4,64,128]","[16384,128,256]","[4096,2,2]",1073741824,15,16,blosc-lz4,16384,bit,3,,34360684800,41998417920,25540132864,,,1.2222811671087532,0.7432952228006818,,,5.568303887000001,5.506908265000001,0.061395622000000004,0.011025910806221772,5.746971085431878,0.14411495625972748,0.00880980829671955,2.04500472,0.0,15734145024,9567748096,624,2,677392384,960495616,149.74677562713623,,,,,
059-fast-target16-r6-reference-before,59,raw/writer-observations.jsonl.gz#line=59,pass,0,measurement,reference-before,true,false,,,fast-target16,shard-count,fast,6,3836375,coverage-qualified-through-final-close-v2,gpu,shared NFS,65536,64.0,"[4,64,128]","[16384,128,256]","[4096,2,2]",1073741824,15,16,blosc-lz4,16384,bit,3,,34360684800,41998417920,25544122368,,,1.2222811671087532,0.7434113294505702,,,5.7479863380000005,5.569098604000001,0.17888773400000002,0.031121809183395455,5.567320371297469,0.14435531198978424,0.01821852961045265,2.040715764,0.0,16406544384,9976467456,624,3,677392384,960495616,149.74677562713623,,,,,
066-fast-target16-r6-reference-after,66,raw/writer-observations.jsonl.gz#line=66,pass,0,measurement,reference-after,true,false,,,fast-target16,shard-count,fast,6,3836375,coverage-qualified-through-final-close-v2,gpu,shared NFS,65536,64.0,"[4,64,128]","[16384,128,256]","[4096,2,2]",1073741824,15,16,blosc-lz4,16384,bit,3,,34360684800,41998417920,25544122368,,,1.2222811671087532,0.7434113294505702,,,5.7299935060000005,5.629239258,0.100754248,0.017583658322561455,5.584802391133275,0.16567139327526093,0.009127960954110623,2.061317959,0.0,13447987200,8174182400,624,3,676343808,960495616,149.74677562713623,,,,,
