phase,machine,reader,revision,implementation,storage_type,content_id,workload,selection_shape,cache_policy,timing_policy,output_dtype,output_device,decode_workers,file_workers,read_buffer_chunks,queries_per_pass,samples_per_batch,query_reference_sha256,seed,byte_domain,comparison_group,configuration_id,raw_chunk_bytes,chunk_shape,shard_shape,shard_grid,shard_count,raw_shard_bytes,codec,codec_level,shuffle,block_bytes,effective_block_bytes,array_shape,array_count,source_dtype,input_kind,content,frontier_objective,winner_selection,summary_id,repetitions,source_run_ids,source_locators,variation_definition,primary_gib_s_median,primary_gib_s_min,primary_gib_s_max,output_active_gib_s_median,output_active_gib_s_min,output_active_gib_s_max,output_wall_gib_s_median,output_wall_gib_s_min,output_wall_gib_s_max,useful_active_gib_s_median,useful_active_gib_s_min,useful_active_gib_s_max,useful_wall_gib_s_median,useful_wall_gib_s_min,useful_wall_gib_s_max,storage_active_gib_s_median,storage_active_gib_s_min,storage_active_gib_s_max,storage_wall_gib_s_median,storage_wall_gib_s_min,storage_wall_gib_s_max,decoded_amplification_median,decoded_amplification_min,decoded_amplification_max,modeled_decoded_amplification_median,modeled_decoded_amplification_min,modeled_decoded_amplification_max,encoded_amplification_median,encoded_amplification_min,encoded_amplification_max,storage_amplification_median,storage_amplification_min,storage_amplification_max,nfs_payload_gib_s_median,nfs_payload_gib_s_min,nfs_payload_gib_s_max,compression_ratio_median,compression_ratio_min,compression_ratio_max,seconds_median,seconds_min,seconds_max,active_seconds_median,active_seconds_min,active_seconds_max,samples_per_second_median,samples_per_second_min,samples_per_second_max,process_peak_rss_bytes_median,process_peak_rss_bytes_min,process_peak_rss_bytes_max,fastest_median_among_tested
cpu-chunk-blocks,cpu-turin-gp-l-244-025,damacy,8d0931e7d131fd5d4c565458736ab586012c78c1,chunks256-random,local block storage,740d0d35e921091ce2e4b15fcaa7c94ee42c2adc719b21808e09cb251a2dda22,full-scan,"[8,256,256]",zero client file residency before every pass; within-pass reuse allowed,"active planning, reads, decode, dtype conversion and assembly; preparation/cache control excluded",float32,host memory,32,16,256,16384,128,24c5fbbf13d9b91cd7083cd7f55229ee2eef4221274a0c30c81d26a308260ddc,20262916,returned float32 output,1fb438294d5ac2bb57e1,smooth4-zstd-32-16,32768,"[1,128,128]","[512,1024,1024]","[1,4,4]",16,1073741824,zstd,3,bitshuffle,16384,[16384],"[512,4096,4096]",1,uint16,synthetic,smooth4,maximize compression and output throughput,undefined; no recorded scalar read winner rule,285005c46cc1d034bbff,3,"[""148d4f00f9e74294a87905e3"",""bd0bd2084a43c35afc3fd8fd"",""3526c9797995c53f5cd623a1""]","[""/mnt/main0/home/nclack/tmp/2026-09-24-damacy-cold-blocks/job-3822266/results/smooth4-zstd-c32-b16/full-scan/cold/repeat-1/chunks256-random/measurements.json#/measurements/0"",""/mnt/main0/home/nclack/tmp/2026-09-24-damacy-cold-blocks/job-3822266/results/smooth4-zstd-c32-b16/full-scan/cold/repeat-2/chunks256-random/measurements.json#/measurements/0"",""/mnt/main0/home/nclack/tmp/2026-09-24-damacy-cold-blocks/job-3822266/results/smooth4-zstd-c32-b16/full-scan/cold/repeat-3/chunks256-random/measurements.json#/measurements/0""]",observed min/max; not a confidence interval,11.379308956514828,11.360930090428091,11.585635875087567,11.379308956514828,11.360930090428091,11.585635875087567,9.461422441529788,9.374974900793072,9.58514794676924,5.689654478257414,5.680465045214046,5.792817937543783,4.730711220764894,4.687487450396536,4.79257397338462,3.095019595955099,3.0900207905876322,3.151137753797193,2.573380156391562,2.549867583385177,2.6070318363572698,1.0,1.0,1.0,1.0,1.0,1.0,0.5439715118845925,0.5439715118845925,0.5439715118845925,0.5439732074737549,0.5439732074737549,0.5439732074737549,,,,1.8366829025162181,1.8366829025162181,1.8366829025162181,13.52862117625773,13.353993147611618,13.653369886800647,11.24848622083664,11.048163551837206,11.26668318361044,5826.206185735592,5816.796206299183,5931.845568044834,615309312.0,611115008.0,615972864.0,False
cpu-chunk-blocks,cpu-turin-gp-l-244-025,damacy,8d0931e7d131fd5d4c565458736ab586012c78c1,chunks256-random,local block storage,740d0d35e921091ce2e4b15fcaa7c94ee42c2adc719b21808e09cb251a2dda22,random-1x256x256,"[1,256,256]",zero client file residency before every pass; within-pass reuse allowed,"active planning, reads, decode, dtype conversion and assembly; preparation/cache control excluded",float32,host memory,32,16,256,16384,128,24c5fbbf13d9b91cd7083cd7f55229ee2eef4221274a0c30c81d26a308260ddc,20262916,returned float32 output,b07b72a78260e11bed02,smooth4-zstd-32-16,32768,"[1,128,128]","[512,1024,1024]","[1,4,4]",16,1073741824,zstd,3,bitshuffle,16384,[16384],"[512,4096,4096]",1,uint16,synthetic,smooth4,maximize compression and output throughput,undefined; no recorded scalar read winner rule,5da8449c9972c910eaac,3,"[""81534a42900a85073ab51f41"",""61a9fada86bf536ac43a1fba"",""ec179c7fcadebf4a040a917e""]","[""/mnt/main0/home/nclack/tmp/2026-09-24-damacy-cold-blocks/job-3822266/results/smooth4-zstd-c32-b16/random-1x256x256/cold/repeat-1/chunks256-random/measurements.json#/measurements/0"",""/mnt/main0/home/nclack/tmp/2026-09-24-damacy-cold-blocks/job-3822266/results/smooth4-zstd-c32-b16/random-1x256x256/cold/repeat-2/chunks256-random/measurements.json#/measurements/0"",""/mnt/main0/home/nclack/tmp/2026-09-24-damacy-cold-blocks/job-3822266/results/smooth4-zstd-c32-b16/random-1x256x256/cold/repeat-3/chunks256-random/measurements.json#/measurements/0""]",observed min/max; not a confidence interval,4.014959096350938,3.9564020176019072,4.057542890124874,4.014959096350938,3.9564020176019072,4.057542890124874,3.2661502947407115,3.146713609549743,3.347232995650807,2.007479548175469,1.9782010088009536,2.028771445062437,1.6330751473703558,1.5733568047748716,1.6736164978254036,2.256591905132516,2.2236801302620397,2.280525958260836,1.8357268752144327,1.768597957955286,1.8812990870674249,2.2350616455078125,2.2350616455078125,2.2350616455078125,2.2350616455078125,2.2350616455078125,2.2350616455078125,1.215849784668535,1.215849784668535,1.215849784668535,1.1240921020507812,1.1240921020507812,1.1240921020507812,,,,1.8366829025162181,1.8366829025162181,1.8366829025162181,13.14518590644002,12.711674770340323,13.471517238765955,10.844001207500696,10.110196037217975,10.959015756845474,16445.272458653442,16205.422664097412,16619.695677951484,137527296.0,133922816.0,142913536.0,False
cpu-chunk-blocks,cpu-turin-gp-l-244-025,damacy,8d0931e7d131fd5d4c565458736ab586012c78c1,chunks256-random,local block storage,740d0d35e921091ce2e4b15fcaa7c94ee42c2adc719b21808e09cb251a2dda22,full-scan,"[8,256,256]",zero client file residency before every pass; within-pass reuse allowed,"active planning, reads, decode, dtype conversion and assembly; preparation/cache control excluded",float32,host memory,32,16,256,16384,128,24c5fbbf13d9b91cd7083cd7f55229ee2eef4221274a0c30c81d26a308260ddc,20262916,returned float32 output,1fb438294d5ac2bb57e1,smooth4-zstd-128-16,131072,"[1,256,256]","[512,1024,1024]","[1,4,4]",16,1073741824,zstd,3,bitshuffle,16384,[16384],"[512,4096,4096]",1,uint16,synthetic,smooth4,maximize compression and output throughput,undefined; no recorded scalar read winner rule,28c7fee8f9d819639e0c,3,"[""2884274242068cd336a09a21"",""d53835a4262218abf8e9a8e3"",""7b3e3cf706c4df269997a2da""]","[""/mnt/main0/home/nclack/tmp/2026-09-24-damacy-cold-blocks/job-3822266/results/smooth4-zstd-c128-b16/full-scan/cold/repeat-1/chunks256-random/measurements.json#/measurements/0"",""/mnt/main0/home/nclack/tmp/2026-09-24-damacy-cold-blocks/job-3822266/results/smooth4-zstd-c128-b16/full-scan/cold/repeat-2/chunks256-random/measurements.json#/measurements/0"",""/mnt/main0/home/nclack/tmp/2026-09-24-damacy-cold-blocks/job-3822266/results/smooth4-zstd-c128-b16/full-scan/cold/repeat-3/chunks256-random/measurements.json#/measurements/0""]",observed min/max; not a confidence interval,22.492849769003637,22.455018756456955,22.82865624493611,22.492849769003637,22.455018756456955,22.82865624493611,15.964531566177072,15.87701383646592,16.129457519592627,11.246424884501819,11.227509378228477,11.414328122468055,7.982265783088536,7.93850691823296,8.064728759796314,6.138325185184364,6.128001057317902,6.229967167847,4.3567394611499415,4.332855769667841,4.401747948021905,1.0,1.0,1.0,1.0,1.0,1.0,0.5458003303501755,0.5458003303501755,0.5458003303501755,0.5458023548126221,0.5458023548126221,0.5458023548126221,,,,1.8317621551383316,1.8317621551383316,1.8317621551383316,16.035547234117985,15.871581526473165,16.123938836157322,11.38139464892447,11.213975857943296,11.400569412857294,11516.339081729862,11496.96960330596,11688.271997407288,616296448.0,615112704.0,616325120.0,False
cpu-chunk-blocks,cpu-turin-gp-l-244-025,damacy,8d0931e7d131fd5d4c565458736ab586012c78c1,chunks256-random,local block storage,740d0d35e921091ce2e4b15fcaa7c94ee42c2adc719b21808e09cb251a2dda22,random-1x256x256,"[1,256,256]",zero client file residency before every pass; within-pass reuse allowed,"active planning, reads, decode, dtype conversion and assembly; preparation/cache control excluded",float32,host memory,32,16,256,16384,128,24c5fbbf13d9b91cd7083cd7f55229ee2eef4221274a0c30c81d26a308260ddc,20262916,returned float32 output,b07b72a78260e11bed02,smooth4-zstd-128-16,131072,"[1,256,256]","[512,1024,1024]","[1,4,4]",16,1073741824,zstd,3,bitshuffle,16384,[16384],"[512,4096,4096]",1,uint16,synthetic,smooth4,maximize compression and output throughput,undefined; no recorded scalar read winner rule,7c3e837cb0fe58c768a4,3,"[""fdfd952b59a29ab937638471"",""e8f3121f0e537e7edf2bff59"",""954e0ca3bfc65a1789cf5718""]","[""/mnt/main0/home/nclack/tmp/2026-09-24-damacy-cold-blocks/job-3822266/results/smooth4-zstd-c128-b16/random-1x256x256/cold/repeat-1/chunks256-random/measurements.json#/measurements/0"",""/mnt/main0/home/nclack/tmp/2026-09-24-damacy-cold-blocks/job-3822266/results/smooth4-zstd-c128-b16/random-1x256x256/cold/repeat-2/chunks256-random/measurements.json#/measurements/0"",""/mnt/main0/home/nclack/tmp/2026-09-24-damacy-cold-blocks/job-3822266/results/smooth4-zstd-c128-b16/random-1x256x256/cold/repeat-3/chunks256-random/measurements.json#/measurements/0""]",observed min/max; not a confidence interval,3.497935565962786,3.485960672252871,3.4991463545008923,3.497935565962786,3.485960672252871,3.4991463545008923,2.753985745784467,2.730348579495609,2.8051786633114033,1.748967782981393,1.7429803361264355,1.7495731772504461,1.3769928728922336,1.3651742897478045,1.4025893316557017,3.0011112655348384,2.9908372088123225,3.002150081445929,2.3628272993991617,2.342547404387634,2.406749103734456,3.97491455078125,3.97491455078125,3.97491455078125,3.97491455078125,3.97491455078125,3.97491455078125,2.1697093159891665,2.1697093159891665,2.1697093159891665,1.715932846069336,1.715932846069336,1.715932846069336,,,,1.8317621551383316,1.8317621551383316,1.8317621551383316,13.071963082998991,12.833407180383801,13.185129646211863,10.291784774512053,10.288223570212722,10.327138882130384,14327.544078183571,14278.49491354776,14332.503468035655,151101440.0,145186816.0,152530944.0,False
cpu-chunk-blocks,cpu-turin-gp-l-244-025,damacy,8d0931e7d131fd5d4c565458736ab586012c78c1,chunks256-random,local block storage,740d0d35e921091ce2e4b15fcaa7c94ee42c2adc719b21808e09cb251a2dda22,full-scan,"[8,256,256]",zero client file residency before every pass; within-pass reuse allowed,"active planning, reads, decode, dtype conversion and assembly; preparation/cache control excluded",float32,host memory,32,16,256,16384,128,24c5fbbf13d9b91cd7083cd7f55229ee2eef4221274a0c30c81d26a308260ddc,20262916,returned float32 output,1fb438294d5ac2bb57e1,smooth4-zstd-512-16,524288,"[1,512,512]","[512,1024,1024]","[1,4,4]",16,1073741824,zstd,3,bitshuffle,16384,[16384],"[512,4096,4096]",1,uint16,synthetic,smooth4,maximize compression and output throughput,undefined; no recorded scalar read winner rule,f676d8bcbcae9de83add,3,"[""8bb78e053824c51592c284f0"",""9565f6723ce5d4bb3a4aa45c"",""0fadb1597db5f1ac498f5983""]","[""/mnt/main0/home/nclack/tmp/2026-09-24-damacy-cold-blocks/job-3822266/results/smooth4-zstd-c512-b16/full-scan/cold/repeat-1/chunks256-random/measurements.json#/measurements/0"",""/mnt/main0/home/nclack/tmp/2026-09-24-damacy-cold-blocks/job-3822266/results/smooth4-zstd-c512-b16/full-scan/cold/repeat-2/chunks256-random/measurements.json#/measurements/0"",""/mnt/main0/home/nclack/tmp/2026-09-24-damacy-cold-blocks/job-3822266/results/smooth4-zstd-c512-b16/full-scan/cold/repeat-3/chunks256-random/measurements.json#/measurements/0""]",observed min/max; not a confidence interval,25.530343637954708,25.308378294192025,25.727356716125414,25.530343637954708,25.308378294192025,25.727356716125414,17.511644795347884,17.33730759471594,17.904069631295346,12.765171818977354,12.654189147096012,12.863678358062707,8.755822397673942,8.66865379735797,8.952034815647673,6.977246411376472,6.9165849913744415,7.0310885692476734,4.785797736932805,4.738152721858653,4.893044424136769,1.0,1.0,1.0,1.0,1.0,1.0,0.5465824767015874,0.5465824767015874,0.5465824767015874,0.5465846061706543,0.5465846061706543,0.5465846061706543,,,,1.8294478975980146,1.8294478975980146,1.8294478975980146,14.765845192596316,14.618843803182244,16.08572832494974,10.115227337926626,10.027283754199743,11.194309744983912,13071.53594263281,12957.889686626317,13172.406638656212,742715392.0,741978112.0,747028480.0,False
cpu-chunk-blocks,cpu-turin-gp-l-244-025,damacy,8d0931e7d131fd5d4c565458736ab586012c78c1,chunks256-random,local block storage,740d0d35e921091ce2e4b15fcaa7c94ee42c2adc719b21808e09cb251a2dda22,random-1x256x256,"[1,256,256]",zero client file residency before every pass; within-pass reuse allowed,"active planning, reads, decode, dtype conversion and assembly; preparation/cache control excluded",float32,host memory,32,16,256,16384,128,24c5fbbf13d9b91cd7083cd7f55229ee2eef4221274a0c30c81d26a308260ddc,20262916,returned float32 output,b07b72a78260e11bed02,smooth4-zstd-512-16,524288,"[1,512,512]","[512,1024,1024]","[1,4,4]",16,1073741824,zstd,3,bitshuffle,16384,[16384],"[512,4096,4096]",1,uint16,synthetic,smooth4,maximize compression and output throughput,undefined; no recorded scalar read winner rule,d2e833165e5217c7eca8,3,"[""0c02ed8c673d80ac632c7028"",""0eb41cba36004da12824460e"",""29cb89e675386f61437951e5""]","[""/mnt/main0/home/nclack/tmp/2026-09-24-damacy-cold-blocks/job-3822266/results/smooth4-zstd-c512-b16/random-1x256x256/cold/repeat-1/chunks256-random/measurements.json#/measurements/0"",""/mnt/main0/home/nclack/tmp/2026-09-24-damacy-cold-blocks/job-3822266/results/smooth4-zstd-c512-b16/random-1x256x256/cold/repeat-2/chunks256-random/measurements.json#/measurements/0"",""/mnt/main0/home/nclack/tmp/2026-09-24-damacy-cold-blocks/job-3822266/results/smooth4-zstd-c512-b16/random-1x256x256/cold/repeat-3/chunks256-random/measurements.json#/measurements/0""]",observed min/max; not a confidence interval,2.5520490948507972,2.5024865318353915,2.5561636916926274,2.5520490948507972,2.5024865318353915,2.5561636916926274,1.9988745398968815,1.943145239953158,2.0438492659786696,1.2760245474253986,1.2512432659176957,1.2780818458463137,0.9994372699484407,0.971572619976579,1.0219246329893348,3.5875850910302183,3.517911700927309,3.5933692533784796,2.8099508401476077,2.731608457935974,2.8731748028408584,8.433349609375,8.433349609375,8.433349609375,8.433349609375,8.433349609375,8.433349609375,4.609554402064532,4.609554402064532,4.609554402064532,2.811532974243164,2.811532974243164,2.811532974243164,,,,1.8294478975980146,1.8294478975980146,1.8294478975980146,14.007882656529546,13.699640411883593,14.409627970308065,10.971575764939189,10.953915076330304,11.188871406018734,10453.193092508865,10250.184834397764,10470.046481173002,270434304.0,267251712.0,271941632.0,False
cpu-chunk-blocks,cpu-turin-gp-l-244-025,tensorstore,0.1.85,tensorstore,local block storage,740d0d35e921091ce2e4b15fcaa7c94ee42c2adc719b21808e09cb251a2dda22,full-scan,"[8,256,256]",zero client file residency before every pass; within-pass reuse allowed,"active planning, reads, decode, dtype conversion and assembly; preparation/cache control excluded",float32,host memory,32,16,,16384,128,24c5fbbf13d9b91cd7083cd7f55229ee2eef4221274a0c30c81d26a308260ddc,20262916,returned float32 output,fc6fd6b876a5cd57c3e3,smooth4-zstd-32-16,32768,"[1,128,128]","[512,1024,1024]","[1,4,4]",16,1073741824,zstd,3,bitshuffle,16384,[16384],"[512,4096,4096]",1,uint16,synthetic,smooth4,maximize compression and output throughput,undefined; no recorded scalar read winner rule,972b2f1b8ce9fe1b92a3,3,"[""40f738a0913c209c8ce94ff7"",""bdbbfc54878116c90a7b3436"",""7bb3c2ee35acf56756430bc7""]","[""/mnt/main0/home/nclack/tmp/2026-09-24-damacy-cold-blocks/job-3822266/results/smooth4-zstd-c32-b16/full-scan/cold/repeat-1/tensorstore/measurements.json#/measurements/0"",""/mnt/main0/home/nclack/tmp/2026-09-24-damacy-cold-blocks/job-3822266/results/smooth4-zstd-c32-b16/full-scan/cold/repeat-2/tensorstore/measurements.json#/measurements/0"",""/mnt/main0/home/nclack/tmp/2026-09-24-damacy-cold-blocks/job-3822266/results/smooth4-zstd-c32-b16/full-scan/cold/repeat-3/tensorstore/measurements.json#/measurements/0""]",observed min/max; not a confidence interval,8.50091928567391,8.393356162837723,8.591184050852435,8.50091928567391,8.393356162837723,8.591184050852435,7.35793050937006,7.2815329681071965,7.526005422227679,4.250459642836955,4.196678081418861,4.295592025426218,3.67896525468503,3.6407664840535983,3.7630027111138395,2.314212598287797,2.284887905652618,2.3387854532623953,2.0030557766624484,1.982258008029745,2.0488109553343263,,,,1.0,1.0,1.0,,,,0.544461727142334,0.5444515546162924,0.544461727142334,,,,1.8366829025162181,1.8366829025162181,1.8366829025162181,13.047146867960691,12.755770772695541,13.184036990627646,11.292896306142211,11.174245532602072,11.437617817893624,4352.470674265042,4297.398355372914,4398.686234036447,1454653440.0,1313521664.0,1518268416.0,False
cpu-chunk-blocks,cpu-turin-gp-l-244-025,tensorstore,0.1.85,tensorstore,local block storage,740d0d35e921091ce2e4b15fcaa7c94ee42c2adc719b21808e09cb251a2dda22,random-1x256x256,"[1,256,256]",zero client file residency before every pass; within-pass reuse allowed,"active planning, reads, decode, dtype conversion and assembly; preparation/cache control excluded",float32,host memory,32,16,,16384,128,24c5fbbf13d9b91cd7083cd7f55229ee2eef4221274a0c30c81d26a308260ddc,20262916,returned float32 output,e1cc821d3cab1404ef84,smooth4-zstd-32-16,32768,"[1,128,128]","[512,1024,1024]","[1,4,4]",16,1073741824,zstd,3,bitshuffle,16384,[16384],"[512,4096,4096]",1,uint16,synthetic,smooth4,maximize compression and output throughput,undefined; no recorded scalar read winner rule,c56d488690b1ae0b7e7c,3,"[""a0884ee34c16c346deac2c5f"",""df8468ca08896568d61c00f6"",""b08b84260de64954e439b0a8""]","[""/mnt/main0/home/nclack/tmp/2026-09-24-damacy-cold-blocks/job-3822266/results/smooth4-zstd-c32-b16/random-1x256x256/cold/repeat-1/tensorstore/measurements.json#/measurements/0"",""/mnt/main0/home/nclack/tmp/2026-09-24-damacy-cold-blocks/job-3822266/results/smooth4-zstd-c32-b16/random-1x256x256/cold/repeat-2/tensorstore/measurements.json#/measurements/0"",""/mnt/main0/home/nclack/tmp/2026-09-24-damacy-cold-blocks/job-3822266/results/smooth4-zstd-c32-b16/random-1x256x256/cold/repeat-3/tensorstore/measurements.json#/measurements/0""]",observed min/max; not a confidence interval,2.69228212172535,2.660023902766618,2.746570457151151,2.69228212172535,2.660023902766618,2.746570457151151,2.19462773877893,2.1726206453976995,2.256943222126494,1.346141060862675,1.330011951383309,1.3732852285755754,1.097313869389465,1.0863103226988498,1.128471611063247,1.9887907699229972,1.9613557250224,2.027977958732968,1.6244201918350998,1.605185814193969,1.6697924706265483,,,,2.2350616455078125,2.2350616455078125,2.2350616455078125,,,,1.4767347063337053,1.4746903010777064,1.4774014609200614,,,,1.8366829025162181,1.8366829025162181,1.8366829025162181,12.758428003638983,12.40616056509316,12.887661755084991,10.400098776444793,10.194531848654151,10.526221200823784,11027.587570587033,10895.457905732068,11249.952592491114,375701504.0,360558592.0,379883520.0,False
cpu-chunk-blocks,cpu-turin-gp-l-244-025,tensorstore,0.1.85,tensorstore,local block storage,740d0d35e921091ce2e4b15fcaa7c94ee42c2adc719b21808e09cb251a2dda22,full-scan,"[8,256,256]",zero client file residency before every pass; within-pass reuse allowed,"active planning, reads, decode, dtype conversion and assembly; preparation/cache control excluded",float32,host memory,32,16,,16384,128,24c5fbbf13d9b91cd7083cd7f55229ee2eef4221274a0c30c81d26a308260ddc,20262916,returned float32 output,fc6fd6b876a5cd57c3e3,smooth4-zstd-128-16,131072,"[1,256,256]","[512,1024,1024]","[1,4,4]",16,1073741824,zstd,3,bitshuffle,16384,[16384],"[512,4096,4096]",1,uint16,synthetic,smooth4,maximize compression and output throughput,undefined; no recorded scalar read winner rule,d3b0b7986b8bd2b0b6af,3,"[""faab31d99e9fd3dddee78733"",""d3bfbdc42e14b75c54c5c81b"",""71da33ea6eccf53713e26e02""]","[""/mnt/main0/home/nclack/tmp/2026-09-24-damacy-cold-blocks/job-3822266/results/smooth4-zstd-c128-b16/full-scan/cold/repeat-1/tensorstore/measurements.json#/measurements/0"",""/mnt/main0/home/nclack/tmp/2026-09-24-damacy-cold-blocks/job-3822266/results/smooth4-zstd-c128-b16/full-scan/cold/repeat-2/tensorstore/measurements.json#/measurements/0"",""/mnt/main0/home/nclack/tmp/2026-09-24-damacy-cold-blocks/job-3822266/results/smooth4-zstd-c128-b16/full-scan/cold/repeat-3/tensorstore/measurements.json#/measurements/0""]",observed min/max; not a confidence interval,9.855317002946705,9.081812706488188,11.26876734859375,9.855317002946705,9.081812706488188,11.26876734859375,8.255879467409333,7.744475310475652,9.385971814203721,4.927658501473353,4.540906353244094,5.634383674296875,4.127939733704666,3.872237655237826,4.6929859071018605,2.690082140816232,2.4789685941977306,3.075883187920907,2.2535431260738696,2.113939268273964,2.5619798288138678,,,,1.0,1.0,1.0,,,,0.545914888381958,0.5459129810333252,0.5459193388621012,,,,1.8317621551383316,1.8317621551383316,1.8317621551383316,13.637373149394989,12.395933378487825,15.504102319478989,11.358828879892826,10.570576943457127,12.987913018092513,5045.922305508713,4649.888105721952,5769.60888248,1085915136.0,1064800256.0,1099816960.0,False
cpu-chunk-blocks,cpu-turin-gp-l-244-025,tensorstore,0.1.85,tensorstore,local block storage,740d0d35e921091ce2e4b15fcaa7c94ee42c2adc719b21808e09cb251a2dda22,random-1x256x256,"[1,256,256]",zero client file residency before every pass; within-pass reuse allowed,"active planning, reads, decode, dtype conversion and assembly; preparation/cache control excluded",float32,host memory,32,16,,16384,128,24c5fbbf13d9b91cd7083cd7f55229ee2eef4221274a0c30c81d26a308260ddc,20262916,returned float32 output,e1cc821d3cab1404ef84,smooth4-zstd-128-16,131072,"[1,256,256]","[512,1024,1024]","[1,4,4]",16,1073741824,zstd,3,bitshuffle,16384,[16384],"[512,4096,4096]",1,uint16,synthetic,smooth4,maximize compression and output throughput,undefined; no recorded scalar read winner rule,02c8f633c439d597dec7,3,"[""6f06ebdf7503c6c7fdae2b73"",""b7f8a600383991322049f3f1"",""9f4e33207403826dfbf7d51c""]","[""/mnt/main0/home/nclack/tmp/2026-09-24-damacy-cold-blocks/job-3822266/results/smooth4-zstd-c128-b16/random-1x256x256/cold/repeat-1/tensorstore/measurements.json#/measurements/0"",""/mnt/main0/home/nclack/tmp/2026-09-24-damacy-cold-blocks/job-3822266/results/smooth4-zstd-c128-b16/random-1x256x256/cold/repeat-2/tensorstore/measurements.json#/measurements/0"",""/mnt/main0/home/nclack/tmp/2026-09-24-damacy-cold-blocks/job-3822266/results/smooth4-zstd-c128-b16/random-1x256x256/cold/repeat-3/tensorstore/measurements.json#/measurements/0""]",observed min/max; not a confidence interval,2.7885904217072945,2.7297020650700103,2.8237258539298855,2.7885904217072945,2.7297020650700103,2.8237258539298855,2.169446555917267,2.1258452600826017,2.1974908974021594,1.3942952108536473,1.3648510325350052,1.4118629269649428,1.0847232779586335,1.0629226300413008,1.0987454487010797,3.1453153070723525,3.0774790958323486,3.192962513648851,2.447667405684095,2.397372730587823,2.4855621736660076,,,,3.97491455078125,3.97491455078125,3.97491455078125,,,,2.2558460235595703,2.2548095158168246,2.2615244388580322,,,,1.8317621551383316,1.8317621551383316,1.8317621551383316,13.171231474727392,12.906517527997494,14.562062595039606,10.257529698312283,10.040915217250586,11.332544891163707,11422.066367313078,11180.859658526762,11565.981097696811,405319680.0,387825664.0,418144256.0,False
cpu-chunk-blocks,cpu-turin-gp-l-244-025,tensorstore,0.1.85,tensorstore,local block storage,740d0d35e921091ce2e4b15fcaa7c94ee42c2adc719b21808e09cb251a2dda22,full-scan,"[8,256,256]",zero client file residency before every pass; within-pass reuse allowed,"active planning, reads, decode, dtype conversion and assembly; preparation/cache control excluded",float32,host memory,32,16,,16384,128,24c5fbbf13d9b91cd7083cd7f55229ee2eef4221274a0c30c81d26a308260ddc,20262916,returned float32 output,fc6fd6b876a5cd57c3e3,smooth4-zstd-512-16,524288,"[1,512,512]","[512,1024,1024]","[1,4,4]",16,1073741824,zstd,3,bitshuffle,16384,[16384],"[512,4096,4096]",1,uint16,synthetic,smooth4,maximize compression and output throughput,undefined; no recorded scalar read winner rule,35d9bbc6086d56ebbcac,3,"[""004b9ea5379c699d6e99b59f"",""b9db2f8ad1db6bc9dd85711e"",""10b1bef4d90dae86fc12f6a9""]","[""/mnt/main0/home/nclack/tmp/2026-09-24-damacy-cold-blocks/job-3822266/results/smooth4-zstd-c512-b16/full-scan/cold/repeat-1/tensorstore/measurements.json#/measurements/0"",""/mnt/main0/home/nclack/tmp/2026-09-24-damacy-cold-blocks/job-3822266/results/smooth4-zstd-c512-b16/full-scan/cold/repeat-2/tensorstore/measurements.json#/measurements/0"",""/mnt/main0/home/nclack/tmp/2026-09-24-damacy-cold-blocks/job-3822266/results/smooth4-zstd-c512-b16/full-scan/cold/repeat-3/tensorstore/measurements.json#/measurements/0""]",observed min/max; not a confidence interval,10.623629968616369,8.922834173262233,10.721717425687824,10.623629968616369,8.922834173262233,10.721717425687824,8.957806644716044,7.542964247593143,9.039662473565377,5.311814984308184,4.4614170866311165,5.360858712843912,4.478903322358022,3.7714821237965714,4.5198312367826885,2.9035158721074765,2.4386525244704447,2.9303162236943603,2.448234158102017,2.0615467699716143,2.4706016451471196,,,,1.0,1.0,1.0,,,,0.5466132164001465,0.5466094017028809,0.5466146469116211,,,,1.8294478975980146,1.8294478975980146,1.8294478975980146,14.159820720553398,12.727092009037733,14.289212200790644,11.93838588707149,10.75891338288784,12.048612421378493,5439.298543931581,4568.491096710263,5489.519321952166,998518784.0,972214272.0,1025142784.0,False
cpu-chunk-blocks,cpu-turin-gp-l-244-025,tensorstore,0.1.85,tensorstore,local block storage,740d0d35e921091ce2e4b15fcaa7c94ee42c2adc719b21808e09cb251a2dda22,random-1x256x256,"[1,256,256]",zero client file residency before every pass; within-pass reuse allowed,"active planning, reads, decode, dtype conversion and assembly; preparation/cache control excluded",float32,host memory,32,16,,16384,128,24c5fbbf13d9b91cd7083cd7f55229ee2eef4221274a0c30c81d26a308260ddc,20262916,returned float32 output,e1cc821d3cab1404ef84,smooth4-zstd-512-16,524288,"[1,512,512]","[512,1024,1024]","[1,4,4]",16,1073741824,zstd,3,bitshuffle,16384,[16384],"[512,4096,4096]",1,uint16,synthetic,smooth4,maximize compression and output throughput,undefined; no recorded scalar read winner rule,1c55fb472959a2215944,3,"[""ebe82fc6b003a6a25afef356"",""450ab98468fd80f671bed5fd"",""f13d90ba28f142ff760c3ecc""]","[""/mnt/main0/home/nclack/tmp/2026-09-24-damacy-cold-blocks/job-3822266/results/smooth4-zstd-c512-b16/random-1x256x256/cold/repeat-1/tensorstore/measurements.json#/measurements/0"",""/mnt/main0/home/nclack/tmp/2026-09-24-damacy-cold-blocks/job-3822266/results/smooth4-zstd-c512-b16/random-1x256x256/cold/repeat-2/tensorstore/measurements.json#/measurements/0"",""/mnt/main0/home/nclack/tmp/2026-09-24-damacy-cold-blocks/job-3822266/results/smooth4-zstd-c512-b16/random-1x256x256/cold/repeat-3/tensorstore/measurements.json#/measurements/0""]",observed min/max; not a confidence interval,3.2289676101536053,3.108731765001465,3.2658773941392294,3.2289676101536053,3.108731765001465,3.2658773941392294,2.2461606342802893,2.1675777743163867,2.302374621020504,1.6144838050768027,1.5543658825007325,1.6329386970696147,1.1230803171401447,1.0837888871581933,1.151187310510252,5.791857046566671,5.576898483541281,5.85647919468729,4.029144223958509,3.8886759344707023,4.128864005458587,,,,8.433349609375,8.433349609375,8.433349609375,,,,3.587435828314887,3.5864660474989147,3.587893009185791,,,,1.8294478975980146,1.8294478975980146,1.8294478975980146,15.636030588299036,14.763022752478719,16.027348823845387,11.023071492090821,10.29358671605587,11.149074362590909,13225.851331189167,12733.365309446,13377.033806394284,628199424.0,624971776.0,668499968.0,False
