source_file,source_record,source_sha256,metadata_id,phase,configuration_id,case_group,reader,revision,binary_sha256,implementation,date_start,date_end,run_order,order_source,repeat,machine,slurm_job_id,backend,allocated_physical_cores,storage_type,storage_destination,mount_options,mount_source,nconnect,input_kind,content,content_id,source_dtype,array_shape,array_count,logical_volume_bytes,chunk_shape,raw_chunk_bytes,chunk_byte_definition,shard_shape,shard_grid,raw_shard_bytes,shard_byte_definition,shard_count,codec,codec_level,shuffle,block_bytes,effective_block_bytes,codec_split_mode,workload,selection_shape,axes,origin_distribution,alignment,seed,query_reference_sha256,queries_per_pass,samples_per_batch,passes,sample_count,decode_workers,file_workers,read_buffer_chunks,input_buffers,request_concurrency,read_coalescing,min_shards_per_batch,max_shards_per_batch,cache_policy,decoded_cache_bytes,page_residency_max_before,warmup_passes,warmup_policy,output_dtype,output_device,timing_policy,seconds,active_seconds,cache_control_seconds,useful_logical_bytes,output_bytes,decoded_chunk_bytes,encoded_payload_bytes,reader_bytes,index_bytes_transferred,stored_index_bytes,stored_shard_bytes,compression_ratio,process_read_bytes_diagnostic,storage_bytes,storage_active_bytes,storage_counter_scope,nfs_payload_read_bytes,nfs_payload_gib_s,shared_nfs_payload_per_useful_byte,nfs_counter_scope,nfs_read_rtt_ms,nfs_idle_fraction_of_active,primary_gib_s,byte_domain,reported_primary_gib_s,reported_primary_basis,source_unit,output_active_gib_s,output_wall_gib_s,useful_active_gib_s,useful_wall_gib_s,storage_active_gib_s,storage_wall_gib_s,decoded_amplification,encoded_amplification,modeled_decoded_amplification,modeled_encoded_bytes,storage_amplification,samples_per_second,process_peak_rss_bytes,memory_scope,frontier_objective,winner_selection,status,exclusion_reason,limitations,run_id,duplicate_of_run_id,comparison_scope,comparison_group,summary_id,original_status,layout_provenance,pushed_samples_including_warmup,distinct_files_touched,distinct_arrays_touched,cache_source,warmup_batches,source_throughput,decoded_per_output_byte,machine_evidence,warmup_samples,reported_numerator_bytes
/mnt/main0/home/nclack/tmp/2026-09-24-damacy-cold-blocks/job-3822266/results/smooth4-zstd-c32-b16/full-scan/cold/repeat-1/chunks256-random/measurements.json,/measurements/0,c253d6571760b352e650195715eaeaca7d3d07f7e71aafa8c6aa2970ada0a1cc,4ed81e84c0c3110527e38bf2,cpu-chunk-blocks,smooth4-zstd-32-16,cold_block_sweep,damacy,8d0931e7d131fd5d4c565458736ab586012c78c1,2880983eb1e35b5bdf6b7b3a3b888b1f897b4aa9a59ab2b6bfc58e134433f5f4,chunks256-random,2026-09-24T22:34:41Z,2026-09-25T00:56:05Z,69,/mnt/main0/home/nclack/tmp/2026-09-24-damacy-cold-blocks/job-3822266/results/run-order.json,1,cpu-turin-gp-l-244-025,3822266,CPU,48,local block storage,/tmp/damacy-cold-blocks-3822266-WPKWj1/pilot-data/smooth4-zstd-c32-b16/volume/c/0/0/0,,,,synthetic,smooth4,740d0d35e921091ce2e4b15fcaa7c94ee42c2adc719b21808e09cb251a2dda22,uint16,"[512,4096,4096]",1,17179869184,"[1,128,128]",32768,uncompressed uint16 capacity,"[512,1024,1024]","[1,4,4]",1073741824,uncompressed uint16 capacity,16,zstd,3,bitshuffle,16384,[16384],never,full-scan,"[8,256,256]",ZYX,nonoverlapping tiles cover complete logical array; no edge padding for recorded shapes,full coverage; repeated identical passes,20262916,24c5fbbf13d9b91cd7083cd7f55229ee2eef4221274a0c30c81d26a308260ddc,16384,128,4,65536,32,16,256,2,,benchmark/revision dependent; frozen settings and geometry in metadata,16,16,zero client file residency before every pass; within-pass reuse allowed,0,0,,"correctness checks, metadata/index preparation and cache control outside active reads",float32,host memory,"active planning, reads, decode, dtype conversion and assembly; preparation/cache control excluded",13.353993147611618,11.048163551837206,2.3045962061733007,68719476736,137438953472.0,68719476736.0,37381437656.0,37381437656.0,,8388672,9353748086,1.8366829025162181,37381554176,37381554176,37381554176,process local block reads,,,,,,,11.585635875087567,returned float32 output,11.585635875087567,output_float32_active_gib_s,GiB/s,11.585635875087567,9.58514794676924,5.792817937543783,4.79257397338462,3.151137753797193,2.6070318363572698,1.0,0.5439715118845925,1.0,37381437656,0.5439732074737549,5931.845568044834,615972864,ru_maxrss for measurement process including setup and all repetitions; not a conversion peak,maximize compression and output throughput,undefined; no recorded scalar read winner rule,ok,,synthetic content; no training/viewer timing; observed ranges are not confidence intervals,148d4f00f9e74294a87905e3,,"same phase, machine, reader mode, input, trace, resources, storage and timing",1fb438294d5ac2bb57e1,285005c46cc1d034bbff,,,,,,,,,,,,
/mnt/main0/home/nclack/tmp/2026-09-24-damacy-cold-blocks/job-3822266/results/smooth4-zstd-c32-b16/full-scan/cold/repeat-2/chunks256-random/measurements.json,/measurements/0,958db9d76e3ffb3b6f53cd911db394f6236f7d8c723346e21cfc48591534bab7,5db1d2e897d28fcbf877111c,cpu-chunk-blocks,smooth4-zstd-32-16,cold_block_sweep,damacy,8d0931e7d131fd5d4c565458736ab586012c78c1,2880983eb1e35b5bdf6b7b3a3b888b1f897b4aa9a59ab2b6bfc58e134433f5f4,chunks256-random,2026-09-24T22:34:41Z,2026-09-25T00:56:05Z,143,/mnt/main0/home/nclack/tmp/2026-09-24-damacy-cold-blocks/job-3822266/results/run-order.json,2,cpu-turin-gp-l-244-025,3822266,CPU,48,local block storage,/tmp/damacy-cold-blocks-3822266-WPKWj1/pilot-data/smooth4-zstd-c32-b16/volume/c/0/0/0,,,,synthetic,smooth4,740d0d35e921091ce2e4b15fcaa7c94ee42c2adc719b21808e09cb251a2dda22,uint16,"[512,4096,4096]",1,17179869184,"[1,128,128]",32768,uncompressed uint16 capacity,"[512,1024,1024]","[1,4,4]",1073741824,uncompressed uint16 capacity,16,zstd,3,bitshuffle,16384,[16384],never,full-scan,"[8,256,256]",ZYX,nonoverlapping tiles cover complete logical array; no edge padding for recorded shapes,full coverage; repeated identical passes,20262916,24c5fbbf13d9b91cd7083cd7f55229ee2eef4221274a0c30c81d26a308260ddc,16384,128,4,65536,32,16,256,2,,benchmark/revision dependent; frozen settings and geometry in metadata,16,16,zero client file residency before every pass; within-pass reuse allowed,0,0,,"correctness checks, metadata/index preparation and cache control outside active reads",float32,host memory,"active planning, reads, decode, dtype conversion and assembly; preparation/cache control excluded",13.52862117625773,11.24848622083664,2.279040642082691,68719476736,137438953472.0,68719476736.0,37381437656.0,37381437656.0,,8388672,9353748086,1.8366829025162181,37381554176,37381554176,37381554176,process local block reads,,,,,,,11.379308956514828,returned float32 output,11.379308956514828,output_float32_active_gib_s,GiB/s,11.379308956514828,9.461422441529788,5.689654478257414,4.730711220764894,3.095019595955099,2.573380156391562,1.0,0.5439715118845925,1.0,37381437656,0.5439732074737549,5826.206185735592,615309312,ru_maxrss for measurement process including setup and all repetitions; not a conversion peak,maximize compression and output throughput,undefined; no recorded scalar read winner rule,ok,,synthetic content; no training/viewer timing; observed ranges are not confidence intervals,bd0bd2084a43c35afc3fd8fd,,"same phase, machine, reader mode, input, trace, resources, storage and timing",1fb438294d5ac2bb57e1,285005c46cc1d034bbff,,,,,,,,,,,,
/mnt/main0/home/nclack/tmp/2026-09-24-damacy-cold-blocks/job-3822266/results/smooth4-zstd-c32-b16/full-scan/cold/repeat-3/chunks256-random/measurements.json,/measurements/0,38b0da6bc74e20e73ade8ad97da23ce4a18ec34385919fdc3f72fb96a66747a8,63a96408b47824e4a7c3683e,cpu-chunk-blocks,smooth4-zstd-32-16,cold_block_sweep,damacy,8d0931e7d131fd5d4c565458736ab586012c78c1,2880983eb1e35b5bdf6b7b3a3b888b1f897b4aa9a59ab2b6bfc58e134433f5f4,chunks256-random,2026-09-24T22:34:41Z,2026-09-25T00:56:05Z,292,/mnt/main0/home/nclack/tmp/2026-09-24-damacy-cold-blocks/job-3822266/results/run-order.json,3,cpu-turin-gp-l-244-025,3822266,CPU,48,local block storage,/tmp/damacy-cold-blocks-3822266-WPKWj1/pilot-data/smooth4-zstd-c32-b16/volume/c/0/0/0,,,,synthetic,smooth4,740d0d35e921091ce2e4b15fcaa7c94ee42c2adc719b21808e09cb251a2dda22,uint16,"[512,4096,4096]",1,17179869184,"[1,128,128]",32768,uncompressed uint16 capacity,"[512,1024,1024]","[1,4,4]",1073741824,uncompressed uint16 capacity,16,zstd,3,bitshuffle,16384,[16384],never,full-scan,"[8,256,256]",ZYX,nonoverlapping tiles cover complete logical array; no edge padding for recorded shapes,full coverage; repeated identical passes,20262916,24c5fbbf13d9b91cd7083cd7f55229ee2eef4221274a0c30c81d26a308260ddc,16384,128,4,65536,32,16,256,2,,benchmark/revision dependent; frozen settings and geometry in metadata,16,16,zero client file residency before every pass; within-pass reuse allowed,0,0,,"correctness checks, metadata/index preparation and cache control outside active reads",float32,host memory,"active planning, reads, decode, dtype conversion and assembly; preparation/cache control excluded",13.653369886800647,11.26668318361044,2.38558828830719,68719476736,137438953472.0,68719476736.0,37381437656.0,37381437656.0,,8388672,9353748086,1.8366829025162181,37381554176,37381554176,37381554176,process local block reads,,,,,,,11.360930090428091,returned float32 output,11.360930090428091,output_float32_active_gib_s,GiB/s,11.360930090428091,9.374974900793072,5.680465045214046,4.687487450396536,3.0900207905876322,2.549867583385177,1.0,0.5439715118845925,1.0,37381437656,0.5439732074737549,5816.796206299183,611115008,ru_maxrss for measurement process including setup and all repetitions; not a conversion peak,maximize compression and output throughput,undefined; no recorded scalar read winner rule,ok,,synthetic content; no training/viewer timing; observed ranges are not confidence intervals,3526c9797995c53f5cd623a1,,"same phase, machine, reader mode, input, trace, resources, storage and timing",1fb438294d5ac2bb57e1,285005c46cc1d034bbff,,,,,,,,,,,,
/mnt/main0/home/nclack/tmp/2026-09-24-damacy-cold-blocks/job-3822266/results/smooth4-zstd-c32-b16/random-1x256x256/cold/repeat-1/chunks256-random/measurements.json,/measurements/0,039aca9bb905d65a505468ec76a6656610d4907db82c713a32b7376c890839be,2a921392fdef4ee5ed709493,cpu-chunk-blocks,smooth4-zstd-32-16,cold_block_sweep,damacy,8d0931e7d131fd5d4c565458736ab586012c78c1,2880983eb1e35b5bdf6b7b3a3b888b1f897b4aa9a59ab2b6bfc58e134433f5f4,chunks256-random,2026-09-24T22:34:41Z,2026-09-25T00:56:05Z,70,/mnt/main0/home/nclack/tmp/2026-09-24-damacy-cold-blocks/job-3822266/results/run-order.json,1,cpu-turin-gp-l-244-025,3822266,CPU,48,local block storage,/tmp/damacy-cold-blocks-3822266-WPKWj1/pilot-data/smooth4-zstd-c32-b16/volume/c/0/0/0,,,,synthetic,smooth4,740d0d35e921091ce2e4b15fcaa7c94ee42c2adc719b21808e09cb251a2dda22,uint16,"[512,4096,4096]",1,17179869184,"[1,128,128]",32768,uncompressed uint16 capacity,"[512,1024,1024]","[1,4,4]",1073741824,uncompressed uint16 capacity,16,zstd,3,bitshuffle,16384,[16384],never,random-1x256x256,"[1,256,256]",ZYX,round-robin shard start regions; uniform valid XY start within each region; random Z plane,translated; repeated identical query list each pass; overlap allowed,20262916,24c5fbbf13d9b91cd7083cd7f55229ee2eef4221274a0c30c81d26a308260ddc,16384,128,10,163840,32,16,256,2,,benchmark/revision dependent; frozen settings and geometry in metadata,16,16,zero client file residency before every pass; within-pass reuse allowed,0,0,,"correctness checks, metadata/index preparation and cache control outside active reads",float32,host memory,"active planning, reads, decode, dtype conversion and assembly; preparation/cache control excluded",12.711674770340323,10.110196037217975,2.598720498383045,21474836480,42949672960.0,47997583360.0,26110175310.0,26110175310.0,,8388672,9353748086,1.8366829025162181,24139694080,24139694080,24139694080,process local block reads,,,,,,,3.9564020176019072,returned float32 output,3.9564020176019072,output_float32_active_gib_s,GiB/s,3.9564020176019072,3.146713609549743,1.9782010088009536,1.5733568047748716,2.2236801302620397,1.768597957955286,2.2350616455078125,1.215849784668535,2.2350616455078125,26110175310,1.1240921020507812,16205.422664097412,133922816,ru_maxrss for measurement process including setup and all repetitions; not a conversion peak,maximize compression and output throughput,undefined; no recorded scalar read winner rule,ok,,synthetic content; no training/viewer timing; observed ranges are not confidence intervals,81534a42900a85073ab51f41,,"same phase, machine, reader mode, input, trace, resources, storage and timing",b07b72a78260e11bed02,5da8449c9972c910eaac,,,,,,,,,,,,
/mnt/main0/home/nclack/tmp/2026-09-24-damacy-cold-blocks/job-3822266/results/smooth4-zstd-c32-b16/random-1x256x256/cold/repeat-2/chunks256-random/measurements.json,/measurements/0,5c7dd746e596763a8d2720df00c4a87b047163651b4a841dcb450cfeb1757982,98b6f65a68bcc00a638f8408,cpu-chunk-blocks,smooth4-zstd-32-16,cold_block_sweep,damacy,8d0931e7d131fd5d4c565458736ab586012c78c1,2880983eb1e35b5bdf6b7b3a3b888b1f897b4aa9a59ab2b6bfc58e134433f5f4,chunks256-random,2026-09-24T22:34:41Z,2026-09-25T00:56:05Z,141,/mnt/main0/home/nclack/tmp/2026-09-24-damacy-cold-blocks/job-3822266/results/run-order.json,2,cpu-turin-gp-l-244-025,3822266,CPU,48,local block storage,/tmp/damacy-cold-blocks-3822266-WPKWj1/pilot-data/smooth4-zstd-c32-b16/volume/c/0/0/0,,,,synthetic,smooth4,740d0d35e921091ce2e4b15fcaa7c94ee42c2adc719b21808e09cb251a2dda22,uint16,"[512,4096,4096]",1,17179869184,"[1,128,128]",32768,uncompressed uint16 capacity,"[512,1024,1024]","[1,4,4]",1073741824,uncompressed uint16 capacity,16,zstd,3,bitshuffle,16384,[16384],never,random-1x256x256,"[1,256,256]",ZYX,round-robin shard start regions; uniform valid XY start within each region; random Z plane,translated; repeated identical query list each pass; overlap allowed,20262916,24c5fbbf13d9b91cd7083cd7f55229ee2eef4221274a0c30c81d26a308260ddc,16384,128,11,180224,32,16,256,2,,benchmark/revision dependent; frozen settings and geometry in metadata,16,16,zero client file residency before every pass; within-pass reuse allowed,0,0,,"correctness checks, metadata/index preparation and cache control outside active reads",float32,host memory,"active planning, reads, decode, dtype conversion and assembly; preparation/cache control excluded",13.471517238765955,10.959015756845474,2.509861821308732,23622320128,47244640256.0,52797341696.0,28721192841.0,28721192841.0,,8388672,9353748086,1.8366829025162181,26553663488,26553663488,26553663488,process local block reads,,,,,,,4.014959096350938,returned float32 output,4.014959096350938,output_float32_active_gib_s,GiB/s,4.014959096350938,3.2661502947407115,2.007479548175469,1.6330751473703558,2.256591905132516,1.8357268752144327,2.2350616455078125,1.215849784668535,2.2350616455078125,28721192841,1.1240921020507812,16445.272458653442,137527296,ru_maxrss for measurement process including setup and all repetitions; not a conversion peak,maximize compression and output throughput,undefined; no recorded scalar read winner rule,ok,,synthetic content; no training/viewer timing; observed ranges are not confidence intervals,61a9fada86bf536ac43a1fba,,"same phase, machine, reader mode, input, trace, resources, storage and timing",b07b72a78260e11bed02,5da8449c9972c910eaac,,,,,,,,,,,,
/mnt/main0/home/nclack/tmp/2026-09-24-damacy-cold-blocks/job-3822266/results/smooth4-zstd-c32-b16/random-1x256x256/cold/repeat-3/chunks256-random/measurements.json,/measurements/0,766b33280becd2a93243e97de73751becf705b2bb977574eaf416cc828eb6f62,018006d3898b71c571daacd6,cpu-chunk-blocks,smooth4-zstd-32-16,cold_block_sweep,damacy,8d0931e7d131fd5d4c565458736ab586012c78c1,2880983eb1e35b5bdf6b7b3a3b888b1f897b4aa9a59ab2b6bfc58e134433f5f4,chunks256-random,2026-09-24T22:34:41Z,2026-09-25T00:56:05Z,290,/mnt/main0/home/nclack/tmp/2026-09-24-damacy-cold-blocks/job-3822266/results/run-order.json,3,cpu-turin-gp-l-244-025,3822266,CPU,48,local block storage,/tmp/damacy-cold-blocks-3822266-WPKWj1/pilot-data/smooth4-zstd-c32-b16/volume/c/0/0/0,,,,synthetic,smooth4,740d0d35e921091ce2e4b15fcaa7c94ee42c2adc719b21808e09cb251a2dda22,uint16,"[512,4096,4096]",1,17179869184,"[1,128,128]",32768,uncompressed uint16 capacity,"[512,1024,1024]","[1,4,4]",1073741824,uncompressed uint16 capacity,16,zstd,3,bitshuffle,16384,[16384],never,random-1x256x256,"[1,256,256]",ZYX,round-robin shard start regions; uniform valid XY start within each region; random Z plane,translated; repeated identical query list each pass; overlap allowed,20262916,24c5fbbf13d9b91cd7083cd7f55229ee2eef4221274a0c30c81d26a308260ddc,16384,128,11,180224,32,16,256,2,,benchmark/revision dependent; frozen settings and geometry in metadata,16,16,zero client file residency before every pass; within-pass reuse allowed,0,0,,"correctness checks, metadata/index preparation and cache control outside active reads",float32,host memory,"active planning, reads, decode, dtype conversion and assembly; preparation/cache control excluded",13.14518590644002,10.844001207500696,2.2986197527498007,23622320128,47244640256.0,52797341696.0,28721192841.0,28721192841.0,,8388672,9353748086,1.8366829025162181,26553663488,26553663488,26553663488,process local block reads,,,,,,,4.057542890124874,returned float32 output,4.057542890124874,output_float32_active_gib_s,GiB/s,4.057542890124874,3.347232995650807,2.028771445062437,1.6736164978254036,2.280525958260836,1.8812990870674249,2.2350616455078125,1.215849784668535,2.2350616455078125,28721192841,1.1240921020507812,16619.695677951484,142913536,ru_maxrss for measurement process including setup and all repetitions; not a conversion peak,maximize compression and output throughput,undefined; no recorded scalar read winner rule,ok,,synthetic content; no training/viewer timing; observed ranges are not confidence intervals,ec179c7fcadebf4a040a917e,,"same phase, machine, reader mode, input, trace, resources, storage and timing",b07b72a78260e11bed02,5da8449c9972c910eaac,,,,,,,,,,,,
/mnt/main0/home/nclack/tmp/2026-09-24-damacy-cold-blocks/job-3822266/results/smooth4-zstd-c128-b16/full-scan/cold/repeat-1/chunks256-random/measurements.json,/measurements/0,ccce59eb26e72b6ba8852258e6ae9a236bc77e758347b58525b8cace8188dd7b,035f6c10e42ebe62057a5854,cpu-chunk-blocks,smooth4-zstd-128-16,cold_block_sweep,damacy,8d0931e7d131fd5d4c565458736ab586012c78c1,2880983eb1e35b5bdf6b7b3a3b888b1f897b4aa9a59ab2b6bfc58e134433f5f4,chunks256-random,2026-09-24T22:34:41Z,2026-09-25T00:56:05Z,101,/mnt/main0/home/nclack/tmp/2026-09-24-damacy-cold-blocks/job-3822266/results/run-order.json,1,cpu-turin-gp-l-244-025,3822266,CPU,48,local block storage,/tmp/damacy-cold-blocks-3822266-WPKWj1/pilot-data/smooth4-zstd-c128-b16/volume/c/0/0/0,,,,synthetic,smooth4,740d0d35e921091ce2e4b15fcaa7c94ee42c2adc719b21808e09cb251a2dda22,uint16,"[512,4096,4096]",1,17179869184,"[1,256,256]",131072,uncompressed uint16 capacity,"[512,1024,1024]","[1,4,4]",1073741824,uncompressed uint16 capacity,16,zstd,3,bitshuffle,16384,[16384],never,full-scan,"[8,256,256]",ZYX,nonoverlapping tiles cover complete logical array; no edge padding for recorded shapes,full coverage; repeated identical passes,20262916,24c5fbbf13d9b91cd7083cd7f55229ee2eef4221274a0c30c81d26a308260ddc,16384,128,8,131072,32,16,256,2,,benchmark/revision dependent; frozen settings and geometry in metadata,16,16,zero client file residency before every pass; within-pass reuse allowed,0,0,,"correctness checks, metadata/index preparation and cache control outside active reads",float32,host memory,"active planning, reads, decode, dtype conversion and assembly; preparation/cache control excluded",16.035547234117985,11.400569412857294,4.632481524720788,137438953472,274877906944.0,137438953472.0,75014226208.0,75014226208.0,,2097216,9378875492,1.8317621551383316,75014504448,75014504448,75014504448,process local block reads,,,,,,,22.455018756456955,returned float32 output,22.455018756456955,output_float32_active_gib_s,GiB/s,22.455018756456955,15.964531566177072,11.227509378228477,7.982265783088536,6.128001057317902,4.3567394611499415,1.0,0.5458003303501755,1.0,75014226208,0.5458023548126221,11496.96960330596,615112704,ru_maxrss for measurement process including setup and all repetitions; not a conversion peak,maximize compression and output throughput,undefined; no recorded scalar read winner rule,ok,,synthetic content; no training/viewer timing; observed ranges are not confidence intervals,2884274242068cd336a09a21,,"same phase, machine, reader mode, input, trace, resources, storage and timing",1fb438294d5ac2bb57e1,28c7fee8f9d819639e0c,,,,,,,,,,,,
/mnt/main0/home/nclack/tmp/2026-09-24-damacy-cold-blocks/job-3822266/results/smooth4-zstd-c128-b16/full-scan/cold/repeat-2/chunks256-random/measurements.json,/measurements/0,959d621c83c2e7c257a5f613ef2071691a40fd242af3f7ba400708ad2291acdf,af3601a82b1892da371aa479,cpu-chunk-blocks,smooth4-zstd-128-16,cold_block_sweep,damacy,8d0931e7d131fd5d4c565458736ab586012c78c1,2880983eb1e35b5bdf6b7b3a3b888b1f897b4aa9a59ab2b6bfc58e134433f5f4,chunks256-random,2026-09-24T22:34:41Z,2026-09-25T00:56:05Z,184,/mnt/main0/home/nclack/tmp/2026-09-24-damacy-cold-blocks/job-3822266/results/run-order.json,2,cpu-turin-gp-l-244-025,3822266,CPU,48,local block storage,/tmp/damacy-cold-blocks-3822266-WPKWj1/pilot-data/smooth4-zstd-c128-b16/volume/c/0/0/0,,,,synthetic,smooth4,740d0d35e921091ce2e4b15fcaa7c94ee42c2adc719b21808e09cb251a2dda22,uint16,"[512,4096,4096]",1,17179869184,"[1,256,256]",131072,uncompressed uint16 capacity,"[512,1024,1024]","[1,4,4]",1073741824,uncompressed uint16 capacity,16,zstd,3,bitshuffle,16384,[16384],never,full-scan,"[8,256,256]",ZYX,nonoverlapping tiles cover complete logical array; no edge padding for recorded shapes,full coverage; repeated identical passes,20262916,24c5fbbf13d9b91cd7083cd7f55229ee2eef4221274a0c30c81d26a308260ddc,16384,128,8,131072,32,16,256,2,,benchmark/revision dependent; frozen settings and geometry in metadata,16,16,zero client file residency before every pass; within-pass reuse allowed,0,0,,"correctness checks, metadata/index preparation and cache control outside active reads",float32,host memory,"active planning, reads, decode, dtype conversion and assembly; preparation/cache control excluded",16.123938836157322,11.213975857943296,4.907566737383604,137438953472,274877906944.0,137438953472.0,75014226208.0,75014226208.0,,2097216,9378875492,1.8317621551383316,75014504448,75014504448,75014504448,process local block reads,,,,,,,22.82865624493611,returned float32 output,22.82865624493611,output_float32_active_gib_s,GiB/s,22.82865624493611,15.87701383646592,11.414328122468055,7.93850691823296,6.229967167847,4.332855769667841,1.0,0.5458003303501755,1.0,75014226208,0.5458023548126221,11688.271997407288,616296448,ru_maxrss for measurement process including setup and all repetitions; not a conversion peak,maximize compression and output throughput,undefined; no recorded scalar read winner rule,ok,,synthetic content; no training/viewer timing; observed ranges are not confidence intervals,d53835a4262218abf8e9a8e3,,"same phase, machine, reader mode, input, trace, resources, storage and timing",1fb438294d5ac2bb57e1,28c7fee8f9d819639e0c,,,,,,,,,,,,
/mnt/main0/home/nclack/tmp/2026-09-24-damacy-cold-blocks/job-3822266/results/smooth4-zstd-c128-b16/full-scan/cold/repeat-3/chunks256-random/measurements.json,/measurements/0,07e81922806c4fe414ea0616c9f954c9f28a013f7eb5572d4c151197b9a64e1c,1ac66b9d3e9444bff42f2ffd,cpu-chunk-blocks,smooth4-zstd-128-16,cold_block_sweep,damacy,8d0931e7d131fd5d4c565458736ab586012c78c1,2880983eb1e35b5bdf6b7b3a3b888b1f897b4aa9a59ab2b6bfc58e134433f5f4,chunks256-random,2026-09-24T22:34:41Z,2026-09-25T00:56:05Z,327,/mnt/main0/home/nclack/tmp/2026-09-24-damacy-cold-blocks/job-3822266/results/run-order.json,3,cpu-turin-gp-l-244-025,3822266,CPU,48,local block storage,/tmp/damacy-cold-blocks-3822266-WPKWj1/pilot-data/smooth4-zstd-c128-b16/volume/c/0/0/0,,,,synthetic,smooth4,740d0d35e921091ce2e4b15fcaa7c94ee42c2adc719b21808e09cb251a2dda22,uint16,"[512,4096,4096]",1,17179869184,"[1,256,256]",131072,uncompressed uint16 capacity,"[512,1024,1024]","[1,4,4]",1073741824,uncompressed uint16 capacity,16,zstd,3,bitshuffle,16384,[16384],never,full-scan,"[8,256,256]",ZYX,nonoverlapping tiles cover complete logical array; no edge padding for recorded shapes,full coverage; repeated identical passes,20262916,24c5fbbf13d9b91cd7083cd7f55229ee2eef4221274a0c30c81d26a308260ddc,16384,128,8,131072,32,16,256,2,,benchmark/revision dependent; frozen settings and geometry in metadata,16,16,zero client file residency before every pass; within-pass reuse allowed,0,0,,"correctness checks, metadata/index preparation and cache control outside active reads",float32,host memory,"active planning, reads, decode, dtype conversion and assembly; preparation/cache control excluded",15.871581526473165,11.38139464892447,4.487734630703926,137438953472,274877906944.0,137438953472.0,75014226208.0,75014226208.0,,2097216,9378875492,1.8317621551383316,75014504448,75014504448,75014504448,process local block reads,,,,,,,22.492849769003637,returned float32 output,22.492849769003637,output_float32_active_gib_s,GiB/s,22.492849769003637,16.129457519592627,11.246424884501819,8.064728759796314,6.138325185184364,4.401747948021905,1.0,0.5458003303501755,1.0,75014226208,0.5458023548126221,11516.339081729862,616325120,ru_maxrss for measurement process including setup and all repetitions; not a conversion peak,maximize compression and output throughput,undefined; no recorded scalar read winner rule,ok,,synthetic content; no training/viewer timing; observed ranges are not confidence intervals,7b3e3cf706c4df269997a2da,,"same phase, machine, reader mode, input, trace, resources, storage and timing",1fb438294d5ac2bb57e1,28c7fee8f9d819639e0c,,,,,,,,,,,,
/mnt/main0/home/nclack/tmp/2026-09-24-damacy-cold-blocks/job-3822266/results/smooth4-zstd-c128-b16/random-1x256x256/cold/repeat-1/chunks256-random/measurements.json,/measurements/0,959701cb2550b7c5e6aa85cabd3841971a5ba1e87b6fed9bf0a2257aea757692,6123e4d4a6866beef41e61c6,cpu-chunk-blocks,smooth4-zstd-128-16,cold_block_sweep,damacy,8d0931e7d131fd5d4c565458736ab586012c78c1,2880983eb1e35b5bdf6b7b3a3b888b1f897b4aa9a59ab2b6bfc58e134433f5f4,chunks256-random,2026-09-24T22:34:41Z,2026-09-25T00:56:05Z,99,/mnt/main0/home/nclack/tmp/2026-09-24-damacy-cold-blocks/job-3822266/results/run-order.json,1,cpu-turin-gp-l-244-025,3822266,CPU,48,local block storage,/tmp/damacy-cold-blocks-3822266-WPKWj1/pilot-data/smooth4-zstd-c128-b16/volume/c/0/0/0,,,,synthetic,smooth4,740d0d35e921091ce2e4b15fcaa7c94ee42c2adc719b21808e09cb251a2dda22,uint16,"[512,4096,4096]",1,17179869184,"[1,256,256]",131072,uncompressed uint16 capacity,"[512,1024,1024]","[1,4,4]",1073741824,uncompressed uint16 capacity,16,zstd,3,bitshuffle,16384,[16384],never,random-1x256x256,"[1,256,256]",ZYX,round-robin shard start regions; uniform valid XY start within each region; random Z plane,translated; repeated identical query list each pass; overlap allowed,20262916,24c5fbbf13d9b91cd7083cd7f55229ee2eef4221274a0c30c81d26a308260ddc,16384,128,9,147456,32,16,256,2,,benchmark/revision dependent; frozen settings and geometry in metadata,16,16,zero client file residency before every pass; within-pass reuse allowed,0,0,,"correctness checks, metadata/index preparation and cache control outside active reads",float32,host memory,"active planning, reads, decode, dtype conversion and assembly; preparation/cache control excluded",12.833407180383801,10.291784774512053,2.539367936551571,19327352832,38654705664.0,76824576000.0,41934737493.0,41934737493.0,,2097216,9378875492,1.8317621551383316,33164439552,33164439552,33164439552,process local block reads,,,,,,,3.497935565962786,returned float32 output,3.497935565962786,output_float32_active_gib_s,GiB/s,3.497935565962786,2.8051786633114033,1.748967782981393,1.4025893316557017,3.0011112655348384,2.406749103734456,3.97491455078125,2.1697093159891665,3.97491455078125,41934737493,1.715932846069336,14327.544078183571,152530944,ru_maxrss for measurement process including setup and all repetitions; not a conversion peak,maximize compression and output throughput,undefined; no recorded scalar read winner rule,ok,,synthetic content; no training/viewer timing; observed ranges are not confidence intervals,fdfd952b59a29ab937638471,,"same phase, machine, reader mode, input, trace, resources, storage and timing",b07b72a78260e11bed02,7c3e837cb0fe58c768a4,,,,,,,,,,,,
/mnt/main0/home/nclack/tmp/2026-09-24-damacy-cold-blocks/job-3822266/results/smooth4-zstd-c128-b16/random-1x256x256/cold/repeat-2/chunks256-random/measurements.json,/measurements/0,418ff385833d1dcadaec48f7ea1f102247cb695d59d264dd6b3be8eac433f922,6f67a7752e04a3ac09bd5b1e,cpu-chunk-blocks,smooth4-zstd-128-16,cold_block_sweep,damacy,8d0931e7d131fd5d4c565458736ab586012c78c1,2880983eb1e35b5bdf6b7b3a3b888b1f897b4aa9a59ab2b6bfc58e134433f5f4,chunks256-random,2026-09-24T22:34:41Z,2026-09-25T00:56:05Z,182,/mnt/main0/home/nclack/tmp/2026-09-24-damacy-cold-blocks/job-3822266/results/run-order.json,2,cpu-turin-gp-l-244-025,3822266,CPU,48,local block storage,/tmp/damacy-cold-blocks-3822266-WPKWj1/pilot-data/smooth4-zstd-c128-b16/volume/c/0/0/0,,,,synthetic,smooth4,740d0d35e921091ce2e4b15fcaa7c94ee42c2adc719b21808e09cb251a2dda22,uint16,"[512,4096,4096]",1,17179869184,"[1,256,256]",131072,uncompressed uint16 capacity,"[512,1024,1024]","[1,4,4]",1073741824,uncompressed uint16 capacity,16,zstd,3,bitshuffle,16384,[16384],never,random-1x256x256,"[1,256,256]",ZYX,round-robin shard start regions; uniform valid XY start within each region; random Z plane,translated; repeated identical query list each pass; overlap allowed,20262916,24c5fbbf13d9b91cd7083cd7f55229ee2eef4221274a0c30c81d26a308260ddc,16384,128,9,147456,32,16,256,2,,benchmark/revision dependent; frozen settings and geometry in metadata,16,16,zero client file residency before every pass; within-pass reuse allowed,0,0,,"correctness checks, metadata/index preparation and cache control outside active reads",float32,host memory,"active planning, reads, decode, dtype conversion and assembly; preparation/cache control excluded",13.071963082998991,10.327138882130384,2.7425813768059015,19327352832,38654705664.0,76824576000.0,41934737493.0,41934737493.0,,2097216,9378875492,1.8317621551383316,33164439552,33164439552,33164439552,process local block reads,,,,,,,3.485960672252871,returned float32 output,3.485960672252871,output_float32_active_gib_s,GiB/s,3.485960672252871,2.753985745784467,1.7429803361264355,1.3769928728922336,2.9908372088123225,2.3628272993991617,3.97491455078125,2.1697093159891665,3.97491455078125,41934737493,1.715932846069336,14278.49491354776,151101440,ru_maxrss for measurement process including setup and all repetitions; not a conversion peak,maximize compression and output throughput,undefined; no recorded scalar read winner rule,ok,,synthetic content; no training/viewer timing; observed ranges are not confidence intervals,e8f3121f0e537e7edf2bff59,,"same phase, machine, reader mode, input, trace, resources, storage and timing",b07b72a78260e11bed02,7c3e837cb0fe58c768a4,,,,,,,,,,,,
/mnt/main0/home/nclack/tmp/2026-09-24-damacy-cold-blocks/job-3822266/results/smooth4-zstd-c128-b16/random-1x256x256/cold/repeat-3/chunks256-random/measurements.json,/measurements/0,1341a4c6ecf64f9f79e224339c21737a5b68ee0d281c92f0e09fb0ee4167727a,e0a3649ed24dcca87068f49c,cpu-chunk-blocks,smooth4-zstd-128-16,cold_block_sweep,damacy,8d0931e7d131fd5d4c565458736ab586012c78c1,2880983eb1e35b5bdf6b7b3a3b888b1f897b4aa9a59ab2b6bfc58e134433f5f4,chunks256-random,2026-09-24T22:34:41Z,2026-09-25T00:56:05Z,328,/mnt/main0/home/nclack/tmp/2026-09-24-damacy-cold-blocks/job-3822266/results/run-order.json,3,cpu-turin-gp-l-244-025,3822266,CPU,48,local block storage,/tmp/damacy-cold-blocks-3822266-WPKWj1/pilot-data/smooth4-zstd-c128-b16/volume/c/0/0/0,,,,synthetic,smooth4,740d0d35e921091ce2e4b15fcaa7c94ee42c2adc719b21808e09cb251a2dda22,uint16,"[512,4096,4096]",1,17179869184,"[1,256,256]",131072,uncompressed uint16 capacity,"[512,1024,1024]","[1,4,4]",1073741824,uncompressed uint16 capacity,16,zstd,3,bitshuffle,16384,[16384],never,random-1x256x256,"[1,256,256]",ZYX,round-robin shard start regions; uniform valid XY start within each region; random Z plane,translated; repeated identical query list each pass; overlap allowed,20262916,24c5fbbf13d9b91cd7083cd7f55229ee2eef4221274a0c30c81d26a308260ddc,16384,128,9,147456,32,16,256,2,,benchmark/revision dependent; frozen settings and geometry in metadata,16,16,zero client file residency before every pass; within-pass reuse allowed,0,0,,"correctness checks, metadata/index preparation and cache control outside active reads",float32,host memory,"active planning, reads, decode, dtype conversion and assembly; preparation/cache control excluded",13.185129646211863,10.288223570212722,2.894536541774869,19327352832,38654705664.0,76824576000.0,41934737493.0,41934737493.0,,2097216,9378875492,1.8317621551383316,33164439552,33164439552,33164439552,process local block reads,,,,,,,3.4991463545008923,returned float32 output,3.4991463545008923,output_float32_active_gib_s,GiB/s,3.4991463545008923,2.730348579495609,1.7495731772504461,1.3651742897478045,3.002150081445929,2.342547404387634,3.97491455078125,2.1697093159891665,3.97491455078125,41934737493,1.715932846069336,14332.503468035655,145186816,ru_maxrss for measurement process including setup and all repetitions; not a conversion peak,maximize compression and output throughput,undefined; no recorded scalar read winner rule,ok,,synthetic content; no training/viewer timing; observed ranges are not confidence intervals,954e0ca3bfc65a1789cf5718,,"same phase, machine, reader mode, input, trace, resources, storage and timing",b07b72a78260e11bed02,7c3e837cb0fe58c768a4,,,,,,,,,,,,
/mnt/main0/home/nclack/tmp/2026-09-24-damacy-cold-blocks/job-3822266/results/smooth4-zstd-c512-b16/full-scan/cold/repeat-1/chunks256-random/measurements.json,/measurements/0,087a246a115c0d7019207556a53d014e144abb95771fb05a53bea13c079e75e5,de89a85b24f99bd55da2f599,cpu-chunk-blocks,smooth4-zstd-512-16,cold_block_sweep,damacy,8d0931e7d131fd5d4c565458736ab586012c78c1,2880983eb1e35b5bdf6b7b3a3b888b1f897b4aa9a59ab2b6bfc58e134433f5f4,chunks256-random,2026-09-24T22:34:41Z,2026-09-25T00:56:05Z,104,/mnt/main0/home/nclack/tmp/2026-09-24-damacy-cold-blocks/job-3822266/results/run-order.json,1,cpu-turin-gp-l-244-025,3822266,CPU,48,local block storage,/tmp/damacy-cold-blocks-3822266-WPKWj1/pilot-data/smooth4-zstd-c512-b16/volume/c/0/0/0,,,,synthetic,smooth4,740d0d35e921091ce2e4b15fcaa7c94ee42c2adc719b21808e09cb251a2dda22,uint16,"[512,4096,4096]",1,17179869184,"[1,512,512]",524288,uncompressed uint16 capacity,"[512,1024,1024]","[1,4,4]",1073741824,uncompressed uint16 capacity,16,zstd,3,bitshuffle,16384,[16384],never,full-scan,"[8,256,256]",ZYX,nonoverlapping tiles cover complete logical array; no edge padding for recorded shapes,full coverage; repeated identical passes,20262916,24c5fbbf13d9b91cd7083cd7f55229ee2eef4221274a0c30c81d26a308260ddc,16384,128,8,131072,32,16,256,2,,benchmark/revision dependent; frozen settings and geometry in metadata,16,16,zero client file residency before every pass; within-pass reuse allowed,0,0,,"correctness checks, metadata/index preparation and cache control outside active reads",float32,host memory,"active planning, reads, decode, dtype conversion and assembly; preparation/cache control excluded",14.765845192596316,10.027283754199743,4.736003492027521,137438953472,274877906944.0,137438953472.0,75121723584.0,75121723584.0,,524352,9390739800,1.8294478975980146,75122016256,75122016256,75122016256,process local block reads,,,,,,,25.530343637954708,returned float32 output,25.530343637954708,output_float32_active_gib_s,GiB/s,25.530343637954708,17.33730759471594,12.765171818977354,8.66865379735797,6.977246411376472,4.738152721858653,1.0,0.5465824767015874,1.0,75121723584,0.5465846061706543,13071.53594263281,742715392,ru_maxrss for measurement process including setup and all repetitions; not a conversion peak,maximize compression and output throughput,undefined; no recorded scalar read winner rule,ok,,synthetic content; no training/viewer timing; observed ranges are not confidence intervals,8bb78e053824c51592c284f0,,"same phase, machine, reader mode, input, trace, resources, storage and timing",1fb438294d5ac2bb57e1,f676d8bcbcae9de83add,,,,,,,,,,,,
/mnt/main0/home/nclack/tmp/2026-09-24-damacy-cold-blocks/job-3822266/results/smooth4-zstd-c512-b16/full-scan/cold/repeat-2/chunks256-random/measurements.json,/measurements/0,bf1999cdb23e160337dd52326fd828fc4560ed81bdbcb8377ec155f29040ad92,7bdfc293ae792d3de8894f35,cpu-chunk-blocks,smooth4-zstd-512-16,cold_block_sweep,damacy,8d0931e7d131fd5d4c565458736ab586012c78c1,2880983eb1e35b5bdf6b7b3a3b888b1f897b4aa9a59ab2b6bfc58e134433f5f4,chunks256-random,2026-09-24T22:34:41Z,2026-09-25T00:56:05Z,214,/mnt/main0/home/nclack/tmp/2026-09-24-damacy-cold-blocks/job-3822266/results/run-order.json,2,cpu-turin-gp-l-244-025,3822266,CPU,48,local block storage,/tmp/damacy-cold-blocks-3822266-WPKWj1/pilot-data/smooth4-zstd-c512-b16/volume/c/0/0/0,,,,synthetic,smooth4,740d0d35e921091ce2e4b15fcaa7c94ee42c2adc719b21808e09cb251a2dda22,uint16,"[512,4096,4096]",1,17179869184,"[1,512,512]",524288,uncompressed uint16 capacity,"[512,1024,1024]","[1,4,4]",1073741824,uncompressed uint16 capacity,16,zstd,3,bitshuffle,16384,[16384],never,full-scan,"[8,256,256]",ZYX,nonoverlapping tiles cover complete logical array; no edge padding for recorded shapes,full coverage; repeated identical passes,20262916,24c5fbbf13d9b91cd7083cd7f55229ee2eef4221274a0c30c81d26a308260ddc,16384,128,9,147456,32,16,256,2,,benchmark/revision dependent; frozen settings and geometry in metadata,16,16,zero client file residency before every pass; within-pass reuse allowed,0,0,,"correctness checks, metadata/index preparation and cache control outside active reads",float32,host memory,"active planning, reads, decode, dtype conversion and assembly; preparation/cache control excluded",16.08572832494974,11.194309744983912,4.888677394017577,154618822656,309237645312.0,154618822656.0,84511939032.0,84511939032.0,,524352,9390739800,1.8294478975980146,84512268288,84512268288,84512268288,process local block reads,,,,,,,25.727356716125414,returned float32 output,25.727356716125414,output_float32_active_gib_s,GiB/s,25.727356716125414,17.904069631295346,12.863678358062707,8.952034815647673,7.0310885692476734,4.893044424136769,1.0,0.5465824767015874,1.0,84511939032,0.5465846061706543,13172.406638656212,741978112,ru_maxrss for measurement process including setup and all repetitions; not a conversion peak,maximize compression and output throughput,undefined; no recorded scalar read winner rule,ok,,synthetic content; no training/viewer timing; observed ranges are not confidence intervals,9565f6723ce5d4bb3a4aa45c,,"same phase, machine, reader mode, input, trace, resources, storage and timing",1fb438294d5ac2bb57e1,f676d8bcbcae9de83add,,,,,,,,,,,,
/mnt/main0/home/nclack/tmp/2026-09-24-damacy-cold-blocks/job-3822266/results/smooth4-zstd-c512-b16/full-scan/cold/repeat-3/chunks256-random/measurements.json,/measurements/0,35b5ef0a740624d987869a66859a094cc669f9700b9a9e8ef8941733896756a2,3304da730a1f6393ec71e32f,cpu-chunk-blocks,smooth4-zstd-512-16,cold_block_sweep,damacy,8d0931e7d131fd5d4c565458736ab586012c78c1,2880983eb1e35b5bdf6b7b3a3b888b1f897b4aa9a59ab2b6bfc58e134433f5f4,chunks256-random,2026-09-24T22:34:41Z,2026-09-25T00:56:05Z,339,/mnt/main0/home/nclack/tmp/2026-09-24-damacy-cold-blocks/job-3822266/results/run-order.json,3,cpu-turin-gp-l-244-025,3822266,CPU,48,local block storage,/tmp/damacy-cold-blocks-3822266-WPKWj1/pilot-data/smooth4-zstd-c512-b16/volume/c/0/0/0,,,,synthetic,smooth4,740d0d35e921091ce2e4b15fcaa7c94ee42c2adc719b21808e09cb251a2dda22,uint16,"[512,4096,4096]",1,17179869184,"[1,512,512]",524288,uncompressed uint16 capacity,"[512,1024,1024]","[1,4,4]",1073741824,uncompressed uint16 capacity,16,zstd,3,bitshuffle,16384,[16384],never,full-scan,"[8,256,256]",ZYX,nonoverlapping tiles cover complete logical array; no edge padding for recorded shapes,full coverage; repeated identical passes,20262916,24c5fbbf13d9b91cd7083cd7f55229ee2eef4221274a0c30c81d26a308260ddc,16384,128,8,131072,32,16,256,2,,benchmark/revision dependent; frozen settings and geometry in metadata,16,16,zero client file residency before every pass; within-pass reuse allowed,0,0,,"correctness checks, metadata/index preparation and cache control outside active reads",float32,host memory,"active planning, reads, decode, dtype conversion and assembly; preparation/cache control excluded",14.618843803182244,10.115227337926626,4.501168385148048,137438953472,274877906944.0,137438953472.0,75121723584.0,75121723584.0,,524352,9390739800,1.8294478975980146,75122016256,75122016256,75122016256,process local block reads,,,,,,,25.308378294192025,returned float32 output,25.308378294192025,output_float32_active_gib_s,GiB/s,25.308378294192025,17.511644795347884,12.654189147096012,8.755822397673942,6.9165849913744415,4.785797736932805,1.0,0.5465824767015874,1.0,75121723584,0.5465846061706543,12957.889686626317,747028480,ru_maxrss for measurement process including setup and all repetitions; not a conversion peak,maximize compression and output throughput,undefined; no recorded scalar read winner rule,ok,,synthetic content; no training/viewer timing; observed ranges are not confidence intervals,0fadb1597db5f1ac498f5983,,"same phase, machine, reader mode, input, trace, resources, storage and timing",1fb438294d5ac2bb57e1,f676d8bcbcae9de83add,,,,,,,,,,,,
/mnt/main0/home/nclack/tmp/2026-09-24-damacy-cold-blocks/job-3822266/results/smooth4-zstd-c512-b16/random-1x256x256/cold/repeat-1/chunks256-random/measurements.json,/measurements/0,af1b5235fe7b20b40427735636f8a59193f220103f8fb3c8f68c5a8b4a34e87a,663e43fb6a43ad2bcaab7843,cpu-chunk-blocks,smooth4-zstd-512-16,cold_block_sweep,damacy,8d0931e7d131fd5d4c565458736ab586012c78c1,2880983eb1e35b5bdf6b7b3a3b888b1f897b4aa9a59ab2b6bfc58e134433f5f4,chunks256-random,2026-09-24T22:34:41Z,2026-09-25T00:56:05Z,108,/mnt/main0/home/nclack/tmp/2026-09-24-damacy-cold-blocks/job-3822266/results/run-order.json,1,cpu-turin-gp-l-244-025,3822266,CPU,48,local block storage,/tmp/damacy-cold-blocks-3822266-WPKWj1/pilot-data/smooth4-zstd-c512-b16/volume/c/0/0/0,,,,synthetic,smooth4,740d0d35e921091ce2e4b15fcaa7c94ee42c2adc719b21808e09cb251a2dda22,uint16,"[512,4096,4096]",1,17179869184,"[1,512,512]",524288,uncompressed uint16 capacity,"[512,1024,1024]","[1,4,4]",1073741824,uncompressed uint16 capacity,16,zstd,3,bitshuffle,16384,[16384],never,random-1x256x256,"[1,256,256]",ZYX,round-robin shard start regions; uniform valid XY start within each region; random Z plane,translated; repeated identical query list each pass; overlap allowed,20262916,24c5fbbf13d9b91cd7083cd7f55229ee2eef4221274a0c30c81d26a308260ddc,16384,128,7,114688,32,16,256,2,,benchmark/revision dependent; frozen settings and geometry in metadata,16,16,zero client file residency before every pass; within-pass reuse allowed,0,0,,"correctness checks, metadata/index preparation and cache control outside active reads",float32,host memory,"active planning, reads, decode, dtype conversion and assembly; preparation/cache control excluded",14.409627970308065,11.188871406018734,3.2188577204942703,15032385536,30064771072.0,126773362688.0,69292598921.0,69292598921.0,,524352,9390739800,1.8294478975980146,42264047616,42264047616,42264047616,process local block reads,,,,,,,2.5024865318353915,returned float32 output,2.5024865318353915,output_float32_active_gib_s,GiB/s,2.5024865318353915,1.943145239953158,1.2512432659176957,0.971572619976579,3.517911700927309,2.731608457935974,8.433349609375,4.609554402064532,8.433349609375,69292598921,2.811532974243164,10250.184834397764,267251712,ru_maxrss for measurement process including setup and all repetitions; not a conversion peak,maximize compression and output throughput,undefined; no recorded scalar read winner rule,ok,,synthetic content; no training/viewer timing; observed ranges are not confidence intervals,0c02ed8c673d80ac632c7028,,"same phase, machine, reader mode, input, trace, resources, storage and timing",b07b72a78260e11bed02,d2e833165e5217c7eca8,,,,,,,,,,,,
/mnt/main0/home/nclack/tmp/2026-09-24-damacy-cold-blocks/job-3822266/results/smooth4-zstd-c512-b16/random-1x256x256/cold/repeat-2/chunks256-random/measurements.json,/measurements/0,4795ed919079a34db12ec02be1691452c0b4744a1e2cdaced0206c5dee97f0c0,83bfac6b1463ea66c7ab9521,cpu-chunk-blocks,smooth4-zstd-512-16,cold_block_sweep,damacy,8d0931e7d131fd5d4c565458736ab586012c78c1,2880983eb1e35b5bdf6b7b3a3b888b1f897b4aa9a59ab2b6bfc58e134433f5f4,chunks256-random,2026-09-24T22:34:41Z,2026-09-25T00:56:05Z,212,/mnt/main0/home/nclack/tmp/2026-09-24-damacy-cold-blocks/job-3822266/results/run-order.json,2,cpu-turin-gp-l-244-025,3822266,CPU,48,local block storage,/tmp/damacy-cold-blocks-3822266-WPKWj1/pilot-data/smooth4-zstd-c512-b16/volume/c/0/0/0,,,,synthetic,smooth4,740d0d35e921091ce2e4b15fcaa7c94ee42c2adc719b21808e09cb251a2dda22,uint16,"[512,4096,4096]",1,17179869184,"[1,512,512]",524288,uncompressed uint16 capacity,"[512,1024,1024]","[1,4,4]",1073741824,uncompressed uint16 capacity,16,zstd,3,bitshuffle,16384,[16384],never,random-1x256x256,"[1,256,256]",ZYX,round-robin shard start regions; uniform valid XY start within each region; random Z plane,translated; repeated identical query list each pass; overlap allowed,20262916,24c5fbbf13d9b91cd7083cd7f55229ee2eef4221274a0c30c81d26a308260ddc,16384,128,7,114688,32,16,256,2,,benchmark/revision dependent; frozen settings and geometry in metadata,16,16,zero client file residency before every pass; within-pass reuse allowed,0,0,,"correctness checks, metadata/index preparation and cache control outside active reads",float32,host memory,"active planning, reads, decode, dtype conversion and assembly; preparation/cache control excluded",13.699640411883593,10.953915076330304,2.7438260335475206,15032385536,30064771072.0,126773362688.0,69292598921.0,69292598921.0,,524352,9390739800,1.8294478975980146,42264047616,42264047616,42264047616,process local block reads,,,,,,,2.5561636916926274,returned float32 output,2.5561636916926274,output_float32_active_gib_s,GiB/s,2.5561636916926274,2.0438492659786696,1.2780818458463137,1.0219246329893348,3.5933692533784796,2.8731748028408584,8.433349609375,4.609554402064532,8.433349609375,69292598921,2.811532974243164,10470.046481173002,270434304,ru_maxrss for measurement process including setup and all repetitions; not a conversion peak,maximize compression and output throughput,undefined; no recorded scalar read winner rule,ok,,synthetic content; no training/viewer timing; observed ranges are not confidence intervals,0eb41cba36004da12824460e,,"same phase, machine, reader mode, input, trace, resources, storage and timing",b07b72a78260e11bed02,d2e833165e5217c7eca8,,,,,,,,,,,,
/mnt/main0/home/nclack/tmp/2026-09-24-damacy-cold-blocks/job-3822266/results/smooth4-zstd-c512-b16/random-1x256x256/cold/repeat-3/chunks256-random/measurements.json,/measurements/0,4e99d408bb035f7160268a6fe8a3429a54123bddad370d7f93544979e4d639d7,bb421563581e42c9a783774d,cpu-chunk-blocks,smooth4-zstd-512-16,cold_block_sweep,damacy,8d0931e7d131fd5d4c565458736ab586012c78c1,2880983eb1e35b5bdf6b7b3a3b888b1f897b4aa9a59ab2b6bfc58e134433f5f4,chunks256-random,2026-09-24T22:34:41Z,2026-09-25T00:56:05Z,340,/mnt/main0/home/nclack/tmp/2026-09-24-damacy-cold-blocks/job-3822266/results/run-order.json,3,cpu-turin-gp-l-244-025,3822266,CPU,48,local block storage,/tmp/damacy-cold-blocks-3822266-WPKWj1/pilot-data/smooth4-zstd-c512-b16/volume/c/0/0/0,,,,synthetic,smooth4,740d0d35e921091ce2e4b15fcaa7c94ee42c2adc719b21808e09cb251a2dda22,uint16,"[512,4096,4096]",1,17179869184,"[1,512,512]",524288,uncompressed uint16 capacity,"[512,1024,1024]","[1,4,4]",1073741824,uncompressed uint16 capacity,16,zstd,3,bitshuffle,16384,[16384],never,random-1x256x256,"[1,256,256]",ZYX,round-robin shard start regions; uniform valid XY start within each region; random Z plane,translated; repeated identical query list each pass; overlap allowed,20262916,24c5fbbf13d9b91cd7083cd7f55229ee2eef4221274a0c30c81d26a308260ddc,16384,128,7,114688,32,16,256,2,,benchmark/revision dependent; frozen settings and geometry in metadata,16,16,zero client file residency before every pass; within-pass reuse allowed,0,0,,"correctness checks, metadata/index preparation and cache control outside active reads",float32,host memory,"active planning, reads, decode, dtype conversion and assembly; preparation/cache control excluded",14.007882656529546,10.971575764939189,3.0345744639635086,15032385536,30064771072.0,126773362688.0,69292598921.0,69292598921.0,,524352,9390739800,1.8294478975980146,42264047616,42264047616,42264047616,process local block reads,,,,,,,2.5520490948507972,returned float32 output,2.5520490948507972,output_float32_active_gib_s,GiB/s,2.5520490948507972,1.9988745398968815,1.2760245474253986,0.9994372699484407,3.5875850910302183,2.8099508401476077,8.433349609375,4.609554402064532,8.433349609375,69292598921,2.811532974243164,10453.193092508865,271941632,ru_maxrss for measurement process including setup and all repetitions; not a conversion peak,maximize compression and output throughput,undefined; no recorded scalar read winner rule,ok,,synthetic content; no training/viewer timing; observed ranges are not confidence intervals,29cb89e675386f61437951e5,,"same phase, machine, reader mode, input, trace, resources, storage and timing",b07b72a78260e11bed02,d2e833165e5217c7eca8,,,,,,,,,,,,
/mnt/main0/home/nclack/tmp/2026-09-24-damacy-cold-blocks/job-3822266/results/smooth4-zstd-c32-b16/full-scan/cold/repeat-1/tensorstore/measurements.json,/measurements/0,ec1a866733a8f0380fc19e5abf146f5eca62d8009e0305fb45177a66abcaf9e6,053782649d9953500afe55da,cpu-chunk-blocks,smooth4-zstd-32-16,cold_block_sweep,tensorstore,0.1.85,,tensorstore,2026-09-24T22:34:41Z,2026-09-25T00:56:05Z,68,/mnt/main0/home/nclack/tmp/2026-09-24-damacy-cold-blocks/job-3822266/results/run-order.json,1,cpu-turin-gp-l-244-025,3822266,CPU,48,local block storage,/tmp/damacy-cold-blocks-3822266-WPKWj1/pilot-data/smooth4-zstd-c32-b16/volume/c/0/0/0,,,,synthetic,smooth4,740d0d35e921091ce2e4b15fcaa7c94ee42c2adc719b21808e09cb251a2dda22,uint16,"[512,4096,4096]",1,17179869184,"[1,128,128]",32768,uncompressed uint16 capacity,"[512,1024,1024]","[1,4,4]",1073741824,uncompressed uint16 capacity,16,zstd,3,bitshuffle,16384,[16384],never,full-scan,"[8,256,256]",ZYX,nonoverlapping tiles cover complete logical array; no edge padding for recorded shapes,full coverage; repeated identical passes,20262916,24c5fbbf13d9b91cd7083cd7f55229ee2eef4221274a0c30c81d26a308260ddc,16384,128,3,49152,32,16,,,2,benchmark/revision dependent; frozen settings and geometry in metadata,16,16,zero client file residency before every pass; within-pass reuse allowed,0,0,,"correctness checks, metadata/index preparation and cache control outside active reads",float32,host memory,"active planning, reads, decode, dtype conversion and assembly; preparation/cache control excluded",12.755770772695541,11.174245532602072,1.5807513110339642,51539607552,103079215104,,,28036078242,,8388672,9353748086,1.8366829025162181,28061343744,28061343744,28061343744,process local block reads,,,,,,,8.591184050852435,returned float32 output,8.591184050852435,output_float32_active_gib_s,GiB/s,8.591184050852435,7.526005422227679,4.295592025426218,3.7630027111138395,2.3387854532623953,2.0488109553343263,,,1.0,28036078242,0.544461727142334,4398.686234036447,1518268416,ru_maxrss for measurement process including setup and all repetitions; not a conversion peak,maximize compression and output throughput,undefined; no recorded scalar read winner rule,ok,,synthetic content; no training/viewer timing; observed ranges are not confidence intervals,40f738a0913c209c8ce94ff7,,"same phase, machine, reader mode, input, trace, resources, storage and timing",fc6fd6b876a5cd57c3e3,972b2f1b8ce9fe1b92a3,,,,,,,,,,,,
/mnt/main0/home/nclack/tmp/2026-09-24-damacy-cold-blocks/job-3822266/results/smooth4-zstd-c32-b16/full-scan/cold/repeat-2/tensorstore/measurements.json,/measurements/0,b6521c772b6e817dee58bf0206cf0eac076cfb90ad5c3637b4518c41e7929585,15fff9c4469522d4c97daecc,cpu-chunk-blocks,smooth4-zstd-32-16,cold_block_sweep,tensorstore,0.1.85,,tensorstore,2026-09-24T22:34:41Z,2026-09-25T00:56:05Z,142,/mnt/main0/home/nclack/tmp/2026-09-24-damacy-cold-blocks/job-3822266/results/run-order.json,2,cpu-turin-gp-l-244-025,3822266,CPU,48,local block storage,/tmp/damacy-cold-blocks-3822266-WPKWj1/pilot-data/smooth4-zstd-c32-b16/volume/c/0/0/0,,,,synthetic,smooth4,740d0d35e921091ce2e4b15fcaa7c94ee42c2adc719b21808e09cb251a2dda22,uint16,"[512,4096,4096]",1,17179869184,"[1,128,128]",32768,uncompressed uint16 capacity,"[512,1024,1024]","[1,4,4]",1073741824,uncompressed uint16 capacity,16,zstd,3,bitshuffle,16384,[16384],never,full-scan,"[8,256,256]",ZYX,nonoverlapping tiles cover complete logical array; no edge padding for recorded shapes,full coverage; repeated identical passes,20262916,24c5fbbf13d9b91cd7083cd7f55229ee2eef4221274a0c30c81d26a308260ddc,16384,128,3,49152,32,16,,,2,benchmark/revision dependent; frozen settings and geometry in metadata,16,16,zero client file residency before every pass; within-pass reuse allowed,0,0,,"correctness checks, metadata/index preparation and cache control outside active reads",float32,host memory,"active planning, reads, decode, dtype conversion and assembly; preparation/cache control excluded",13.184036990627646,11.292896306142211,1.8903586436063051,51539607552,103079215104,,,28036078242,,8388672,9353748086,1.8366829025162181,28061343744,28061343744,28061343744,process local block reads,,,,,,,8.50091928567391,returned float32 output,8.50091928567391,output_float32_active_gib_s,GiB/s,8.50091928567391,7.2815329681071965,4.250459642836955,3.6407664840535983,2.314212598287797,1.982258008029745,,,1.0,28036078242,0.544461727142334,4352.470674265042,1313521664,ru_maxrss for measurement process including setup and all repetitions; not a conversion peak,maximize compression and output throughput,undefined; no recorded scalar read winner rule,ok,,synthetic content; no training/viewer timing; observed ranges are not confidence intervals,bdbbfc54878116c90a7b3436,,"same phase, machine, reader mode, input, trace, resources, storage and timing",fc6fd6b876a5cd57c3e3,972b2f1b8ce9fe1b92a3,,,,,,,,,,,,
/mnt/main0/home/nclack/tmp/2026-09-24-damacy-cold-blocks/job-3822266/results/smooth4-zstd-c32-b16/full-scan/cold/repeat-3/tensorstore/measurements.json,/measurements/0,924bc89b293ae7c4ef6a15eddf4325838021e1157c635dfc2de6460322919eea,4fb53b9d7f8f68752a3fc00c,cpu-chunk-blocks,smooth4-zstd-32-16,cold_block_sweep,tensorstore,0.1.85,,tensorstore,2026-09-24T22:34:41Z,2026-09-25T00:56:05Z,294,/mnt/main0/home/nclack/tmp/2026-09-24-damacy-cold-blocks/job-3822266/results/run-order.json,3,cpu-turin-gp-l-244-025,3822266,CPU,48,local block storage,/tmp/damacy-cold-blocks-3822266-WPKWj1/pilot-data/smooth4-zstd-c32-b16/volume/c/0/0/0,,,,synthetic,smooth4,740d0d35e921091ce2e4b15fcaa7c94ee42c2adc719b21808e09cb251a2dda22,uint16,"[512,4096,4096]",1,17179869184,"[1,128,128]",32768,uncompressed uint16 capacity,"[512,1024,1024]","[1,4,4]",1073741824,uncompressed uint16 capacity,16,zstd,3,bitshuffle,16384,[16384],never,full-scan,"[8,256,256]",ZYX,nonoverlapping tiles cover complete logical array; no edge padding for recorded shapes,full coverage; repeated identical passes,20262916,24c5fbbf13d9b91cd7083cd7f55229ee2eef4221274a0c30c81d26a308260ddc,16384,128,3,49152,32,16,,,2,benchmark/revision dependent; frozen settings and geometry in metadata,16,16,zero client file residency before every pass; within-pass reuse allowed,0,0,,"correctness checks, metadata/index preparation and cache control outside active reads",float32,host memory,"active planning, reads, decode, dtype conversion and assembly; preparation/cache control excluded",13.047146867960691,11.437617817893624,1.6087338849902153,51539607552,103079215104,,,28036078242,,8388672,9353748086,1.8366829025162181,28061343744,28061343744,28060819456,process local block reads,,,,,,,8.393356162837723,returned float32 output,8.393356162837723,output_float32_active_gib_s,GiB/s,8.393356162837723,7.35793050937006,4.196678081418861,3.67896525468503,2.284887905652618,2.0030557766624484,,,1.0,28036078242,0.5444515546162924,4297.398355372914,1454653440,ru_maxrss for measurement process including setup and all repetitions; not a conversion peak,maximize compression and output throughput,undefined; no recorded scalar read winner rule,ok,,synthetic content; no training/viewer timing; observed ranges are not confidence intervals,7bb3c2ee35acf56756430bc7,,"same phase, machine, reader mode, input, trace, resources, storage and timing",fc6fd6b876a5cd57c3e3,972b2f1b8ce9fe1b92a3,,,,,,,,,,,,
/mnt/main0/home/nclack/tmp/2026-09-24-damacy-cold-blocks/job-3822266/results/smooth4-zstd-c32-b16/random-1x256x256/cold/repeat-1/tensorstore/measurements.json,/measurements/0,9487a206ef8b3f89ad8a18e0f3624320036aee9fd34d3ae2186542098229e4db,070bb850eab17a06ff4101f3,cpu-chunk-blocks,smooth4-zstd-32-16,cold_block_sweep,tensorstore,0.1.85,,tensorstore,2026-09-24T22:34:41Z,2026-09-25T00:56:05Z,71,/mnt/main0/home/nclack/tmp/2026-09-24-damacy-cold-blocks/job-3822266/results/run-order.json,1,cpu-turin-gp-l-244-025,3822266,CPU,48,local block storage,/tmp/damacy-cold-blocks-3822266-WPKWj1/pilot-data/smooth4-zstd-c32-b16/volume/c/0/0/0,,,,synthetic,smooth4,740d0d35e921091ce2e4b15fcaa7c94ee42c2adc719b21808e09cb251a2dda22,uint16,"[512,4096,4096]",1,17179869184,"[1,128,128]",32768,uncompressed uint16 capacity,"[512,1024,1024]","[1,4,4]",1073741824,uncompressed uint16 capacity,16,zstd,3,bitshuffle,16384,[16384],never,random-1x256x256,"[1,256,256]",ZYX,round-robin shard start regions; uniform valid XY start within each region; random Z plane,translated; repeated identical query list each pass; overlap allowed,20262916,24c5fbbf13d9b91cd7083cd7f55229ee2eef4221274a0c30c81d26a308260ddc,16384,128,7,114688,32,16,,,2,benchmark/revision dependent; frozen settings and geometry in metadata,16,16,zero client file residency before every pass; within-pass reuse allowed,0,0,,"correctness checks, metadata/index preparation and cache control outside active reads",float32,host memory,"active planning, reads, decode, dtype conversion and assembly; preparation/cache control excluded",12.758428003638983,10.400098776444793,2.356620540842414,15032385536,30064771072,,,18248518484,,8388672,9353748086,1.8366829025162181,22253350912,22253350912,22208868352,process local block reads,,,,,,,2.69228212172535,returned float32 output,2.69228212172535,output_float32_active_gib_s,GiB/s,2.69228212172535,2.19462773877893,1.346141060862675,1.097313869389465,1.9887907699229972,1.6244201918350998,,,2.2350616455078125,18277122717,1.4774014609200614,11027.587570587033,379883520,ru_maxrss for measurement process including setup and all repetitions; not a conversion peak,maximize compression and output throughput,undefined; no recorded scalar read winner rule,ok,,synthetic content; no training/viewer timing; observed ranges are not confidence intervals,a0884ee34c16c346deac2c5f,,"same phase, machine, reader mode, input, trace, resources, storage and timing",e1cc821d3cab1404ef84,c56d488690b1ae0b7e7c,,,,,,,,,,,,
/mnt/main0/home/nclack/tmp/2026-09-24-damacy-cold-blocks/job-3822266/results/smooth4-zstd-c32-b16/random-1x256x256/cold/repeat-2/tensorstore/measurements.json,/measurements/0,e28830f4477c44c3c26e00948870d236b94696015ae0a9fdf29de1bda445bb25,d33b5e889b29fe3786360627,cpu-chunk-blocks,smooth4-zstd-32-16,cold_block_sweep,tensorstore,0.1.85,,tensorstore,2026-09-24T22:34:41Z,2026-09-25T00:56:05Z,139,/mnt/main0/home/nclack/tmp/2026-09-24-damacy-cold-blocks/job-3822266/results/run-order.json,2,cpu-turin-gp-l-244-025,3822266,CPU,48,local block storage,/tmp/damacy-cold-blocks-3822266-WPKWj1/pilot-data/smooth4-zstd-c32-b16/volume/c/0/0/0,,,,synthetic,smooth4,740d0d35e921091ce2e4b15fcaa7c94ee42c2adc719b21808e09cb251a2dda22,uint16,"[512,4096,4096]",1,17179869184,"[1,128,128]",32768,uncompressed uint16 capacity,"[512,1024,1024]","[1,4,4]",1073741824,uncompressed uint16 capacity,16,zstd,3,bitshuffle,16384,[16384],never,random-1x256x256,"[1,256,256]",ZYX,round-robin shard start regions; uniform valid XY start within each region; random Z plane,translated; repeated identical query list each pass; overlap allowed,20262916,24c5fbbf13d9b91cd7083cd7f55229ee2eef4221274a0c30c81d26a308260ddc,16384,128,7,114688,32,16,,,2,benchmark/revision dependent; frozen settings and geometry in metadata,16,16,zero client file residency before every pass; within-pass reuse allowed,0,0,,"correctness checks, metadata/index preparation and cache control outside active reads",float32,host memory,"active planning, reads, decode, dtype conversion and assembly; preparation/cache control excluded",12.887661755084991,10.526221200823784,2.3596964944154024,15032385536,30064771072,,,18247657103,,8388672,9353748086,1.8366829025162181,22212595712,22212595712,22168113152,process local block reads,,,,,,,2.660023902766618,returned float32 output,2.660023902766618,output_float32_active_gib_s,GiB/s,2.660023902766618,2.1726206453976995,1.330011951383309,1.0863103226988498,1.9613557250224,1.605185814193969,,,2.2350616455078125,18277122717,1.4746903010777064,10895.457905732068,360558592,ru_maxrss for measurement process including setup and all repetitions; not a conversion peak,maximize compression and output throughput,undefined; no recorded scalar read winner rule,ok,,synthetic content; no training/viewer timing; observed ranges are not confidence intervals,df8468ca08896568d61c00f6,,"same phase, machine, reader mode, input, trace, resources, storage and timing",e1cc821d3cab1404ef84,c56d488690b1ae0b7e7c,,,,,,,,,,,,
/mnt/main0/home/nclack/tmp/2026-09-24-damacy-cold-blocks/job-3822266/results/smooth4-zstd-c32-b16/random-1x256x256/cold/repeat-3/tensorstore/measurements.json,/measurements/0,cc8cf45dc9f3056a147613afef4e2e6ca335ea27d9d0416e11c9d13519af8090,9a2946f1e5c7d584a8b75bc6,cpu-chunk-blocks,smooth4-zstd-32-16,cold_block_sweep,tensorstore,0.1.85,,tensorstore,2026-09-24T22:34:41Z,2026-09-25T00:56:05Z,291,/mnt/main0/home/nclack/tmp/2026-09-24-damacy-cold-blocks/job-3822266/results/run-order.json,3,cpu-turin-gp-l-244-025,3822266,CPU,48,local block storage,/tmp/damacy-cold-blocks-3822266-WPKWj1/pilot-data/smooth4-zstd-c32-b16/volume/c/0/0/0,,,,synthetic,smooth4,740d0d35e921091ce2e4b15fcaa7c94ee42c2adc719b21808e09cb251a2dda22,uint16,"[512,4096,4096]",1,17179869184,"[1,128,128]",32768,uncompressed uint16 capacity,"[512,1024,1024]","[1,4,4]",1073741824,uncompressed uint16 capacity,16,zstd,3,bitshuffle,16384,[16384],never,random-1x256x256,"[1,256,256]",ZYX,round-robin shard start regions; uniform valid XY start within each region; random Z plane,translated; repeated identical query list each pass; overlap allowed,20262916,24c5fbbf13d9b91cd7083cd7f55229ee2eef4221274a0c30c81d26a308260ddc,16384,128,7,114688,32,16,,,2,benchmark/revision dependent; frozen settings and geometry in metadata,16,16,zero client file residency before every pass; within-pass reuse allowed,0,0,,"correctness checks, metadata/index preparation and cache control outside active reads",float32,host memory,"active planning, reads, decode, dtype conversion and assembly; preparation/cache control excluded",12.40616056509316,10.194531848654151,2.2099703196436167,15032385536,30064771072,,,18247296157,,8388672,9353748086,1.8366829025162181,22243328000,22243328000,22198845440,process local block reads,,,,,,,2.746570457151151,returned float32 output,2.746570457151151,output_float32_active_gib_s,GiB/s,2.746570457151151,2.256943222126494,1.3732852285755754,1.128471611063247,2.027977958732968,1.6697924706265483,,,2.2350616455078125,18277122717,1.4767347063337053,11249.952592491114,375701504,ru_maxrss for measurement process including setup and all repetitions; not a conversion peak,maximize compression and output throughput,undefined; no recorded scalar read winner rule,ok,,synthetic content; no training/viewer timing; observed ranges are not confidence intervals,b08b84260de64954e439b0a8,,"same phase, machine, reader mode, input, trace, resources, storage and timing",e1cc821d3cab1404ef84,c56d488690b1ae0b7e7c,,,,,,,,,,,,
/mnt/main0/home/nclack/tmp/2026-09-24-damacy-cold-blocks/job-3822266/results/smooth4-zstd-c128-b16/full-scan/cold/repeat-1/tensorstore/measurements.json,/measurements/0,f8a4b80f4911dc1430db367383b13c9bd02a027d03ebc47c2dc012029e8ecad9,4e62f3ba1e49607c20c36fc4,cpu-chunk-blocks,smooth4-zstd-128-16,cold_block_sweep,tensorstore,0.1.85,,tensorstore,2026-09-24T22:34:41Z,2026-09-25T00:56:05Z,100,/mnt/main0/home/nclack/tmp/2026-09-24-damacy-cold-blocks/job-3822266/results/run-order.json,1,cpu-turin-gp-l-244-025,3822266,CPU,48,local block storage,/tmp/damacy-cold-blocks-3822266-WPKWj1/pilot-data/smooth4-zstd-c128-b16/volume/c/0/0/0,,,,synthetic,smooth4,740d0d35e921091ce2e4b15fcaa7c94ee42c2adc719b21808e09cb251a2dda22,uint16,"[512,4096,4096]",1,17179869184,"[1,256,256]",131072,uncompressed uint16 capacity,"[512,1024,1024]","[1,4,4]",1073741824,uncompressed uint16 capacity,16,zstd,3,bitshuffle,16384,[16384],never,full-scan,"[8,256,256]",ZYX,nonoverlapping tiles cover complete logical array; no edge padding for recorded shapes,full coverage; repeated identical passes,20262916,24c5fbbf13d9b91cd7083cd7f55229ee2eef4221274a0c30c81d26a308260ddc,16384,128,4,65536,32,16,,,2,benchmark/revision dependent; frozen settings and geometry in metadata,16,16,zero client file residency before every pass; within-pass reuse allowed,0,0,,"correctness checks, metadata/index preparation and cache control outside active reads",float32,host memory,"active planning, reads, decode, dtype conversion and assembly; preparation/cache control excluded",15.504102319478989,12.987913018092513,2.5151447486132383,68719476736,137438953472,,,37507113104,,2097216,9378875492,1.8317621551383316,37515640832,37515640832,37514985472,process local block reads,,,,,,,9.855317002946705,returned float32 output,9.855317002946705,output_float32_active_gib_s,GiB/s,9.855317002946705,8.255879467409333,4.927658501473353,4.127939733704666,2.690082140816232,2.2535431260738696,,,1.0,37507113104,0.545914888381958,5045.922305508713,1064800256,ru_maxrss for measurement process including setup and all repetitions; not a conversion peak,maximize compression and output throughput,undefined; no recorded scalar read winner rule,ok,,synthetic content; no training/viewer timing; observed ranges are not confidence intervals,faab31d99e9fd3dddee78733,,"same phase, machine, reader mode, input, trace, resources, storage and timing",fc6fd6b876a5cd57c3e3,d3b0b7986b8bd2b0b6af,,,,,,,,,,,,
/mnt/main0/home/nclack/tmp/2026-09-24-damacy-cold-blocks/job-3822266/results/smooth4-zstd-c128-b16/full-scan/cold/repeat-2/tensorstore/measurements.json,/measurements/0,1b5c25f1780d6c3ae917bc2708e7f3c94fd420d93cb78b4a7d4deb4ec2764028,3c32b3ac017a767bbf22d55d,cpu-chunk-blocks,smooth4-zstd-128-16,cold_block_sweep,tensorstore,0.1.85,,tensorstore,2026-09-24T22:34:41Z,2026-09-25T00:56:05Z,186,/mnt/main0/home/nclack/tmp/2026-09-24-damacy-cold-blocks/job-3822266/results/run-order.json,2,cpu-turin-gp-l-244-025,3822266,CPU,48,local block storage,/tmp/damacy-cold-blocks-3822266-WPKWj1/pilot-data/smooth4-zstd-c128-b16/volume/c/0/0/0,,,,synthetic,smooth4,740d0d35e921091ce2e4b15fcaa7c94ee42c2adc719b21808e09cb251a2dda22,uint16,"[512,4096,4096]",1,17179869184,"[1,256,256]",131072,uncompressed uint16 capacity,"[512,1024,1024]","[1,4,4]",1073741824,uncompressed uint16 capacity,16,zstd,3,bitshuffle,16384,[16384],never,full-scan,"[8,256,256]",ZYX,nonoverlapping tiles cover complete logical array; no edge padding for recorded shapes,full coverage; repeated identical passes,20262916,24c5fbbf13d9b91cd7083cd7f55229ee2eef4221274a0c30c81d26a308260ddc,16384,128,3,49152,32,16,,,2,benchmark/revision dependent; frozen settings and geometry in metadata,16,16,zero client file residency before every pass; within-pass reuse allowed,0,0,,"correctness checks, metadata/index preparation and cache control outside active reads",float32,host memory,"active planning, reads, decode, dtype conversion and assembly; preparation/cache control excluded",12.395933378487825,10.570576943457127,1.824437040835619,51539607552,103079215104,,,28130334828,,2097216,9378875492,1.8317621551383316,28136599552,28136599552,28136468480,process local block reads,,,,,,,9.081812706488188,returned float32 output,9.081812706488188,output_float32_active_gib_s,GiB/s,9.081812706488188,7.744475310475652,4.540906353244094,3.872237655237826,2.4789685941977306,2.113939268273964,,,1.0,28130334828,0.5459193388621012,4649.888105721952,1099816960,ru_maxrss for measurement process including setup and all repetitions; not a conversion peak,maximize compression and output throughput,undefined; no recorded scalar read winner rule,ok,,synthetic content; no training/viewer timing; observed ranges are not confidence intervals,d3bfbdc42e14b75c54c5c81b,,"same phase, machine, reader mode, input, trace, resources, storage and timing",fc6fd6b876a5cd57c3e3,d3b0b7986b8bd2b0b6af,,,,,,,,,,,,
/mnt/main0/home/nclack/tmp/2026-09-24-damacy-cold-blocks/job-3822266/results/smooth4-zstd-c128-b16/full-scan/cold/repeat-3/tensorstore/measurements.json,/measurements/0,f4011020fffb22316f147e3cd119c75911e62d49dcddd0d66f935b72ec472ec4,7702ee306c54939ce92188ca,cpu-chunk-blocks,smooth4-zstd-128-16,cold_block_sweep,tensorstore,0.1.85,,tensorstore,2026-09-24T22:34:41Z,2026-09-25T00:56:05Z,326,/mnt/main0/home/nclack/tmp/2026-09-24-damacy-cold-blocks/job-3822266/results/run-order.json,3,cpu-turin-gp-l-244-025,3822266,CPU,48,local block storage,/tmp/damacy-cold-blocks-3822266-WPKWj1/pilot-data/smooth4-zstd-c128-b16/volume/c/0/0/0,,,,synthetic,smooth4,740d0d35e921091ce2e4b15fcaa7c94ee42c2adc719b21808e09cb251a2dda22,uint16,"[512,4096,4096]",1,17179869184,"[1,256,256]",131072,uncompressed uint16 capacity,"[512,1024,1024]","[1,4,4]",1073741824,uncompressed uint16 capacity,16,zstd,3,bitshuffle,16384,[16384],never,full-scan,"[8,256,256]",ZYX,nonoverlapping tiles cover complete logical array; no edge padding for recorded shapes,full coverage; repeated identical passes,20262916,24c5fbbf13d9b91cd7083cd7f55229ee2eef4221274a0c30c81d26a308260ddc,16384,128,4,65536,32,16,,,2,benchmark/revision dependent; frozen settings and geometry in metadata,16,16,zero client file residency before every pass; within-pass reuse allowed,0,0,,"correctness checks, metadata/index preparation and cache control outside active reads",float32,host memory,"active planning, reads, decode, dtype conversion and assembly; preparation/cache control excluded",13.637373149394989,11.358828879892826,2.2775267902761698,68719476736,137438953472,,,37507113104,,2097216,9378875492,1.8317621551383316,37515116544,37515116544,37514854400,process local block reads,,,,,,,11.26876734859375,returned float32 output,11.26876734859375,output_float32_active_gib_s,GiB/s,11.26876734859375,9.385971814203721,5.634383674296875,4.6929859071018605,3.075883187920907,2.5619798288138678,,,1.0,37507113104,0.5459129810333252,5769.60888248,1085915136,ru_maxrss for measurement process including setup and all repetitions; not a conversion peak,maximize compression and output throughput,undefined; no recorded scalar read winner rule,ok,,synthetic content; no training/viewer timing; observed ranges are not confidence intervals,71da33ea6eccf53713e26e02,,"same phase, machine, reader mode, input, trace, resources, storage and timing",fc6fd6b876a5cd57c3e3,d3b0b7986b8bd2b0b6af,,,,,,,,,,,,
/mnt/main0/home/nclack/tmp/2026-09-24-damacy-cold-blocks/job-3822266/results/smooth4-zstd-c128-b16/random-1x256x256/cold/repeat-1/tensorstore/measurements.json,/measurements/0,688891724cfebaea27c0d7a60f195c7532a4f77b489174ba8a35957f6ddb07ab,5c78a3e26b63c32989d7dd3a,cpu-chunk-blocks,smooth4-zstd-128-16,cold_block_sweep,tensorstore,0.1.85,,tensorstore,2026-09-24T22:34:41Z,2026-09-25T00:56:05Z,97,/mnt/main0/home/nclack/tmp/2026-09-24-damacy-cold-blocks/job-3822266/results/run-order.json,1,cpu-turin-gp-l-244-025,3822266,CPU,48,local block storage,/tmp/damacy-cold-blocks-3822266-WPKWj1/pilot-data/smooth4-zstd-c128-b16/volume/c/0/0/0,,,,synthetic,smooth4,740d0d35e921091ce2e4b15fcaa7c94ee42c2adc719b21808e09cb251a2dda22,uint16,"[512,4096,4096]",1,17179869184,"[1,256,256]",131072,uncompressed uint16 capacity,"[512,1024,1024]","[1,4,4]",1073741824,uncompressed uint16 capacity,16,zstd,3,bitshuffle,16384,[16384],never,random-1x256x256,"[1,256,256]",ZYX,round-robin shard start regions; uniform valid XY start within each region; random Z plane,translated; repeated identical query list each pass; overlap allowed,20262916,24c5fbbf13d9b91cd7083cd7f55229ee2eef4221274a0c30c81d26a308260ddc,16384,128,8,131072,32,16,,,2,benchmark/revision dependent; frozen settings and geometry in metadata,16,16,zero client file residency before every pass; within-pass reuse allowed,0,0,,"correctness checks, metadata/index preparation and cache control outside active reads",float32,host memory,"active planning, reads, decode, dtype conversion and assembly; preparation/cache control excluded",14.562062595039606,11.332544891163707,3.2275540735572577,17179869184,34359738368,,,37164056656,,2097216,9378875492,1.8317621551383316,38863990784,38863990784,38852694016,process local block reads,,,,,,,2.8237258539298855,returned float32 output,2.8237258539298855,output_float32_active_gib_s,GiB/s,2.8237258539298855,2.1974908974021594,1.4118629269649428,1.0987454487010797,3.192962513648851,2.4855621736660076,,,3.97491455078125,37275322216,2.2615244388580322,11565.981097696811,387825664,ru_maxrss for measurement process including setup and all repetitions; not a conversion peak,maximize compression and output throughput,undefined; no recorded scalar read winner rule,ok,,synthetic content; no training/viewer timing; observed ranges are not confidence intervals,6f06ebdf7503c6c7fdae2b73,,"same phase, machine, reader mode, input, trace, resources, storage and timing",e1cc821d3cab1404ef84,02c8f633c439d597dec7,,,,,,,,,,,,
/mnt/main0/home/nclack/tmp/2026-09-24-damacy-cold-blocks/job-3822266/results/smooth4-zstd-c128-b16/random-1x256x256/cold/repeat-2/tensorstore/measurements.json,/measurements/0,d4475cfd9a8a7cfcb86ef4ec580df3a194d27517f64f3c983bca24288d1eae02,f39f4644befceeb03460e953,cpu-chunk-blocks,smooth4-zstd-128-16,cold_block_sweep,tensorstore,0.1.85,,tensorstore,2026-09-24T22:34:41Z,2026-09-25T00:56:05Z,183,/mnt/main0/home/nclack/tmp/2026-09-24-damacy-cold-blocks/job-3822266/results/run-order.json,2,cpu-turin-gp-l-244-025,3822266,CPU,48,local block storage,/tmp/damacy-cold-blocks-3822266-WPKWj1/pilot-data/smooth4-zstd-c128-b16/volume/c/0/0/0,,,,synthetic,smooth4,740d0d35e921091ce2e4b15fcaa7c94ee42c2adc719b21808e09cb251a2dda22,uint16,"[512,4096,4096]",1,17179869184,"[1,256,256]",131072,uncompressed uint16 capacity,"[512,1024,1024]","[1,4,4]",1073741824,uncompressed uint16 capacity,16,zstd,3,bitshuffle,16384,[16384],never,random-1x256x256,"[1,256,256]",ZYX,round-robin shard start regions; uniform valid XY start within each region; random Z plane,translated; repeated identical query list each pass; overlap allowed,20262916,24c5fbbf13d9b91cd7083cd7f55229ee2eef4221274a0c30c81d26a308260ddc,16384,128,7,114688,32,16,,,2,benchmark/revision dependent; frozen settings and geometry in metadata,16,16,zero client file residency before every pass; within-pass reuse allowed,0,0,,"correctness checks, metadata/index preparation and cache control outside active reads",float32,host memory,"active planning, reads, decode, dtype conversion and assembly; preparation/cache control excluded",13.171231474727392,10.257529698312283,2.9120004381984472,15032385536,30064771072,,,32520837782,,2097216,9378875492,1.8317621551383316,33904848896,33904848896,33895165952,process local block reads,,,,,,,2.7297020650700103,returned float32 output,2.7297020650700103,output_float32_active_gib_s,GiB/s,2.7297020650700103,2.1258452600826017,1.3648510325350052,1.0629226300413008,3.0774790958323486,2.397372730587823,,,3.97491455078125,32615906939,2.2548095158168246,11180.859658526762,418144256,ru_maxrss for measurement process including setup and all repetitions; not a conversion peak,maximize compression and output throughput,undefined; no recorded scalar read winner rule,ok,,synthetic content; no training/viewer timing; observed ranges are not confidence intervals,b7f8a600383991322049f3f1,,"same phase, machine, reader mode, input, trace, resources, storage and timing",e1cc821d3cab1404ef84,02c8f633c439d597dec7,,,,,,,,,,,,
/mnt/main0/home/nclack/tmp/2026-09-24-damacy-cold-blocks/job-3822266/results/smooth4-zstd-c128-b16/random-1x256x256/cold/repeat-3/tensorstore/measurements.json,/measurements/0,aedaa2bc45fc580acc3f56e1e9214e76eeb68cf24c482339283fc8d3a2aa33ff,d6bc9d41550613723124f774,cpu-chunk-blocks,smooth4-zstd-128-16,cold_block_sweep,tensorstore,0.1.85,,tensorstore,2026-09-24T22:34:41Z,2026-09-25T00:56:05Z,329,/mnt/main0/home/nclack/tmp/2026-09-24-damacy-cold-blocks/job-3822266/results/run-order.json,3,cpu-turin-gp-l-244-025,3822266,CPU,48,local block storage,/tmp/damacy-cold-blocks-3822266-WPKWj1/pilot-data/smooth4-zstd-c128-b16/volume/c/0/0/0,,,,synthetic,smooth4,740d0d35e921091ce2e4b15fcaa7c94ee42c2adc719b21808e09cb251a2dda22,uint16,"[512,4096,4096]",1,17179869184,"[1,256,256]",131072,uncompressed uint16 capacity,"[512,1024,1024]","[1,4,4]",1073741824,uncompressed uint16 capacity,16,zstd,3,bitshuffle,16384,[16384],never,random-1x256x256,"[1,256,256]",ZYX,round-robin shard start regions; uniform valid XY start within each region; random Z plane,translated; repeated identical query list each pass; overlap allowed,20262916,24c5fbbf13d9b91cd7083cd7f55229ee2eef4221274a0c30c81d26a308260ddc,16384,128,7,114688,32,16,,,2,benchmark/revision dependent; frozen settings and geometry in metadata,16,16,zero client file residency before every pass; within-pass reuse allowed,0,0,,"correctness checks, metadata/index preparation and cache control outside active reads",float32,host memory,"active planning, reads, decode, dtype conversion and assembly; preparation/cache control excluded",12.906517527997494,10.040915217250586,2.863921267911792,15032385536,30064771072,,,32520251019,,2097216,9378875492,1.8317621551383316,33920430080,33920430080,33910747136,process local block reads,,,,,,,2.7885904217072945,returned float32 output,2.7885904217072945,output_float32_active_gib_s,GiB/s,2.7885904217072945,2.169446555917267,1.3942952108536473,1.0847232779586335,3.1453153070723525,2.447667405684095,,,3.97491455078125,32615906939,2.2558460235595703,11422.066367313078,405319680,ru_maxrss for measurement process including setup and all repetitions; not a conversion peak,maximize compression and output throughput,undefined; no recorded scalar read winner rule,ok,,synthetic content; no training/viewer timing; observed ranges are not confidence intervals,9f4e33207403826dfbf7d51c,,"same phase, machine, reader mode, input, trace, resources, storage and timing",e1cc821d3cab1404ef84,02c8f633c439d597dec7,,,,,,,,,,,,
/mnt/main0/home/nclack/tmp/2026-09-24-damacy-cold-blocks/job-3822266/results/smooth4-zstd-c512-b16/full-scan/cold/repeat-1/tensorstore/measurements.json,/measurements/0,c2d43239cd02ebfcbc88cafa91e31306a211641c82610b55b097545fcc873f82,ad6b9f0b7162ad1158e702b4,cpu-chunk-blocks,smooth4-zstd-512-16,cold_block_sweep,tensorstore,0.1.85,,tensorstore,2026-09-24T22:34:41Z,2026-09-25T00:56:05Z,103,/mnt/main0/home/nclack/tmp/2026-09-24-damacy-cold-blocks/job-3822266/results/run-order.json,1,cpu-turin-gp-l-244-025,3822266,CPU,48,local block storage,/tmp/damacy-cold-blocks-3822266-WPKWj1/pilot-data/smooth4-zstd-c512-b16/volume/c/0/0/0,,,,synthetic,smooth4,740d0d35e921091ce2e4b15fcaa7c94ee42c2adc719b21808e09cb251a2dda22,uint16,"[512,4096,4096]",1,17179869184,"[1,512,512]",524288,uncompressed uint16 capacity,"[512,1024,1024]","[1,4,4]",1073741824,uncompressed uint16 capacity,16,zstd,3,bitshuffle,16384,[16384],never,full-scan,"[8,256,256]",ZYX,nonoverlapping tiles cover complete logical array; no edge padding for recorded shapes,full coverage; repeated identical passes,20262916,24c5fbbf13d9b91cd7083cd7f55229ee2eef4221274a0c30c81d26a308260ddc,16384,128,3,49152,32,16,,,2,benchmark/revision dependent; frozen settings and geometry in metadata,16,16,zero client file residency before every pass; within-pass reuse allowed,0,0,,"correctness checks, metadata/index preparation and cache control outside active reads",float32,host memory,"active planning, reads, decode, dtype conversion and assembly; preparation/cache control excluded",12.727092009037733,10.75891338288784,1.9674223996698856,51539607552,103079215104,,,28170646344,,524352,9390739800,1.8294478975980146,28172296192,28172296192,28172034048,process local block reads,,,,,,,8.922834173262233,returned float32 output,8.922834173262233,output_float32_active_gib_s,GiB/s,8.922834173262233,7.542964247593143,4.4614170866311165,3.7714821237965714,2.4386525244704447,2.0615467699716143,,,1.0,28170646344,0.5466094017028809,4568.491096710263,972214272,ru_maxrss for measurement process including setup and all repetitions; not a conversion peak,maximize compression and output throughput,undefined; no recorded scalar read winner rule,ok,,synthetic content; no training/viewer timing; observed ranges are not confidence intervals,004b9ea5379c699d6e99b59f,,"same phase, machine, reader mode, input, trace, resources, storage and timing",fc6fd6b876a5cd57c3e3,35d9bbc6086d56ebbcac,,,,,,,,,,,,
/mnt/main0/home/nclack/tmp/2026-09-24-damacy-cold-blocks/job-3822266/results/smooth4-zstd-c512-b16/full-scan/cold/repeat-2/tensorstore/measurements.json,/measurements/0,df1530afbb6ccc43a0fc4cfcd95435852c0da215fe2bea73e4218501331a30b8,ec9090b279eeeb1f43bf0d85,cpu-chunk-blocks,smooth4-zstd-512-16,cold_block_sweep,tensorstore,0.1.85,,tensorstore,2026-09-24T22:34:41Z,2026-09-25T00:56:05Z,216,/mnt/main0/home/nclack/tmp/2026-09-24-damacy-cold-blocks/job-3822266/results/run-order.json,2,cpu-turin-gp-l-244-025,3822266,CPU,48,local block storage,/tmp/damacy-cold-blocks-3822266-WPKWj1/pilot-data/smooth4-zstd-c512-b16/volume/c/0/0/0,,,,synthetic,smooth4,740d0d35e921091ce2e4b15fcaa7c94ee42c2adc719b21808e09cb251a2dda22,uint16,"[512,4096,4096]",1,17179869184,"[1,512,512]",524288,uncompressed uint16 capacity,"[512,1024,1024]","[1,4,4]",1073741824,uncompressed uint16 capacity,16,zstd,3,bitshuffle,16384,[16384],never,full-scan,"[8,256,256]",ZYX,nonoverlapping tiles cover complete logical array; no edge padding for recorded shapes,full coverage; repeated identical passes,20262916,24c5fbbf13d9b91cd7083cd7f55229ee2eef4221274a0c30c81d26a308260ddc,16384,128,4,65536,32,16,,,2,benchmark/revision dependent; frozen settings and geometry in metadata,16,16,zero client file residency before every pass; within-pass reuse allowed,0,0,,"correctness checks, metadata/index preparation and cache control outside active reads",float32,host memory,"active planning, reads, decode, dtype conversion and assembly; preparation/cache control excluded",14.159820720553398,11.93838588707149,2.2203606832772493,68719476736,137438953472,,,37560861792,,524352,9390739800,1.8294478975980146,37563006976,37563006976,37562974208,process local block reads,,,,,,,10.721717425687824,returned float32 output,10.721717425687824,output_float32_active_gib_s,GiB/s,10.721717425687824,9.039662473565377,5.360858712843912,4.5198312367826885,2.9303162236943603,2.4706016451471196,,,1.0,37560861792,0.5466132164001465,5489.519321952166,998518784,ru_maxrss for measurement process including setup and all repetitions; not a conversion peak,maximize compression and output throughput,undefined; no recorded scalar read winner rule,ok,,synthetic content; no training/viewer timing; observed ranges are not confidence intervals,b9db2f8ad1db6bc9dd85711e,,"same phase, machine, reader mode, input, trace, resources, storage and timing",fc6fd6b876a5cd57c3e3,35d9bbc6086d56ebbcac,,,,,,,,,,,,
/mnt/main0/home/nclack/tmp/2026-09-24-damacy-cold-blocks/job-3822266/results/smooth4-zstd-c512-b16/full-scan/cold/repeat-3/tensorstore/measurements.json,/measurements/0,3bdb2f3a2a8c6db8ac65ee0a78d53dae80d88eecb104289e9de561734fe78051,0a5ff9a6db877e307cfecef5,cpu-chunk-blocks,smooth4-zstd-512-16,cold_block_sweep,tensorstore,0.1.85,,tensorstore,2026-09-24T22:34:41Z,2026-09-25T00:56:05Z,338,/mnt/main0/home/nclack/tmp/2026-09-24-damacy-cold-blocks/job-3822266/results/run-order.json,3,cpu-turin-gp-l-244-025,3822266,CPU,48,local block storage,/tmp/damacy-cold-blocks-3822266-WPKWj1/pilot-data/smooth4-zstd-c512-b16/volume/c/0/0/0,,,,synthetic,smooth4,740d0d35e921091ce2e4b15fcaa7c94ee42c2adc719b21808e09cb251a2dda22,uint16,"[512,4096,4096]",1,17179869184,"[1,512,512]",524288,uncompressed uint16 capacity,"[512,1024,1024]","[1,4,4]",1073741824,uncompressed uint16 capacity,16,zstd,3,bitshuffle,16384,[16384],never,full-scan,"[8,256,256]",ZYX,nonoverlapping tiles cover complete logical array; no edge padding for recorded shapes,full coverage; repeated identical passes,20262916,24c5fbbf13d9b91cd7083cd7f55229ee2eef4221274a0c30c81d26a308260ddc,16384,128,4,65536,32,16,,,2,benchmark/revision dependent; frozen settings and geometry in metadata,16,16,zero client file residency before every pass; within-pass reuse allowed,0,0,,"correctness checks, metadata/index preparation and cache control outside active reads",float32,host memory,"active planning, reads, decode, dtype conversion and assembly; preparation/cache control excluded",14.289212200790644,12.048612421378493,2.2395976297557354,68719476736,137438953472,,,37560861792,,524352,9390739800,1.8294478975980146,37563072512,37563072512,37563072512,process local block reads,,,,,,,10.623629968616369,returned float32 output,10.623629968616369,output_float32_active_gib_s,GiB/s,10.623629968616369,8.957806644716044,5.311814984308184,4.478903322358022,2.9035158721074765,2.448234158102017,,,1.0,37560861792,0.5466146469116211,5439.298543931581,1025142784,ru_maxrss for measurement process including setup and all repetitions; not a conversion peak,maximize compression and output throughput,undefined; no recorded scalar read winner rule,ok,,synthetic content; no training/viewer timing; observed ranges are not confidence intervals,10b1bef4d90dae86fc12f6a9,,"same phase, machine, reader mode, input, trace, resources, storage and timing",fc6fd6b876a5cd57c3e3,35d9bbc6086d56ebbcac,,,,,,,,,,,,
/mnt/main0/home/nclack/tmp/2026-09-24-damacy-cold-blocks/job-3822266/results/smooth4-zstd-c512-b16/random-1x256x256/cold/repeat-1/tensorstore/measurements.json,/measurements/0,01a3b74029c0e79a7ab4f0e3d4857de5c102550a4b14446e513785155493e4db,0f255f18f5d66308fb251ab0,cpu-chunk-blocks,smooth4-zstd-512-16,cold_block_sweep,tensorstore,0.1.85,,tensorstore,2026-09-24T22:34:41Z,2026-09-25T00:56:05Z,106,/mnt/main0/home/nclack/tmp/2026-09-24-damacy-cold-blocks/job-3822266/results/run-order.json,1,cpu-turin-gp-l-244-025,3822266,CPU,48,local block storage,/tmp/damacy-cold-blocks-3822266-WPKWj1/pilot-data/smooth4-zstd-c512-b16/volume/c/0/0/0,,,,synthetic,smooth4,740d0d35e921091ce2e4b15fcaa7c94ee42c2adc719b21808e09cb251a2dda22,uint16,"[512,4096,4096]",1,17179869184,"[1,512,512]",524288,uncompressed uint16 capacity,"[512,1024,1024]","[1,4,4]",1073741824,uncompressed uint16 capacity,16,zstd,3,bitshuffle,16384,[16384],never,random-1x256x256,"[1,256,256]",ZYX,round-robin shard start regions; uniform valid XY start within each region; random Z plane,translated; repeated identical query list each pass; overlap allowed,20262916,24c5fbbf13d9b91cd7083cd7f55229ee2eef4221274a0c30c81d26a308260ddc,16384,128,8,131072,32,16,,,2,benchmark/revision dependent; frozen settings and geometry in metadata,16,16,zero client file residency before every pass; within-pass reuse allowed,0,0,,"correctness checks, metadata/index preparation and cache control outside active reads",float32,host memory,"active planning, reads, decode, dtype conversion and assembly; preparation/cache control excluded",14.763022752478719,10.29358671605587,4.467487722635269,17179869184,34359738368,,,78753222688,,524352,9390739800,1.8294478975980146,61642027008,61642027008,61639532544,process local block reads,,,,,,,3.108731765001465,returned float32 output,3.108731765001465,output_float32_active_gib_s,GiB/s,3.108731765001465,2.1675777743163867,1.5543658825007325,1.0837888871581933,5.576898483541281,3.8886759344707023,,,8.433349609375,79191541624,3.587893009185791,12733.365309446,628199424,ru_maxrss for measurement process including setup and all repetitions; not a conversion peak,maximize compression and output throughput,undefined; no recorded scalar read winner rule,ok,,synthetic content; no training/viewer timing; observed ranges are not confidence intervals,ebe82fc6b003a6a25afef356,,"same phase, machine, reader mode, input, trace, resources, storage and timing",e1cc821d3cab1404ef84,1c55fb472959a2215944,,,,,,,,,,,,
/mnt/main0/home/nclack/tmp/2026-09-24-damacy-cold-blocks/job-3822266/results/smooth4-zstd-c512-b16/random-1x256x256/cold/repeat-2/tensorstore/measurements.json,/measurements/0,50688b329deaa6325abcb1f7264b8b430b2f7435ee214f5709770843237f1d41,6103cf3b9d6b2d981d705ca5,cpu-chunk-blocks,smooth4-zstd-512-16,cold_block_sweep,tensorstore,0.1.85,,tensorstore,2026-09-24T22:34:41Z,2026-09-25T00:56:05Z,213,/mnt/main0/home/nclack/tmp/2026-09-24-damacy-cold-blocks/job-3822266/results/run-order.json,2,cpu-turin-gp-l-244-025,3822266,CPU,48,local block storage,/tmp/damacy-cold-blocks-3822266-WPKWj1/pilot-data/smooth4-zstd-c512-b16/volume/c/0/0/0,,,,synthetic,smooth4,740d0d35e921091ce2e4b15fcaa7c94ee42c2adc719b21808e09cb251a2dda22,uint16,"[512,4096,4096]",1,17179869184,"[1,512,512]",524288,uncompressed uint16 capacity,"[512,1024,1024]","[1,4,4]",1073741824,uncompressed uint16 capacity,16,zstd,3,bitshuffle,16384,[16384],never,random-1x256x256,"[1,256,256]",ZYX,round-robin shard start regions; uniform valid XY start within each region; random Z plane,translated; repeated identical query list each pass; overlap allowed,20262916,24c5fbbf13d9b91cd7083cd7f55229ee2eef4221274a0c30c81d26a308260ddc,16384,128,9,147456,32,16,,,2,benchmark/revision dependent; frozen settings and geometry in metadata,16,16,zero client file residency before every pass; within-pass reuse allowed,0,0,,"correctness checks, metadata/index preparation and cache control outside active reads",float32,host memory,"active planning, reads, decode, dtype conversion and assembly; preparation/cache control excluded",15.636030588299036,11.023071492090821,4.610797576606274,19327352832,38654705664,,,88590688109,,524352,9390739800,1.8294478975980146,69319745536,69319745536,69316894720,process local block reads,,,,,,,3.2658773941392294,returned float32 output,3.2658773941392294,output_float32_active_gib_s,GiB/s,3.2658773941392294,2.302374621020504,1.6329386970696147,1.151187310510252,5.85647919468729,4.128864005458587,,,8.433349609375,89090484327,3.5864660474989147,13377.033806394284,668499968,ru_maxrss for measurement process including setup and all repetitions; not a conversion peak,maximize compression and output throughput,undefined; no recorded scalar read winner rule,ok,,synthetic content; no training/viewer timing; observed ranges are not confidence intervals,450ab98468fd80f671bed5fd,,"same phase, machine, reader mode, input, trace, resources, storage and timing",e1cc821d3cab1404ef84,1c55fb472959a2215944,,,,,,,,,,,,
/mnt/main0/home/nclack/tmp/2026-09-24-damacy-cold-blocks/job-3822266/results/smooth4-zstd-c512-b16/random-1x256x256/cold/repeat-3/tensorstore/measurements.json,/measurements/0,db392b903f9c6d8419a9d141189061ab2b5878e15bdaee272ad149ec6b06c1fa,f7aebea6ef61dae85a6f3841,cpu-chunk-blocks,smooth4-zstd-512-16,cold_block_sweep,tensorstore,0.1.85,,tensorstore,2026-09-24T22:34:41Z,2026-09-25T00:56:05Z,341,/mnt/main0/home/nclack/tmp/2026-09-24-damacy-cold-blocks/job-3822266/results/run-order.json,3,cpu-turin-gp-l-244-025,3822266,CPU,48,local block storage,/tmp/damacy-cold-blocks-3822266-WPKWj1/pilot-data/smooth4-zstd-c512-b16/volume/c/0/0/0,,,,synthetic,smooth4,740d0d35e921091ce2e4b15fcaa7c94ee42c2adc719b21808e09cb251a2dda22,uint16,"[512,4096,4096]",1,17179869184,"[1,512,512]",524288,uncompressed uint16 capacity,"[512,1024,1024]","[1,4,4]",1073741824,uncompressed uint16 capacity,16,zstd,3,bitshuffle,16384,[16384],never,random-1x256x256,"[1,256,256]",ZYX,round-robin shard start regions; uniform valid XY start within each region; random Z plane,translated; repeated identical query list each pass; overlap allowed,20262916,24c5fbbf13d9b91cd7083cd7f55229ee2eef4221274a0c30c81d26a308260ddc,16384,128,9,147456,32,16,,,2,benchmark/revision dependent; frozen settings and geometry in metadata,16,16,zero client file residency before every pass; within-pass reuse allowed,0,0,,"correctness checks, metadata/index preparation and cache control outside active reads",float32,host memory,"active planning, reads, decode, dtype conversion and assembly; preparation/cache control excluded",16.027348823845387,11.149074362590909,4.8760930094867945,19327352832,38654705664,,,88600768147,,524352,9390739800,1.8294478975980146,69338488832,69338488832,69335638016,process local block reads,,,,,,,3.2289676101536053,returned float32 output,3.2289676101536053,output_float32_active_gib_s,GiB/s,3.2289676101536053,2.2461606342802893,1.6144838050768027,1.1230803171401447,5.791857046566671,4.029144223958509,,,8.433349609375,89090484327,3.587435828314887,13225.851331189167,624971776,ru_maxrss for measurement process including setup and all repetitions; not a conversion peak,maximize compression and output throughput,undefined; no recorded scalar read winner rule,ok,,synthetic content; no training/viewer timing; observed ranges are not confidence intervals,f13d90ba28f142ff760c3ecc,,"same phase, machine, reader mode, input, trace, resources, storage and timing",e1cc821d3cab1404ef84,1c55fb472959a2215944,,,,,,,,,,,,
