study_id,study_kind,archive_disposition,study_status,input_id,dataset_version,input_sha256,machine,hostname,backend,allocated_cpus,worker_threads,sink,storage_type,nconnect,codec,codec_level,shuffle,dtype,chunk_shape,raw_chunk_bytes,shard_shape,raw_shard_capacity_bytes,concurrent_shard_target,actual_layer_shards_geometry,blosc_block_requested_bytes,gpu_block_model_bytes,io_workers,output_buffers,requested_duration_s,requested_warmup_s,minimum_logical_gib,current_report_selected,data_issue,comparison_group_definition,source_file,summary_id,comparison_group,configuration_id,role,attempts,valid_observations,failure_records,excluded_records,run_ids,median_logical_gibs,min_logical_gibs,max_logical_gibs,logical_byte_sum,sink_write_byte_sum,summed_logical_fold,sink_write_bytes_per_logical_byte,sink_write_bytes_per_logical_gib,minimum_measurement_s,maximum_measurement_s,median_drain_fraction,minimum_logical_bytes,maximum_logical_bytes,cycles_have_partial_tails,proxy_frontier_eligible,strict_final_stored_size_winner,proxy_frontier,proxy_within_10pct,proxy_10pct_winner,proxy_size_penalty_percent,size_basis,tested_configurations_in_group,tested_chunk_bytes_in_group,compression_fold,compression_fold_limit,size_allowance_pass
reef-turin-microscopy-pareto-core-3710982,retained_study,partially_selected_in_current_report,complete,bbbc022-mito,1,1eff677d3f7d6785bdc8e65079613d6ba2c801a19f33503517a12b8df54affc7,reef-turin,cpu-turin-gp-l-243-179,cpu,40,32,fs,nfs,16,blosc-lz4,3,bit,u16,"[4,32,64]",16384,"[16384,128,256]",1073741824,16,15,4096,,32,4,3.0,2.0,32.0,true,,"{""allocated_cpus"":40,""arrival_bytes_per_s"":null,""backend"":""cpu"",""chunk_depth"":4,""completion_pause_ms"":null,""data_issue"":null,""dataset_version"":1,""dtype"":""u16"",""hostname"":""cpu-turin-gp-l-243-179"",""input_id"":""bbbc022-mito"",""input_sha256"":""1eff677d3f7d6785bdc8e65079613d6ba2c801a19f33503517a12b8df54affc7"",""io_workers"":32,""logical_spatial_shape"":[520,696],""memory_budget_bytes"":0,""minimum_logical_gib"":32.0,""nconnect"":16,""output_buffers"":4,""requested_duration_s"":3.0,""requested_warmup_s"":2.0,""sink"":""fs"",""source_order"":""cyclic"",""storage_type"":""nfs"",""study_id"":""reef-turin-microscopy-pareto-core-3710982"",""timing_policy"":""coverage-qualified-through-final-close-v2"",""worker_threads"":32}",/mnt/main0/home/nclack/tmp/2026-09-07-chucky-microscopy-pr/worktree/build-microscopy-unified-corrected-20260916/turin-3710982/core/study.json,e738488802a5acce7128,1c3b0561cd4734fecc81,e3091980e0d56c8e,sample,3,3,0,0,"[""reef-turin-microscopy-pareto-core-3710982/execution-0042"",""reef-turin-microscopy-pareto-core-3710982/execution-0063"",""reef-turin-microscopy-pareto-core-3710982/execution-0144""]",5.35961937105811,5.359358165268127,6.7036876413615385,103086397440,61224083456,1.6837556664132873,0.5939103992031017,637706435.3329066,4.773824557,5.971280145000001,0.023564054444277106,34362132480,34362132480,false,true,,false,false,false,12.204965503929479,measured_shard_write_bytes_per_logical_byte,14,"[16384,65536,262144]",1.6837556664132873,1.7175067860631699,False
reef-turin-microscopy-pareto-core-3710982,retained_study,partially_selected_in_current_report,complete,bbbc022-mito,1,1eff677d3f7d6785bdc8e65079613d6ba2c801a19f33503517a12b8df54affc7,reef-turin,cpu-turin-gp-l-243-179,cpu,40,32,fs,nfs,16,blosc-lz4,3,bit,u16,"[4,32,64]",16384,"[16384,128,256]",1073741824,16,15,16384,,32,4,3.0,2.0,32.0,true,,"{""allocated_cpus"":40,""arrival_bytes_per_s"":null,""backend"":""cpu"",""chunk_depth"":4,""completion_pause_ms"":null,""data_issue"":null,""dataset_version"":1,""dtype"":""u16"",""hostname"":""cpu-turin-gp-l-243-179"",""input_id"":""bbbc022-mito"",""input_sha256"":""1eff677d3f7d6785bdc8e65079613d6ba2c801a19f33503517a12b8df54affc7"",""io_workers"":32,""logical_spatial_shape"":[520,696],""memory_budget_bytes"":0,""minimum_logical_gib"":32.0,""nconnect"":16,""output_buffers"":4,""requested_duration_s"":3.0,""requested_warmup_s"":2.0,""sink"":""fs"",""source_order"":""cyclic"",""storage_type"":""nfs"",""study_id"":""reef-turin-microscopy-pareto-core-3710982"",""timing_policy"":""coverage-qualified-through-final-close-v2"",""worker_threads"":32}",/mnt/main0/home/nclack/tmp/2026-09-07-chucky-microscopy-pr/worktree/build-microscopy-unified-corrected-20260916/turin-3710982/core/study.json,99e3598d8c8d96d71f3e,1c3b0561cd4734fecc81,5477a774266663a4,sample,3,3,0,0,"[""reef-turin-microscopy-pareto-core-3710982/execution-0026"",""reef-turin-microscopy-pareto-core-3710982/execution-0071"",""reef-turin-microscopy-pareto-core-3710982/execution-0111""]",5.924794309195655,5.19779619836519,6.021102376436177,103086397440,61224079360,1.6837557790595417,0.5939103594694404,637706392.6692126,5.315011679,6.156884007,0.02821139196426638,34362132480,34362132480,false,true,,true,false,false,12.204957997217859,measured_shard_write_bytes_per_logical_byte,14,"[16384,65536,262144]",1.6837557790595417,1.7175067860631699,False
reef-turin-microscopy-pareto-core-3710982,retained_study,partially_selected_in_current_report,complete,bbbc022-mito,1,1eff677d3f7d6785bdc8e65079613d6ba2c801a19f33503517a12b8df54affc7,reef-turin,cpu-turin-gp-l-243-179,cpu,40,32,fs,nfs,16,blosc-lz4,3,bit,u16,"[4,64,128]",65536,"[16384,128,256]",1073741824,16,15,16384,,32,4,3.0,2.0,32.0,true,,"{""allocated_cpus"":40,""arrival_bytes_per_s"":null,""backend"":""cpu"",""chunk_depth"":4,""completion_pause_ms"":null,""data_issue"":null,""dataset_version"":1,""dtype"":""u16"",""hostname"":""cpu-turin-gp-l-243-179"",""input_id"":""bbbc022-mito"",""input_sha256"":""1eff677d3f7d6785bdc8e65079613d6ba2c801a19f33503517a12b8df54affc7"",""io_workers"":32,""logical_spatial_shape"":[520,696],""memory_budget_bytes"":0,""minimum_logical_gib"":32.0,""nconnect"":16,""output_buffers"":4,""requested_duration_s"":3.0,""requested_warmup_s"":2.0,""sink"":""fs"",""source_order"":""cyclic"",""storage_type"":""nfs"",""study_id"":""reef-turin-microscopy-pareto-core-3710982"",""timing_policy"":""coverage-qualified-through-final-close-v2"",""worker_threads"":32}",/mnt/main0/home/nclack/tmp/2026-09-07-chucky-microscopy-pr/worktree/build-microscopy-unified-corrected-20260916/turin-3710982/core/study.json,e6efd7366b3270f4578e,1c3b0561cd4734fecc81,c2335c669519104a,sample,3,3,0,0,"[""reef-turin-microscopy-pareto-core-3710982/execution-0048"",""reef-turin-microscopy-pareto-core-3710982/execution-0075"",""reef-turin-microscopy-pareto-core-3710982/execution-0117""]",5.209585129036242,4.566530860601193,6.4760696249002105,103082054400,62286069760,1.6549776667109457,0.6042377610976291,648795355.7306445,4.941404687,7.007700552,0.01685940019235365,34360684800,34360684800,true,true,,false,false,false,14.156070058887378,measured_shard_write_bytes_per_logical_byte,14,"[16384,65536,262144]",1.6549776667109457,1.7175067860631699,False
reef-turin-microscopy-pareto-core-3710982,retained_study,partially_selected_in_current_report,complete,bbbc022-mito,1,1eff677d3f7d6785bdc8e65079613d6ba2c801a19f33503517a12b8df54affc7,reef-turin,cpu-turin-gp-l-243-179,cpu,40,32,fs,nfs,16,blosc-lz4,3,bit,u16,"[4,64,128]",65536,"[16384,128,256]",1073741824,16,15,65536,,32,4,3.0,2.0,32.0,true,,"{""allocated_cpus"":40,""arrival_bytes_per_s"":null,""backend"":""cpu"",""chunk_depth"":4,""completion_pause_ms"":null,""data_issue"":null,""dataset_version"":1,""dtype"":""u16"",""hostname"":""cpu-turin-gp-l-243-179"",""input_id"":""bbbc022-mito"",""input_sha256"":""1eff677d3f7d6785bdc8e65079613d6ba2c801a19f33503517a12b8df54affc7"",""io_workers"":32,""logical_spatial_shape"":[520,696],""memory_budget_bytes"":0,""minimum_logical_gib"":32.0,""nconnect"":16,""output_buffers"":4,""requested_duration_s"":3.0,""requested_warmup_s"":2.0,""sink"":""fs"",""source_order"":""cyclic"",""storage_type"":""nfs"",""study_id"":""reef-turin-microscopy-pareto-core-3710982"",""timing_policy"":""coverage-qualified-through-final-close-v2"",""worker_threads"":32}",/mnt/main0/home/nclack/tmp/2026-09-07-chucky-microscopy-pr/worktree/build-microscopy-unified-corrected-20260916/turin-3710982/core/study.json,9521fa62464f68d4f2df,1c3b0561cd4734fecc81,37df3fdae2c6f550,sample,3,3,0,0,"[""reef-turin-microscopy-pareto-core-3710982/execution-0046"",""reef-turin-microscopy-pareto-core-3710982/execution-0085"",""reef-turin-microscopy-pareto-core-3710982/execution-0148""]",5.581637821485618,5.575247621574603,6.031755039572293,103082054400,62278328320,1.6551833869133628,0.6041626613138203,648714717.9517957,5.305401209,5.739813324000001,0.010394687532872801,34360684800,34360684800,true,true,,false,false,false,14.141881776171807,measured_shard_write_bytes_per_logical_byte,14,"[16384,65536,262144]",1.6551833869133628,1.7175067860631699,False
reef-turin-microscopy-pareto-core-3710982,retained_study,partially_selected_in_current_report,complete,bbbc022-mito,1,1eff677d3f7d6785bdc8e65079613d6ba2c801a19f33503517a12b8df54affc7,reef-turin,cpu-turin-gp-l-243-179,cpu,40,32,fs,nfs,16,blosc-lz4,3,bit,u16,"[4,128,256]",262144,"[16384,128,256]",1073741824,16,15,16384,,32,4,3.0,2.0,32.0,true,,"{""allocated_cpus"":40,""arrival_bytes_per_s"":null,""backend"":""cpu"",""chunk_depth"":4,""completion_pause_ms"":null,""data_issue"":null,""dataset_version"":1,""dtype"":""u16"",""hostname"":""cpu-turin-gp-l-243-179"",""input_id"":""bbbc022-mito"",""input_sha256"":""1eff677d3f7d6785bdc8e65079613d6ba2c801a19f33503517a12b8df54affc7"",""io_workers"":32,""logical_spatial_shape"":[520,696],""memory_budget_bytes"":0,""minimum_logical_gib"":32.0,""nconnect"":16,""output_buffers"":4,""requested_duration_s"":3.0,""requested_warmup_s"":2.0,""sink"":""fs"",""source_order"":""cyclic"",""storage_type"":""nfs"",""study_id"":""reef-turin-microscopy-pareto-core-3710982"",""timing_policy"":""coverage-qualified-through-final-close-v2"",""worker_threads"":32}",/mnt/main0/home/nclack/tmp/2026-09-07-chucky-microscopy-pr/worktree/build-microscopy-unified-corrected-20260916/turin-3710982/core/study.json,7a039dc4943892667a07,1c3b0561cd4734fecc81,8f814487e9fda8be,sample,3,3,0,0,"[""reef-turin-microscopy-pareto-core-3710982/execution-0008"",""reef-turin-microscopy-pareto-core-3710982/execution-0061"",""reef-turin-microscopy-pareto-core-3710982/execution-0149""]",6.384152313770773,4.941781703604059,6.685365900450328,103082054400,63891656704,1.6133883470507417,0.6198135754655661,665519759.0603586,4.7867058160000004,6.475575855000001,0.012429690121652598,34360684800,34360684800,true,true,,true,false,false,17.09874241518053,measured_shard_write_bytes_per_logical_byte,14,"[16384,65536,262144]",1.6133883470507417,1.7175067860631699,False
reef-turin-microscopy-pareto-core-3710982,retained_study,partially_selected_in_current_report,complete,bbbc022-mito,1,1eff677d3f7d6785bdc8e65079613d6ba2c801a19f33503517a12b8df54affc7,reef-turin,cpu-turin-gp-l-243-179,cpu,40,32,fs,nfs,16,blosc-lz4,3,bit,u16,"[4,128,256]",262144,"[16384,128,256]",1073741824,16,15,65536,,32,4,3.0,2.0,32.0,true,,"{""allocated_cpus"":40,""arrival_bytes_per_s"":null,""backend"":""cpu"",""chunk_depth"":4,""completion_pause_ms"":null,""data_issue"":null,""dataset_version"":1,""dtype"":""u16"",""hostname"":""cpu-turin-gp-l-243-179"",""input_id"":""bbbc022-mito"",""input_sha256"":""1eff677d3f7d6785bdc8e65079613d6ba2c801a19f33503517a12b8df54affc7"",""io_workers"":32,""logical_spatial_shape"":[520,696],""memory_budget_bytes"":0,""minimum_logical_gib"":32.0,""nconnect"":16,""output_buffers"":4,""requested_duration_s"":3.0,""requested_warmup_s"":2.0,""sink"":""fs"",""source_order"":""cyclic"",""storage_type"":""nfs"",""study_id"":""reef-turin-microscopy-pareto-core-3710982"",""timing_policy"":""coverage-qualified-through-final-close-v2"",""worker_threads"":32}",/mnt/main0/home/nclack/tmp/2026-09-07-chucky-microscopy-pr/worktree/build-microscopy-unified-corrected-20260916/turin-3710982/core/study.json,d7a1ef0da526cf5419b1,1c3b0561cd4734fecc81,8533403b20b68a26,sample,3,3,0,0,"[""reef-turin-microscopy-pareto-core-3710982/execution-0005"",""reef-turin-microscopy-pareto-core-3710982/execution-0057"",""reef-turin-microscopy-pareto-core-3710982/execution-0132""]",5.1961122499143535,5.069292069516233,5.903275560762967,103082054400,63603073024,1.620708709484886,0.6170140224135852,662513761.8599398,5.420868824,6.312691946,0.01284128896309187,34360684800,34360684800,true,true,,false,false,false,16.56983476506118,measured_shard_write_bytes_per_logical_byte,14,"[16384,65536,262144]",1.620708709484886,1.7175067860631699,False
reef-turin-microscopy-pareto-core-3710982,retained_study,partially_selected_in_current_report,complete,bbbc022-mito,1,1eff677d3f7d6785bdc8e65079613d6ba2c801a19f33503517a12b8df54affc7,reef-turin,cpu-turin-gp-l-243-179,cpu,40,32,fs,nfs,16,blosc-zstd,3,bit,u16,"[4,32,64]",16384,"[16384,128,256]",1073741824,16,15,16384,,32,4,3.0,2.0,32.0,true,,"{""allocated_cpus"":40,""arrival_bytes_per_s"":null,""backend"":""cpu"",""chunk_depth"":4,""completion_pause_ms"":null,""data_issue"":null,""dataset_version"":1,""dtype"":""u16"",""hostname"":""cpu-turin-gp-l-243-179"",""input_id"":""bbbc022-mito"",""input_sha256"":""1eff677d3f7d6785bdc8e65079613d6ba2c801a19f33503517a12b8df54affc7"",""io_workers"":32,""logical_spatial_shape"":[520,696],""memory_budget_bytes"":0,""minimum_logical_gib"":32.0,""nconnect"":16,""output_buffers"":4,""requested_duration_s"":3.0,""requested_warmup_s"":2.0,""sink"":""fs"",""source_order"":""cyclic"",""storage_type"":""nfs"",""study_id"":""reef-turin-microscopy-pareto-core-3710982"",""timing_policy"":""coverage-qualified-through-final-close-v2"",""worker_threads"":32}",/mnt/main0/home/nclack/tmp/2026-09-07-chucky-microscopy-pr/worktree/build-microscopy-unified-corrected-20260916/turin-3710982/core/study.json,a4c3765daf1352dbc4b8,1c3b0561cd4734fecc81,8d9626095a2f1ecf,sample,3,3,0,0,"[""reef-turin-microscopy-pareto-core-3710982/execution-0027"",""reef-turin-microscopy-pareto-core-3710982/execution-0088"",""reef-turin-microscopy-pareto-core-3710982/execution-0142""]",4.687599404553426,4.65252665765061,5.044659273406778,103086397440,54774161408,1.8820260281509995,0.5313422795658422,570524428.4293454,6.343784262000001,6.878462368000001,0.011604418215812502,34362132480,34362132480,false,true,,false,true,false,0.38423679642687875,measured_shard_write_bytes_per_logical_byte,14,"[16384,65536,262144]",1.8820260281509995,1.7175067860631699,True
reef-turin-microscopy-pareto-core-3710982,retained_study,partially_selected_in_current_report,complete,bbbc022-mito,1,1eff677d3f7d6785bdc8e65079613d6ba2c801a19f33503517a12b8df54affc7,reef-turin,cpu-turin-gp-l-243-179,cpu,40,32,fs,nfs,16,blosc-zstd,3,bit,u16,"[4,64,128]",65536,"[16384,128,256]",1073741824,16,15,65536,,32,4,3.0,2.0,32.0,true,,"{""allocated_cpus"":40,""arrival_bytes_per_s"":null,""backend"":""cpu"",""chunk_depth"":4,""completion_pause_ms"":null,""data_issue"":null,""dataset_version"":1,""dtype"":""u16"",""hostname"":""cpu-turin-gp-l-243-179"",""input_id"":""bbbc022-mito"",""input_sha256"":""1eff677d3f7d6785bdc8e65079613d6ba2c801a19f33503517a12b8df54affc7"",""io_workers"":32,""logical_spatial_shape"":[520,696],""memory_budget_bytes"":0,""minimum_logical_gib"":32.0,""nconnect"":16,""output_buffers"":4,""requested_duration_s"":3.0,""requested_warmup_s"":2.0,""sink"":""fs"",""source_order"":""cyclic"",""storage_type"":""nfs"",""study_id"":""reef-turin-microscopy-pareto-core-3710982"",""timing_policy"":""coverage-qualified-through-final-close-v2"",""worker_threads"":32}",/mnt/main0/home/nclack/tmp/2026-09-07-chucky-microscopy-pr/worktree/build-microscopy-unified-corrected-20260916/turin-3710982/core/study.json,afbbe6ca18aa45e79689,1c3b0561cd4734fecc81,b84b5c213874fbb8,sample,3,3,0,0,"[""reef-turin-microscopy-pareto-core-3710982/execution-0036"",""reef-turin-microscopy-pareto-core-3710982/execution-0059"",""reef-turin-microscopy-pareto-core-3710982/execution-0139""]",5.215286599366573,4.460477827217275,5.245388615619332,103082054400,54602940416,1.8878480465457577,0.5297036495229183,568764962.818195,6.100764879000001,7.174316797,0.013238405118349422,34360684800,34360684800,true,true,,true,true,true,0.07465739238431539,measured_shard_write_bytes_per_logical_byte,14,"[16384,65536,262144]",1.8878480465457577,1.7175067860631699,True
reef-turin-microscopy-pareto-core-3710982,retained_study,partially_selected_in_current_report,complete,bbbc022-mito,1,1eff677d3f7d6785bdc8e65079613d6ba2c801a19f33503517a12b8df54affc7,reef-turin,cpu-turin-gp-l-243-179,cpu,40,32,fs,nfs,16,blosc-zstd,3,bit,u16,"[4,128,256]",262144,"[16384,128,256]",1073741824,16,15,65536,,32,4,3.0,2.0,32.0,true,,"{""allocated_cpus"":40,""arrival_bytes_per_s"":null,""backend"":""cpu"",""chunk_depth"":4,""completion_pause_ms"":null,""data_issue"":null,""dataset_version"":1,""dtype"":""u16"",""hostname"":""cpu-turin-gp-l-243-179"",""input_id"":""bbbc022-mito"",""input_sha256"":""1eff677d3f7d6785bdc8e65079613d6ba2c801a19f33503517a12b8df54affc7"",""io_workers"":32,""logical_spatial_shape"":[520,696],""memory_budget_bytes"":0,""minimum_logical_gib"":32.0,""nconnect"":16,""output_buffers"":4,""requested_duration_s"":3.0,""requested_warmup_s"":2.0,""sink"":""fs"",""source_order"":""cyclic"",""storage_type"":""nfs"",""study_id"":""reef-turin-microscopy-pareto-core-3710982"",""timing_policy"":""coverage-qualified-through-final-close-v2"",""worker_threads"":32}",/mnt/main0/home/nclack/tmp/2026-09-07-chucky-microscopy-pr/worktree/build-microscopy-unified-corrected-20260916/turin-3710982/core/study.json,8d2ee38a4d45662cef02,1c3b0561cd4734fecc81,f38913939de66e66,sample,3,3,0,0,"[""reef-turin-microscopy-pareto-core-3710982/execution-0010"",""reef-turin-microscopy-pareto-core-3710982/execution-0056"",""reef-turin-microscopy-pareto-core-3710982/execution-0154""]",4.38091296335647,4.2651783625853135,4.553525882164453,103082054400,54975459328,1.8750558096291965,0.5333174590668616,572645261.2694973,7.027714899000001,7.502823641000001,0.004599733123009832,34360684800,34360684800,true,true,,false,true,false,0.7573990580631823,measured_shard_write_bytes_per_logical_byte,14,"[16384,65536,262144]",1.8750558096291965,1.7175067860631699,True
reef-turin-microscopy-pareto-core-3710982,retained_study,partially_selected_in_current_report,complete,bbbc022-mito,1,1eff677d3f7d6785bdc8e65079613d6ba2c801a19f33503517a12b8df54affc7,reef-turin,cpu-turin-gp-l-243-179,cpu,40,32,fs,nfs,16,blosc-zstd,3,bit,u16,"[4,128,256]",262144,"[16384,128,256]",1073741824,16,15,262144,,32,4,3.0,2.0,32.0,true,,"{""allocated_cpus"":40,""arrival_bytes_per_s"":null,""backend"":""cpu"",""chunk_depth"":4,""completion_pause_ms"":null,""data_issue"":null,""dataset_version"":1,""dtype"":""u16"",""hostname"":""cpu-turin-gp-l-243-179"",""input_id"":""bbbc022-mito"",""input_sha256"":""1eff677d3f7d6785bdc8e65079613d6ba2c801a19f33503517a12b8df54affc7"",""io_workers"":32,""logical_spatial_shape"":[520,696],""memory_budget_bytes"":0,""minimum_logical_gib"":32.0,""nconnect"":16,""output_buffers"":4,""requested_duration_s"":3.0,""requested_warmup_s"":2.0,""sink"":""fs"",""source_order"":""cyclic"",""storage_type"":""nfs"",""study_id"":""reef-turin-microscopy-pareto-core-3710982"",""timing_policy"":""coverage-qualified-through-final-close-v2"",""worker_threads"":32}",/mnt/main0/home/nclack/tmp/2026-09-07-chucky-microscopy-pr/worktree/build-microscopy-unified-corrected-20260916/turin-3710982/core/study.json,b9340dd03e15f0699ead,1c3b0561cd4734fecc81,f14e3b2aac2e55b5,sample,3,3,0,0,"[""reef-turin-microscopy-pareto-core-3710982/execution-0038"",""reef-turin-microscopy-pareto-core-3710982/execution-0065"",""reef-turin-microscopy-pareto-core-3710982/execution-0128""]",4.342556429168754,4.043204211278329,4.400820402157485,103082054400,54562205696,1.8892574646694869,0.5293084816128771,568340654.5056812,7.271571512,7.914732886,0.011043006022492377,34360684800,34360684800,true,true,,true,true,false,0.0,measured_shard_write_bytes_per_logical_byte,14,"[16384,65536,262144]",1.8892574646694869,1.7175067860631699,True
reef-turin-microscopy-pareto-core-3710982,retained_study,partially_selected_in_current_report,complete,bbbc022-mito,1,1eff677d3f7d6785bdc8e65079613d6ba2c801a19f33503517a12b8df54affc7,reef-turin,cpu-turin-gp-l-243-179,cpu,40,32,fs,nfs,16,lz4,1,none,u16,"[4,64,128]",65536,"[16384,128,256]",1073741824,16,15,,,32,4,3.0,2.0,32.0,true,,"{""allocated_cpus"":40,""arrival_bytes_per_s"":null,""backend"":""cpu"",""chunk_depth"":4,""completion_pause_ms"":null,""data_issue"":null,""dataset_version"":1,""dtype"":""u16"",""hostname"":""cpu-turin-gp-l-243-179"",""input_id"":""bbbc022-mito"",""input_sha256"":""1eff677d3f7d6785bdc8e65079613d6ba2c801a19f33503517a12b8df54affc7"",""io_workers"":32,""logical_spatial_shape"":[520,696],""memory_budget_bytes"":0,""minimum_logical_gib"":32.0,""nconnect"":16,""output_buffers"":4,""requested_duration_s"":3.0,""requested_warmup_s"":2.0,""sink"":""fs"",""source_order"":""cyclic"",""storage_type"":""nfs"",""study_id"":""reef-turin-microscopy-pareto-core-3710982"",""timing_policy"":""coverage-qualified-through-final-close-v2"",""worker_threads"":32}",/mnt/main0/home/nclack/tmp/2026-09-07-chucky-microscopy-pr/worktree/build-microscopy-unified-corrected-20260916/turin-3710982/core/study.json,920331ed1f4f9feeda17,1c3b0561cd4734fecc81,af4320268d963541,sample,3,3,0,0,"[""reef-turin-microscopy-pareto-core-3710982/execution-0030"",""reef-turin-microscopy-pareto-core-3710982/execution-0093"",""reef-turin-microscopy-pareto-core-3710982/execution-0130""]",2.818631752987951,2.649830414707142,2.836845089556288,103082054400,87139328000,1.1829567287918492,0.8453394580385856,907676331.5735223,11.280446779000002,12.076577536,0.0091333626328485,34360684800,34360684800,true,true,,false,false,false,59.70638812790564,measured_shard_write_bytes_per_logical_byte,14,"[16384,65536,262144]",1.1829567287918492,1.7175067860631699,False
reef-turin-microscopy-pareto-core-3710982,retained_study,partially_selected_in_current_report,complete,bbbc022-mito,1,1eff677d3f7d6785bdc8e65079613d6ba2c801a19f33503517a12b8df54affc7,reef-turin,cpu-turin-gp-l-243-179,cpu,40,32,fs,nfs,16,none,0,none,u16,"[4,32,64]",16384,"[16384,128,256]",1073741824,16,15,,,32,4,3.0,2.0,32.0,true,,"{""allocated_cpus"":40,""arrival_bytes_per_s"":null,""backend"":""cpu"",""chunk_depth"":4,""completion_pause_ms"":null,""data_issue"":null,""dataset_version"":1,""dtype"":""u16"",""hostname"":""cpu-turin-gp-l-243-179"",""input_id"":""bbbc022-mito"",""input_sha256"":""1eff677d3f7d6785bdc8e65079613d6ba2c801a19f33503517a12b8df54affc7"",""io_workers"":32,""logical_spatial_shape"":[520,696],""memory_budget_bytes"":0,""minimum_logical_gib"":32.0,""nconnect"":16,""output_buffers"":4,""requested_duration_s"":3.0,""requested_warmup_s"":2.0,""sink"":""fs"",""source_order"":""cyclic"",""storage_type"":""nfs"",""study_id"":""reef-turin-microscopy-pareto-core-3710982"",""timing_policy"":""coverage-qualified-through-final-close-v2"",""worker_threads"":32}",/mnt/main0/home/nclack/tmp/2026-09-07-chucky-microscopy-pr/worktree/build-microscopy-unified-corrected-20260916/turin-3710982/core/study.json,2f864ada2bd41a866e3c,1c3b0561cd4734fecc81,a7deef5fc28e1566,sample,3,3,0,0,"[""reef-turin-microscopy-pareto-core-3710982/execution-0021"",""reef-turin-microscopy-pareto-core-3710982/execution-0082"",""reef-turin-microscopy-pareto-core-3710982/execution-0109""]",2.9679485343084457,2.958056369138143,3.098726365737422,103086397440,109273300992,0.9433813795699926,1.0600166821776946,1138184245.791906,10.327543093000001,10.818668267000001,0.016542084062161365,34362132480,34362132480,false,true,,false,false,false,100.26444294783929,measured_shard_write_bytes_per_logical_byte,14,"[16384,65536,262144]",0.9433813795699926,1.7175067860631699,False
reef-turin-microscopy-pareto-core-3710982,retained_study,partially_selected_in_current_report,complete,bbbc022-mito,1,1eff677d3f7d6785bdc8e65079613d6ba2c801a19f33503517a12b8df54affc7,reef-turin,cpu-turin-gp-l-243-179,cpu,40,32,fs,nfs,16,none,0,none,u16,"[4,64,128]",65536,"[16384,128,256]",1073741824,16,15,,,32,4,3.0,2.0,32.0,true,,"{""allocated_cpus"":40,""arrival_bytes_per_s"":null,""backend"":""cpu"",""chunk_depth"":4,""completion_pause_ms"":null,""data_issue"":null,""dataset_version"":1,""dtype"":""u16"",""hostname"":""cpu-turin-gp-l-243-179"",""input_id"":""bbbc022-mito"",""input_sha256"":""1eff677d3f7d6785bdc8e65079613d6ba2c801a19f33503517a12b8df54affc7"",""io_workers"":32,""logical_spatial_shape"":[520,696],""memory_budget_bytes"":0,""minimum_logical_gib"":32.0,""nconnect"":16,""output_buffers"":4,""requested_duration_s"":3.0,""requested_warmup_s"":2.0,""sink"":""fs"",""source_order"":""cyclic"",""storage_type"":""nfs"",""study_id"":""reef-turin-microscopy-pareto-core-3710982"",""timing_policy"":""coverage-qualified-through-final-close-v2"",""worker_threads"":32}",/mnt/main0/home/nclack/tmp/2026-09-07-chucky-microscopy-pr/worktree/build-microscopy-unified-corrected-20260916/turin-3710982/core/study.json,ddef292151d7c165f769,1c3b0561cd4734fecc81,8d73b93a95337f24,sample,3,3,0,0,"[""reef-turin-microscopy-pareto-core-3710982/execution-0018"",""reef-turin-microscopy-pareto-core-3710982/execution-0098"",""reef-turin-microscopy-pareto-core-3710982/execution-0126""]",3.1566022482359837,2.409984405392414,4.433921677013592,103082054400,126048485376,0.8177968508904203,1.222797567526943,1312968890.5391428,7.21728603,13.278459588,0.011402784739016365,34360684800,34360684800,true,true,,false,false,false,131.0179432229968,measured_shard_write_bytes_per_logical_byte,14,"[16384,65536,262144]",0.8177968508904203,1.7175067860631699,False
reef-turin-microscopy-pareto-core-3710982,retained_study,partially_selected_in_current_report,complete,bbbc022-mito,1,1eff677d3f7d6785bdc8e65079613d6ba2c801a19f33503517a12b8df54affc7,reef-turin,cpu-turin-gp-l-243-179,cpu,40,32,fs,nfs,16,zstd,3,none,u16,"[4,64,128]",65536,"[16384,128,256]",1073741824,16,15,,,32,4,3.0,2.0,32.0,true,,"{""allocated_cpus"":40,""arrival_bytes_per_s"":null,""backend"":""cpu"",""chunk_depth"":4,""completion_pause_ms"":null,""data_issue"":null,""dataset_version"":1,""dtype"":""u16"",""hostname"":""cpu-turin-gp-l-243-179"",""input_id"":""bbbc022-mito"",""input_sha256"":""1eff677d3f7d6785bdc8e65079613d6ba2c801a19f33503517a12b8df54affc7"",""io_workers"":32,""logical_spatial_shape"":[520,696],""memory_budget_bytes"":0,""minimum_logical_gib"":32.0,""nconnect"":16,""output_buffers"":4,""requested_duration_s"":3.0,""requested_warmup_s"":2.0,""sink"":""fs"",""source_order"":""cyclic"",""storage_type"":""nfs"",""study_id"":""reef-turin-microscopy-pareto-core-3710982"",""timing_policy"":""coverage-qualified-through-final-close-v2"",""worker_threads"":32}",/mnt/main0/home/nclack/tmp/2026-09-07-chucky-microscopy-pr/worktree/build-microscopy-unified-corrected-20260916/turin-3710982/core/study.json,946d09eb0f8f08676e35,1c3b0561cd4734fecc81,7bfca38211ecf304,sample,3,3,0,0,"[""reef-turin-microscopy-pareto-core-3710982/execution-0016"",""reef-turin-microscopy-pareto-core-3710982/execution-0103"",""reef-turin-microscopy-pareto-core-3710982/execution-0107""]",3.7212025925841257,3.53206081339829,3.8067755192194728,103082054400,64753737728,1.5919089463684588,0.6281766317610371,674499522.3812723,8.406295856000002,9.06011621,0.009043563691773001,34360684800,34360684800,true,true,,false,false,false,18.678739068547497,measured_shard_write_bytes_per_logical_byte,14,"[16384,65536,262144]",1.5919089463684588,1.7175067860631699,False
reef-l40-final-confirmation-3704091,retained_study,partially_selected_in_current_report,complete,bbbc022-mito,1,1eff677d3f7d6785bdc8e65079613d6ba2c801a19f33503517a12b8df54affc7,reef-l40,cw-us-e4a2-l40-202-189,gpu,8,4,fs,nfs,16,blosc-lz4,3,bit,u16,"[4,32,64]",16384,"[16384,128,256]",1073741824,16,15,4096,4096,32,4,3.0,2.0,32.0,true,,"{""allocated_cpus"":8,""arrival_bytes_per_s"":null,""backend"":""gpu"",""chunk_depth"":4,""completion_pause_ms"":null,""data_issue"":null,""dataset_version"":1,""dtype"":""u16"",""hostname"":""cw-us-e4a2-l40-202-189"",""input_id"":""bbbc022-mito"",""input_sha256"":""1eff677d3f7d6785bdc8e65079613d6ba2c801a19f33503517a12b8df54affc7"",""io_workers"":32,""logical_spatial_shape"":[520,696],""memory_budget_bytes"":0,""minimum_logical_gib"":32.0,""nconnect"":16,""output_buffers"":4,""requested_duration_s"":3.0,""requested_warmup_s"":2.0,""sink"":""fs"",""source_order"":""cyclic"",""storage_type"":""nfs"",""study_id"":""reef-l40-final-confirmation-3704091"",""timing_policy"":""coverage-qualified-through-final-close-v2"",""worker_threads"":4}",/mnt/main0/home/nclack/tmp/2026-09-07-chucky-microscopy-pr/worktree/build-microscopy-confirmation-3rounds-20260916/run-3704091/confirmation/study.json,7b53c0b34f5e549f7743,15f36c0c355c6df9491c,7456d44092f38131,sample,3,3,0,0,"[""reef-l40-final-confirmation-3704091/execution-0075"",""reef-l40-final-confirmation-3704091/execution-0143"",""reef-l40-final-confirmation-3704091/execution-0236""]",5.889656293471111,5.442829968611402,6.3211384901106475,103086397440,70873206784,1.4545185990267946,0.6875126936631069,738211133.7169776,5.06273173,5.879704162,0.01892889849014378,34362132480,34362132480,false,true,,true,false,false,32.63146647060005,measured_shard_write_bytes_per_logical_byte,13,"[16384,65536,262144]",1.4545185990267946,1.7537721345244226,False
reef-l40-final-confirmation-3704091,retained_study,partially_selected_in_current_report,complete,bbbc022-mito,1,1eff677d3f7d6785bdc8e65079613d6ba2c801a19f33503517a12b8df54affc7,reef-l40,cw-us-e4a2-l40-202-189,gpu,8,4,fs,nfs,16,blosc-lz4,3,bit,u16,"[4,32,64]",16384,"[16384,128,256]",1073741824,16,15,16384,16384,32,4,3.0,2.0,32.0,true,,"{""allocated_cpus"":8,""arrival_bytes_per_s"":null,""backend"":""gpu"",""chunk_depth"":4,""completion_pause_ms"":null,""data_issue"":null,""dataset_version"":1,""dtype"":""u16"",""hostname"":""cw-us-e4a2-l40-202-189"",""input_id"":""bbbc022-mito"",""input_sha256"":""1eff677d3f7d6785bdc8e65079613d6ba2c801a19f33503517a12b8df54affc7"",""io_workers"":32,""logical_spatial_shape"":[520,696],""memory_budget_bytes"":0,""minimum_logical_gib"":32.0,""nconnect"":16,""output_buffers"":4,""requested_duration_s"":3.0,""requested_warmup_s"":2.0,""sink"":""fs"",""source_order"":""cyclic"",""storage_type"":""nfs"",""study_id"":""reef-l40-final-confirmation-3704091"",""timing_policy"":""coverage-qualified-through-final-close-v2"",""worker_threads"":4}",/mnt/main0/home/nclack/tmp/2026-09-07-chucky-microscopy-pr/worktree/build-microscopy-confirmation-3rounds-20260916/run-3704091/confirmation/study.json,c95c83a860feaeb0aa5f,15f36c0c355c6df9491c,cf33c61c7af2356a,sample,3,3,0,0,"[""reef-l40-final-confirmation-3704091/execution-0039"",""reef-l40-final-confirmation-3704091/execution-0107"",""reef-l40-final-confirmation-3704091/execution-0229""]",6.3285697021378295,5.2296540691328115,6.383567511316514,103086397440,71711744000,1.4375106738444403,0.6956470085370752,746945287.8067427,5.013220154000001,6.119378087,0.015128795227847474,34362132480,34362132480,false,true,,true,false,false,34.2006972941355,measured_shard_write_bytes_per_logical_byte,13,"[16384,65536,262144]",1.4375106738444403,1.7537721345244226,False
reef-l40-final-confirmation-3704091,retained_study,partially_selected_in_current_report,complete,bbbc022-mito,1,1eff677d3f7d6785bdc8e65079613d6ba2c801a19f33503517a12b8df54affc7,reef-l40,cw-us-e4a2-l40-202-189,gpu,8,4,fs,nfs,16,blosc-lz4,3,bit,u16,"[4,64,128]",65536,"[16384,128,256]",1073741824,16,15,16384,16384,32,4,3.0,2.0,32.0,true,,"{""allocated_cpus"":8,""arrival_bytes_per_s"":null,""backend"":""gpu"",""chunk_depth"":4,""completion_pause_ms"":null,""data_issue"":null,""dataset_version"":1,""dtype"":""u16"",""hostname"":""cw-us-e4a2-l40-202-189"",""input_id"":""bbbc022-mito"",""input_sha256"":""1eff677d3f7d6785bdc8e65079613d6ba2c801a19f33503517a12b8df54affc7"",""io_workers"":32,""logical_spatial_shape"":[520,696],""memory_budget_bytes"":0,""minimum_logical_gib"":32.0,""nconnect"":16,""output_buffers"":4,""requested_duration_s"":3.0,""requested_warmup_s"":2.0,""sink"":""fs"",""source_order"":""cyclic"",""storage_type"":""nfs"",""study_id"":""reef-l40-final-confirmation-3704091"",""timing_policy"":""coverage-qualified-through-final-close-v2"",""worker_threads"":4}",/mnt/main0/home/nclack/tmp/2026-09-07-chucky-microscopy-pr/worktree/build-microscopy-confirmation-3rounds-20260916/run-3704091/confirmation/study.json,093f364bf110e822c271,15f36c0c355c6df9491c,d3a0f611bae43d1c,sample,3,3,0,0,"[""reef-l40-final-confirmation-3704091/execution-0056"",""reef-l40-final-confirmation-3704091/execution-0146"",""reef-l40-final-confirmation-3704091/execution-0226""]",5.890867633756004,4.890105135243561,6.335209456132111,103082054400,76628369408,1.3452205129297483,0.74337254776327,798190195.3468606,5.051274157000001,6.5440066770000005,0.006738519956913365,34360684800,34360684800,true,true,,false,false,false,43.40766658214132,measured_shard_write_bytes_per_logical_byte,13,"[16384,65536,262144]",1.3452205129297483,1.7537721345244226,False
reef-l40-final-confirmation-3704091,retained_study,partially_selected_in_current_report,complete,bbbc022-mito,1,1eff677d3f7d6785bdc8e65079613d6ba2c801a19f33503517a12b8df54affc7,reef-l40,cw-us-e4a2-l40-202-189,gpu,8,4,fs,nfs,16,blosc-lz4,3,bit,u16,"[4,64,128]",65536,"[16384,128,256]",1073741824,16,15,65536,65536,32,4,3.0,2.0,32.0,true,,"{""allocated_cpus"":8,""arrival_bytes_per_s"":null,""backend"":""gpu"",""chunk_depth"":4,""completion_pause_ms"":null,""data_issue"":null,""dataset_version"":1,""dtype"":""u16"",""hostname"":""cw-us-e4a2-l40-202-189"",""input_id"":""bbbc022-mito"",""input_sha256"":""1eff677d3f7d6785bdc8e65079613d6ba2c801a19f33503517a12b8df54affc7"",""io_workers"":32,""logical_spatial_shape"":[520,696],""memory_budget_bytes"":0,""minimum_logical_gib"":32.0,""nconnect"":16,""output_buffers"":4,""requested_duration_s"":3.0,""requested_warmup_s"":2.0,""sink"":""fs"",""source_order"":""cyclic"",""storage_type"":""nfs"",""study_id"":""reef-l40-final-confirmation-3704091"",""timing_policy"":""coverage-qualified-through-final-close-v2"",""worker_threads"":4}",/mnt/main0/home/nclack/tmp/2026-09-07-chucky-microscopy-pr/worktree/build-microscopy-confirmation-3rounds-20260916/run-3704091/confirmation/study.json,7c97bc39e038f1b9a35a,15f36c0c355c6df9491c,162326c020058f16,sample,3,3,0,0,"[""reef-l40-final-confirmation-3704091/execution-0014"",""reef-l40-final-confirmation-3704091/execution-0171"",""reef-l40-final-confirmation-3704091/execution-0215""]",5.925741407118782,5.580457253132811,6.485854808751552,103082054400,72460075008,1.4226048536193092,0.7029358837458327,754771657.9683024,4.933950149,5.734455228000001,0.011244166435403198,34360684800,34360684800,true,true,,false,false,false,35.60683017978143,measured_shard_write_bytes_per_logical_byte,13,"[16384,65536,262144]",1.4226048536193092,1.7537721345244226,False
reef-l40-final-confirmation-3704091,retained_study,partially_selected_in_current_report,complete,bbbc022-mito,1,1eff677d3f7d6785bdc8e65079613d6ba2c801a19f33503517a12b8df54affc7,reef-l40,cw-us-e4a2-l40-202-189,gpu,8,4,fs,nfs,16,blosc-lz4,3,bit,u16,"[4,128,256]",262144,"[16384,128,256]",1073741824,16,15,16384,16384,32,4,3.0,2.0,32.0,true,,"{""allocated_cpus"":8,""arrival_bytes_per_s"":null,""backend"":""gpu"",""chunk_depth"":4,""completion_pause_ms"":null,""data_issue"":null,""dataset_version"":1,""dtype"":""u16"",""hostname"":""cw-us-e4a2-l40-202-189"",""input_id"":""bbbc022-mito"",""input_sha256"":""1eff677d3f7d6785bdc8e65079613d6ba2c801a19f33503517a12b8df54affc7"",""io_workers"":32,""logical_spatial_shape"":[520,696],""memory_budget_bytes"":0,""minimum_logical_gib"":32.0,""nconnect"":16,""output_buffers"":4,""requested_duration_s"":3.0,""requested_warmup_s"":2.0,""sink"":""fs"",""source_order"":""cyclic"",""storage_type"":""nfs"",""study_id"":""reef-l40-final-confirmation-3704091"",""timing_policy"":""coverage-qualified-through-final-close-v2"",""worker_threads"":4}",/mnt/main0/home/nclack/tmp/2026-09-07-chucky-microscopy-pr/worktree/build-microscopy-confirmation-3rounds-20260916/run-3704091/confirmation/study.json,765fa5c206f94e4ca5cf,15f36c0c355c6df9491c,9bdf045da4a44e94,sample,3,3,0,0,"[""reef-l40-final-confirmation-3704091/execution-0033"",""reef-l40-final-confirmation-3704091/execution-0118"",""reef-l40-final-confirmation-3704091/execution-0224""]",6.172926391536313,5.059534525437461,6.336643392124533,103082054400,75012435968,1.3741995319812623,0.7276963619382425,781358018.9857327,5.050131481,6.324866738,0.011066956016552203,34360684800,34360684800,true,true,,false,false,false,40.38349621582971,measured_shard_write_bytes_per_logical_byte,13,"[16384,65536,262144]",1.3741995319812623,1.7537721345244226,False
reef-l40-final-confirmation-3704091,retained_study,partially_selected_in_current_report,complete,bbbc022-mito,1,1eff677d3f7d6785bdc8e65079613d6ba2c801a19f33503517a12b8df54affc7,reef-l40,cw-us-e4a2-l40-202-189,gpu,8,4,fs,nfs,16,blosc-lz4,3,bit,u16,"[4,128,256]",262144,"[16384,128,256]",1073741824,16,15,65536,65536,32,4,3.0,2.0,32.0,true,,"{""allocated_cpus"":8,""arrival_bytes_per_s"":null,""backend"":""gpu"",""chunk_depth"":4,""completion_pause_ms"":null,""data_issue"":null,""dataset_version"":1,""dtype"":""u16"",""hostname"":""cw-us-e4a2-l40-202-189"",""input_id"":""bbbc022-mito"",""input_sha256"":""1eff677d3f7d6785bdc8e65079613d6ba2c801a19f33503517a12b8df54affc7"",""io_workers"":32,""logical_spatial_shape"":[520,696],""memory_budget_bytes"":0,""minimum_logical_gib"":32.0,""nconnect"":16,""output_buffers"":4,""requested_duration_s"":3.0,""requested_warmup_s"":2.0,""sink"":""fs"",""source_order"":""cyclic"",""storage_type"":""nfs"",""study_id"":""reef-l40-final-confirmation-3704091"",""timing_policy"":""coverage-qualified-through-final-close-v2"",""worker_threads"":4}",/mnt/main0/home/nclack/tmp/2026-09-07-chucky-microscopy-pr/worktree/build-microscopy-confirmation-3rounds-20260916/run-3704091/confirmation/study.json,f47205abd78e84b47971,15f36c0c355c6df9491c,0b11036a3711bbe2,sample,3,3,0,0,"[""reef-l40-final-confirmation-3704091/execution-0053"",""reef-l40-final-confirmation-3704091/execution-0094"",""reef-l40-final-confirmation-3704091/execution-0211""]",5.41813507198253,5.362269709908287,5.552166372651899,103082054400,75449954304,1.3662308393808407,0.7319407315188317,785915376.1209246,5.763674716000001,5.967786881,0.009601701818177346,34360684800,34360684800,true,true,,false,false,false,41.20229849672636,measured_shard_write_bytes_per_logical_byte,13,"[16384,65536,262144]",1.3662308393808407,1.7537721345244226,False
reef-l40-final-confirmation-3704091,retained_study,partially_selected_in_current_report,complete,bbbc022-mito,1,1eff677d3f7d6785bdc8e65079613d6ba2c801a19f33503517a12b8df54affc7,reef-l40,cw-us-e4a2-l40-202-189,gpu,8,4,fs,nfs,16,blosc-zstd,3,bit,u16,"[4,64,128]",65536,"[16384,128,256]",1073741824,16,15,65536,65536,32,4,3.0,2.0,32.0,true,,"{""allocated_cpus"":8,""arrival_bytes_per_s"":null,""backend"":""gpu"",""chunk_depth"":4,""completion_pause_ms"":null,""data_issue"":null,""dataset_version"":1,""dtype"":""u16"",""hostname"":""cw-us-e4a2-l40-202-189"",""input_id"":""bbbc022-mito"",""input_sha256"":""1eff677d3f7d6785bdc8e65079613d6ba2c801a19f33503517a12b8df54affc7"",""io_workers"":32,""logical_spatial_shape"":[520,696],""memory_budget_bytes"":0,""minimum_logical_gib"":32.0,""nconnect"":16,""output_buffers"":4,""requested_duration_s"":3.0,""requested_warmup_s"":2.0,""sink"":""fs"",""source_order"":""cyclic"",""storage_type"":""nfs"",""study_id"":""reef-l40-final-confirmation-3704091"",""timing_policy"":""coverage-qualified-through-final-close-v2"",""worker_threads"":4}",/mnt/main0/home/nclack/tmp/2026-09-07-chucky-microscopy-pr/worktree/build-microscopy-confirmation-3rounds-20260916/run-3704091/confirmation/study.json,c45d85eaa0d226045586,15f36c0c355c6df9491c,faba1d726dd769ab,sample,3,3,0,0,"[""reef-l40-final-confirmation-3704091/execution-0066"",""reef-l40-final-confirmation-3704091/execution-0123"",""reef-l40-final-confirmation-3704091/execution-0255""]",4.192151342613172,4.171846968917442,4.198813707361538,103082054400,54055919616,1.906952191957322,0.5243969954871214,563066986.4344615,7.621410375,7.6706748870000006,0.013117534236856531,34360684800,34360684800,true,true,,true,true,false,1.1640121925007105,measured_shard_write_bytes_per_logical_byte,13,"[16384,65536,262144]",1.906952191957322,1.7537721345244226,True
reef-l40-final-confirmation-3704091,retained_study,partially_selected_in_current_report,complete,bbbc022-mito,1,1eff677d3f7d6785bdc8e65079613d6ba2c801a19f33503517a12b8df54affc7,reef-l40,cw-us-e4a2-l40-202-189,gpu,8,4,fs,nfs,16,blosc-zstd,3,bit,u16,"[4,128,256]",262144,"[16384,128,256]",1073741824,16,15,65536,65536,32,4,3.0,2.0,32.0,true,,"{""allocated_cpus"":8,""arrival_bytes_per_s"":null,""backend"":""gpu"",""chunk_depth"":4,""completion_pause_ms"":null,""data_issue"":null,""dataset_version"":1,""dtype"":""u16"",""hostname"":""cw-us-e4a2-l40-202-189"",""input_id"":""bbbc022-mito"",""input_sha256"":""1eff677d3f7d6785bdc8e65079613d6ba2c801a19f33503517a12b8df54affc7"",""io_workers"":32,""logical_spatial_shape"":[520,696],""memory_budget_bytes"":0,""minimum_logical_gib"":32.0,""nconnect"":16,""output_buffers"":4,""requested_duration_s"":3.0,""requested_warmup_s"":2.0,""sink"":""fs"",""source_order"":""cyclic"",""storage_type"":""nfs"",""study_id"":""reef-l40-final-confirmation-3704091"",""timing_policy"":""coverage-qualified-through-final-close-v2"",""worker_threads"":4}",/mnt/main0/home/nclack/tmp/2026-09-07-chucky-microscopy-pr/worktree/build-microscopy-confirmation-3rounds-20260916/run-3704091/confirmation/study.json,f881343f300fb40229fd,15f36c0c355c6df9491c,02d08e0342f338b3,sample,3,3,0,0,"[""reef-l40-final-confirmation-3704091/execution-0068"",""reef-l40-final-confirmation-3704091/execution-0121"",""reef-l40-final-confirmation-3704091/execution-0190""]",4.2144755799346205,4.172451208461743,4.224535807671163,103082054400,54661369856,1.8858300600873987,0.5302704740816652,569373586.0537919,7.575005340000001,7.669563727000001,0.010001720717727595,34360684800,34360684800,true,true,,true,true,true,2.2970939326027358,measured_shard_write_bytes_per_logical_byte,13,"[16384,65536,262144]",1.8858300600873987,1.7537721345244226,True
reef-l40-final-confirmation-3704091,retained_study,partially_selected_in_current_report,complete,bbbc022-mito,1,1eff677d3f7d6785bdc8e65079613d6ba2c801a19f33503517a12b8df54affc7,reef-l40,cw-us-e4a2-l40-202-189,gpu,8,4,fs,nfs,16,blosc-zstd,3,bit,u16,"[4,128,256]",262144,"[16384,128,256]",1073741824,16,15,262144,262144,32,4,3.0,2.0,32.0,true,,"{""allocated_cpus"":8,""arrival_bytes_per_s"":null,""backend"":""gpu"",""chunk_depth"":4,""completion_pause_ms"":null,""data_issue"":null,""dataset_version"":1,""dtype"":""u16"",""hostname"":""cw-us-e4a2-l40-202-189"",""input_id"":""bbbc022-mito"",""input_sha256"":""1eff677d3f7d6785bdc8e65079613d6ba2c801a19f33503517a12b8df54affc7"",""io_workers"":32,""logical_spatial_shape"":[520,696],""memory_budget_bytes"":0,""minimum_logical_gib"":32.0,""nconnect"":16,""output_buffers"":4,""requested_duration_s"":3.0,""requested_warmup_s"":2.0,""sink"":""fs"",""source_order"":""cyclic"",""storage_type"":""nfs"",""study_id"":""reef-l40-final-confirmation-3704091"",""timing_policy"":""coverage-qualified-through-final-close-v2"",""worker_threads"":4}",/mnt/main0/home/nclack/tmp/2026-09-07-chucky-microscopy-pr/worktree/build-microscopy-confirmation-3rounds-20260916/run-3704091/confirmation/study.json,76d8bc12b1c3224e58fe,15f36c0c355c6df9491c,0af03e8507bcc1ad,sample,3,3,0,0,"[""reef-l40-final-confirmation-3704091/execution-0022"",""reef-l40-final-confirmation-3704091/execution-0174"",""reef-l40-final-confirmation-3704091/execution-0185""]",2.758598671475221,2.749373469871716,2.762141678749773,103082054400,53433942016,1.9291493479768649,0.5183631848144462,556588231.5571126,11.58553245,11.63933526,0.00655749913332641,34360684800,34360684800,true,true,,true,true,false,0.0,measured_shard_write_bytes_per_logical_byte,13,"[16384,65536,262144]",1.9291493479768649,1.7537721345244226,True
reef-l40-final-confirmation-3704091,retained_study,partially_selected_in_current_report,complete,bbbc022-mito,1,1eff677d3f7d6785bdc8e65079613d6ba2c801a19f33503517a12b8df54affc7,reef-l40,cw-us-e4a2-l40-202-189,gpu,8,4,fs,nfs,16,lz4,1,none,u16,"[4,64,128]",65536,"[16384,128,256]",1073741824,16,15,,,32,4,3.0,2.0,32.0,true,,"{""allocated_cpus"":8,""arrival_bytes_per_s"":null,""backend"":""gpu"",""chunk_depth"":4,""completion_pause_ms"":null,""data_issue"":null,""dataset_version"":1,""dtype"":""u16"",""hostname"":""cw-us-e4a2-l40-202-189"",""input_id"":""bbbc022-mito"",""input_sha256"":""1eff677d3f7d6785bdc8e65079613d6ba2c801a19f33503517a12b8df54affc7"",""io_workers"":32,""logical_spatial_shape"":[520,696],""memory_budget_bytes"":0,""minimum_logical_gib"":32.0,""nconnect"":16,""output_buffers"":4,""requested_duration_s"":3.0,""requested_warmup_s"":2.0,""sink"":""fs"",""source_order"":""cyclic"",""storage_type"":""nfs"",""study_id"":""reef-l40-final-confirmation-3704091"",""timing_policy"":""coverage-qualified-through-final-close-v2"",""worker_threads"":4}",/mnt/main0/home/nclack/tmp/2026-09-07-chucky-microscopy-pr/worktree/build-microscopy-confirmation-3rounds-20260916/run-3704091/confirmation/study.json,0105a2f1375d76a918dc,15f36c0c355c6df9491c,51513cfd80e88103,sample,3,3,0,0,"[""reef-l40-final-confirmation-3704091/execution-0092"",""reef-l40-final-confirmation-3704091/execution-0115"",""reef-l40-final-confirmation-3704091/execution-0196""]",5.0889932102901785,4.9341743124171185,5.1094510996353915,103082054400,89221627904,1.1553482806984137,0.8655398694110621,929366358.1261556,6.2630762650000005,6.4855594750000005,0.013847244227145106,34360684800,34360684800,true,true,,false,false,false,66.97556747223311,measured_shard_write_bytes_per_logical_byte,13,"[16384,65536,262144]",1.1553482806984137,1.7537721345244226,False
reef-l40-final-confirmation-3704091,retained_study,partially_selected_in_current_report,complete,bbbc022-mito,1,1eff677d3f7d6785bdc8e65079613d6ba2c801a19f33503517a12b8df54affc7,reef-l40,cw-us-e4a2-l40-202-189,gpu,8,4,fs,nfs,16,none,0,none,u16,"[4,32,64]",16384,"[16384,128,256]",1073741824,16,15,,,32,4,3.0,2.0,32.0,true,,"{""allocated_cpus"":8,""arrival_bytes_per_s"":null,""backend"":""gpu"",""chunk_depth"":4,""completion_pause_ms"":null,""data_issue"":null,""dataset_version"":1,""dtype"":""u16"",""hostname"":""cw-us-e4a2-l40-202-189"",""input_id"":""bbbc022-mito"",""input_sha256"":""1eff677d3f7d6785bdc8e65079613d6ba2c801a19f33503517a12b8df54affc7"",""io_workers"":32,""logical_spatial_shape"":[520,696],""memory_budget_bytes"":0,""minimum_logical_gib"":32.0,""nconnect"":16,""output_buffers"":4,""requested_duration_s"":3.0,""requested_warmup_s"":2.0,""sink"":""fs"",""source_order"":""cyclic"",""storage_type"":""nfs"",""study_id"":""reef-l40-final-confirmation-3704091"",""timing_policy"":""coverage-qualified-through-final-close-v2"",""worker_threads"":4}",/mnt/main0/home/nclack/tmp/2026-09-07-chucky-microscopy-pr/worktree/build-microscopy-confirmation-3rounds-20260916/run-3704091/confirmation/study.json,c8f0513b1a77a15f8b46,15f36c0c355c6df9491c,e2a47905f25a33f3,sample,3,3,0,0,"[""reef-l40-final-confirmation-3704091/execution-0031"",""reef-l40-final-confirmation-3704091/execution-0103"",""reef-l40-final-confirmation-3704091/execution-0201""]",4.921679692002685,4.706922384228054,5.174048825282391,103086397440,109257510912,0.9435177186402275,1.0598635089134025,1138019777.251717,6.1851424790000005,6.798971066000001,0.01152881505732238,34362132480,34362132480,false,true,,false,false,false,104.46349971647626,measured_shard_write_bytes_per_logical_byte,13,"[16384,65536,262144]",0.9435177186402275,1.7537721345244226,False
reef-l40-final-confirmation-3704091,retained_study,partially_selected_in_current_report,complete,bbbc022-mito,1,1eff677d3f7d6785bdc8e65079613d6ba2c801a19f33503517a12b8df54affc7,reef-l40,cw-us-e4a2-l40-202-189,gpu,8,4,fs,nfs,16,none,0,none,u16,"[4,64,128]",65536,"[16384,128,256]",1073741824,16,15,,,32,4,3.0,2.0,32.0,true,,"{""allocated_cpus"":8,""arrival_bytes_per_s"":null,""backend"":""gpu"",""chunk_depth"":4,""completion_pause_ms"":null,""data_issue"":null,""dataset_version"":1,""dtype"":""u16"",""hostname"":""cw-us-e4a2-l40-202-189"",""input_id"":""bbbc022-mito"",""input_sha256"":""1eff677d3f7d6785bdc8e65079613d6ba2c801a19f33503517a12b8df54affc7"",""io_workers"":32,""logical_spatial_shape"":[520,696],""memory_budget_bytes"":0,""minimum_logical_gib"":32.0,""nconnect"":16,""output_buffers"":4,""requested_duration_s"":3.0,""requested_warmup_s"":2.0,""sink"":""fs"",""source_order"":""cyclic"",""storage_type"":""nfs"",""study_id"":""reef-l40-final-confirmation-3704091"",""timing_policy"":""coverage-qualified-through-final-close-v2"",""worker_threads"":4}",/mnt/main0/home/nclack/tmp/2026-09-07-chucky-microscopy-pr/worktree/build-microscopy-confirmation-3rounds-20260916/run-3704091/confirmation/study.json,3d60802ff01537082c19,15f36c0c355c6df9491c,85a0a2497e75ba9a,sample,3,3,0,0,"[""reef-l40-final-confirmation-3704091/execution-0018"",""reef-l40-final-confirmation-3704091/execution-0138"",""reef-l40-final-confirmation-3704091/execution-0258""]",3.678596696661158,3.390725737690242,4.037841968937226,103082054400,126048485376,0.8177968508904203,1.222797567526943,1312968890.5391428,7.925244054000001,9.437767730000001,0.01487406312763749,34360684800,34360684800,true,true,,false,false,false,135.8959130102298,measured_shard_write_bytes_per_logical_byte,13,"[16384,65536,262144]",0.8177968508904203,1.7537721345244226,False
reef-l40-final-confirmation-3704091,retained_study,partially_selected_in_current_report,complete,bbbc022-mito,1,1eff677d3f7d6785bdc8e65079613d6ba2c801a19f33503517a12b8df54affc7,reef-l40,cw-us-e4a2-l40-202-189,gpu,8,4,fs,nfs,16,zstd,3,none,u16,"[4,64,128]",65536,"[16384,128,256]",1073741824,16,15,,,32,4,3.0,2.0,32.0,true,,"{""allocated_cpus"":8,""arrival_bytes_per_s"":null,""backend"":""gpu"",""chunk_depth"":4,""completion_pause_ms"":null,""data_issue"":null,""dataset_version"":1,""dtype"":""u16"",""hostname"":""cw-us-e4a2-l40-202-189"",""input_id"":""bbbc022-mito"",""input_sha256"":""1eff677d3f7d6785bdc8e65079613d6ba2c801a19f33503517a12b8df54affc7"",""io_workers"":32,""logical_spatial_shape"":[520,696],""memory_budget_bytes"":0,""minimum_logical_gib"":32.0,""nconnect"":16,""output_buffers"":4,""requested_duration_s"":3.0,""requested_warmup_s"":2.0,""sink"":""fs"",""source_order"":""cyclic"",""storage_type"":""nfs"",""study_id"":""reef-l40-final-confirmation-3704091"",""timing_policy"":""coverage-qualified-through-final-close-v2"",""worker_threads"":4}",/mnt/main0/home/nclack/tmp/2026-09-07-chucky-microscopy-pr/worktree/build-microscopy-confirmation-3rounds-20260916/run-3704091/confirmation/study.json,21b2cb6cdde95118af87,15f36c0c355c6df9491c,7e7a2cd69de82a1f,sample,3,3,0,0,"[""reef-l40-final-confirmation-3704091/execution-0086"",""reef-l40-final-confirmation-3704091/execution-0095"",""reef-l40-final-confirmation-3704091/execution-0218""]",2.941481373874051,2.931614652506648,2.9459978432353577,103082054400,65059995648,1.5844153288560638,0.6311476427850472,677689621.177317,10.862493404,10.915786471,0.009882174691892476,34360684800,34360684800,true,true,,false,false,false,21.75780635559089,measured_shard_write_bytes_per_logical_byte,13,"[16384,65536,262144]",1.5844153288560638,1.7537721345244226,False
